# check-update test vectors — GENERATED, do not edit.
# regenerate: cargo run -p aleph-qec --example qec_q7_bp_graph -- vectors > hw/bp_check_vectors.txt
# format: header 'T BP_C BP_E'; then per test: line 's' (BP_C bits), line 'm' (BP_E ints), line 'e' (BP_E ints)
256 72 432
s 011011110111110101010000101110101100110001110001011011110011110111000001
m 91 117 20 -68 -44 -96 -109 13 -7 93 93 -74 -71 74 -38 -44 32 27 32 -57 2 -62 -38 69 -92 -25 47 -94 -18 -43 73 -110 93 -7 29 -91 64 42 82 -24 -16 60 -29 64 49 -98 114 57 -115 -68 -86 45 -32 -20 -80 21 0 -66 -111 22 -18 32 86 -88 -78 -82 110 -73 -103 97 38 -58 115 -23 109 15 93 -108 46 94 71 66 59 -48 74 115 123 8 126 98 -10 32 126 25 -35 49 93 -1 -25 -127 -2 -30 -94 117 -44 -17 -81 64 -114 80 19 32 118 77 -34 -108 -81 105 -53 88 3 -46 21 -33 -60 69 -62 -102 45 104 115 122 54 -123 -60 -107 95 -47 -91 26 -24 -102 2 57 26 83 82 -71 -124 22 -110 9 -7 83 -119 -16 -120 102 36 -95 -19 -40 -10 72 27 39 101 -60 -21 -102 -25 -118 -102 -94 88 -59 54 -72 -81 8 -47 87 116 4 -34 36 -110 74 103 114 100 67 18 -60 -36 21 -115 114 95 103 25 -48 -8 47 49 -68 11 -50 -116 -85 -112 64 -126 -69 -100 -34 115 23 -84 119 -92 -83 -104 -89 61 117 43 -108 72 125 -22 51 -93 48 52 28 42 -97 -80 -101 -53 7 127 113 94 31 5 71 106 -125 -109 79 90 -27 9 -30 82 106 -60 -47 -55 -44 -118 65 -37 78 127 75 -102 89 22 120 62 -105 -2 -3 -50 117 -20 84 24 105 -126 62 -43 -28 115 108 -6 -76 -18 112 -2 91 -108 48 -13 103 117 117 -39 73 19 -113 -17 -3 65 -101 -47 -36 -121 77 -5 -60 -49 22 33 -26 -99 -80 -20 -91 -81 14 19 -66 -31 76 -63 -2 114 -117 93 -108 -39 126 -21 -89 20 -51 -81 -92 -73 38 -109 -68 77 -37 113 55 119 -36 14 100 96 -126 -69 -40 -25 102 -32 55 -77 -75 -87 -41 33 -81 -45 48 -65 97 -30 45 -91 -80 125 81 6 52 -9 -3 -6 84 -72 33 9 -18 -106 -66 -53 122 75 -43 73 -38 -62 113 -107 -69 -24 -75 86 -55 103 -61 53 -107 38 35 -126 64 -88 -88 -5 36 125 -16 115 -21 100 -11 127 -127 -113 -14 73 -20 -33 -5 -71 60
e 5 39 5 46 -66 -14 46 27 34 12 -16 -8 16 -39 -7 39 5 5 -26 7 -21 -20 7 -81 -20 -14 10 -14 -41 -32 16 -7 -18 -25 -28 -32 -28 -14 7 6 15 10 6 -2 -53 2 78 -28 -78 8 -19 -8 35 -22 46 -3 15 -12 28 0 45 -57 -2 39 2 -5 5 -5 20 39 -20 3 20 19 -12 22 -17 12 16 -17 -17 7 -17 -3 -26 3 16 -7 16 -19 6 56 35 -2 -1 35 78 -23 -2 8 -18 -13 28 13 -32 14 -32 28 28 -2 22 -2 9 17 -5 -9 -18 -20 -18 -19 -3 19 -13 0 13 -2 17 16 19 -17 -6 19 3 6 3 -16 -3 -23 19 42 -2 12 16 -16 1 34 -20 -2 -8 -40 -13 46 6 32 6 -29 -28 14 -17 -35 32 -34 -28 7 5 18 5 -5 29 -5 -14 13 -14 7 -2 7 8 -17 -8 31 6 -18 32 -3 2 63 -23 -2 -61 2 -61 10 -33 -10 -38 38 -32 -18 8 19 18 6 -13 18 14 -7 29 17 -10 43 -34 -43 28 20 28 -19 -39 -2 -7 5 61 -10 -39 -10 -43 -46 32 28 12 -18 -19 -16 -32 18 -60 7 7 -12 26 -10 16 -7 -43 -39 20 -50 28 14 19 -39 -16 18 -46 -20 -21 -12 14 -28 16 -16 14 39 -7 -6 -5 -26 -2 39 7 82 24 -6 -20 -14 22 3 -16 78 0 7 -8 -28 26 -28 2 7 -14 5 9 28 -29 -2 28 -19 -78 5 45 -8 -20 -17 28 -3 -52 14 0 -42 -28 17 -32 2 17 28 -30 -3 -35 -34 16 -1 3 19 -2 0 12 27 -55 -1 13 -17 -2 27 3 -13 17 -16 -32 9 21 -28 35 12 -35 19 -1 9 -2 -2 18 16 13 -19 19 -35 -19 -6 28 2 3 -43 -17 23 -9 -6 17 -18 3 -34 -19 -23 20 -13 -2 8 2 -16 6 -17 19 14 -42 8 -47 4 7 7 -23 14 5 -2 17 -5 16 34 14 -19 -20 7 -8 5 -32 6 -14 18 14 7 32 17 8 2 35 7 61 -20 -5 -10 -18 -2 -28 -21 -61 -20 -7 -42 18 -8 -32 -7 7 66 -10 -8 -32 -43
s 111111100001110001101001011000000111010101101111101001010100001110110100
m 61 -58 93 94 57 13 10 -105 -61 -96 125 -76 -101 -9 26 -11 -9 5 102 107 44 83 -18 46 -74 88 12 73 -27 106 10 18 101 -94 -100 -104 -4 -8 -103 105 -71 -44 23 93 85 -4 13 3 -40 78 -80 -57 83 -77 -76 -107 -34 -92 -10 -71 91 -13 -90 -82 -33 -11 -13 126 61 -17 126 12 123 127 76 46 34 -118 105 98 -23 -20 21 96 -86 98 1 69 -83 -46 -7 -57 119 -107 120 122 106 107 82 -13 -54 9 -95 61 46 108 -105 73 121 1 20 -123 -105 109 -68 -116 -10 6 -50 -114 -35 -58 61 114 -112 -108 -107 -9 125 71 79 -3 120 -21 -77 98 -39 111 -56 -18 49 118 66 -122 -79 109 11 -107 45 -49 9 -61 -48 -123 71 -74 -114 86 -38 -107 96 -93 87 105 0 -25 75 -5 107 -47 126 -109 -82 -47 30 -120 122 90 -8 68 83 -114 109 -113 42 -72 -46 -107 -73 -109 8 94 -21 -125 -82 -123 127 -117 44 28 -78 106 -76 27 -109 96 76 -65 34 86 -117 127 -36 104 5 -18 86 39 -34 19 -22 -121 74 41 -111 -119 -111 47 70 -35 -13 80 101 100 -95 47 107 -48 -112 20 -77 -63 2 -93 -60 16 43 75 60 3 4 0 -82 -41 -80 -20 -120 -126 -84 91 64 117 -12 65 101 -50 -48 -19 -11 -40 -48 109 -14 -89 -88 -75 -67 78 125 -109 -62 -70 115 -70 3 65 -33 -73 114 -83 -4 89 -54 82 -115 -63 -112 -108 -50 108 7 -30 89 -11 -29 -101 1 84 -99 27 72 23 -29 24 110 -89 110 -15 43 -84 89 123 45 10 -25 -53 53 -32 39 -30 -56 -110 81 35 8 46 31 -86 -9 -112 -88 89 -55 -30 35 126 97 -1 -33 1 -35 -61 -50 -114 -33 118 113 69 123 67 -13 -106 -84 -70 -112 -9 55 92 55 25 -17 -106 68 88 121 5 46 127 20 7 7 10 47 -55 -108 31 77 26 -87 -73 -11 45 126 -10 13 74 20 15 -35 -68 30 20 -126 60 -6 67 -7 -126 -100 81 -57 -39 120 49 126 -70 -102 -86 -78 -96 113 79 -58 -18 -87 -122 -4 -31 77 -50 -78 -43
e -8 -3 14 -9 3 -27 -67 -18 42 -18 68 7 -68 10 4 8 12 0 44 10 -35 -36 -10 7 36 41 36 41 -4 -31 4 11 -18 -11 -44 -6 -7 10 30 7 7 18 7 -4 2 42 -35 -5 12 -12 -12 12 4 0 9 -11 -26 -18 1 -26 68 1 -3 8 -3 -26 8 10 -6 -3 -6 27 -36 -28 -40 64 22 40 4 22 19 -11 -21 -21 -44 -21 4 10 -1 28 -21 21 -61 4 14 -61 -12 14 35 50 -35 8 -4 8 -7 -7 7 -21 -1 27 -5 -3 -12 -5 -10 -12 -8 -13 -8 -1 -11 -1 22 26 -22 -1 -22 -1 -3 -19 18 9 -21 -18 -9 1 -9 16 28 -41 -15 -40 -15 -1 -14 8 -12 -35 -7 10 8 7 -42 7 42 -28 21 28 -57 61 34 -8 12 4 5 -8 14 0 1 -14 -12 -22 12 53 1 42 -7 -5 7 4 18 18 6 -9 -35 -6 -16 35 -7 15 20 11 -1 -11 31 3 -31 18 -7 12 0 42 30 0 -28 -30 -18 -34 -18 2 -8 2 3 -10 -3 -12 -8 -37 67 -8 -7 18 3 11 -2 9 31 -3 18 18 -16 68 6 0 9 11 -30 -18 -44 -30 -70 -10 38 8 36 -3 -8 41 12 15 9 -24 9 42 12 -42 -41 -4 -68 4 -7 -8 -16 7 -8 -76 4 -3 -16 12 36 7 6 -41 4 -11 -4 -12 26 -11 12 1 44 -4 24 10 7 -10 7 1 -1 -4 -3 -28 12 -10 40 12 6 22 4 -11 -19 7 -30 21 -9 22 7 3 -19 -29 -10 -49 -61 6 1 -47 11 28 35 26 -67 8 -30 -14 22 19 48 -1 21 -8 -5 1 -41 12 -41 21 -9 40 61 1 -14 -12 -15 35 8 -8 -8 49 3 7 -22 -18 21 1 9 -77 -5 16 -27 -18 -34 -8 -9 -40 1 16 -10 44 23 7 1 1 42 -18 -3 28 19 -18 -7 35 42 -4 -16 65 0 -15 -34 -14 -1 8 -12 3 -10 -42 -7 42 72 -42 -12 -28 -28 -42 -63 34 7 35 -8 4 -7 10 0 11 14 35 3 12 -7 -12 -42 11 0 7 31 30 -23 18 -18 0 -6 -2
s 110000001001011011000100010010011001111110111001100010001100100010110101
m 61 95 -57 -96 -94 6 105 40 -45 -2 43 123 50 -46 4 83 -44 -40 -32 125 -3 7 19 -105 -14 -96 22 -27 -85 65 -11 -91 -49 -9 117 -87 -123 66 118 -63 114 -105 -66 -36 86 -99 53 -72 -49 -75 -101 9 -76 -95 -4 -22 -102 15 73 122 -42 14 -110 -86 65 86 6 16 -88 93 -2 -96 33 57 2 102 62 -8 43 -85 -120 83 108 -109 -69 80 -19 -42 89 20 48 50 -93 -62 -105 112 -16 66 104 44 -56 -76 88 -98 27 -88 -74 116 6 25 67 -105 -86 -105 43 -76 -95 25 8 61 110 -95 -24 54 -111 11 21 -9 -86 -46 -88 115 3 -88 -106 -40 -47 -114 -15 6 62 -106 -35 -49 -56 86 18 114 122 48 87 -72 -62 95 -25 86 15 35 112 87 60 -1 32 56 24 -125 -54 -31 -75 -97 -95 102 79 122 -84 -45 -26 -35 -11 -102 -44 -108 -38 108 -78 -52 35 -82 -54 95 -47 -71 124 78 -66 -106 46 -105 -82 -91 85 73 -110 59 105 -11 26 -87 -120 -118 46 -26 -57 55 48 -72 91 113 115 -58 -90 -96 119 -62 96 11 67 -30 -52 102 -58 -16 -90 -21 45 -55 -117 -37 -33 45 50 1 -80 -33 -46 -55 -122 -111 -73 -38 -73 117 7 -91 117 91 -7 -3 122 -82 12 127 -67 64 93 -31 114 -68 -109 -119 93 65 -54 -56 -10 -68 -22 109 -31 101 -80 -124 -85 -5 127 -107 -71 92 -12 -39 -103 123 -81 -83 -89 20 18 -70 107 -61 -121 60 -63 -73 -29 107 91 112 61 -49 10 122 81 -127 99 -89 -7 -114 -26 29 123 24 27 82 -40 -127 116 -18 -6 58 80 10 82 -101 -9 -73 -62 86 -69 -44 -23 98 -42 46 -127 108 -96 13 19 48 0 -28 69 71 -113 122 7 -124 -40 46 -33 0 -87 -92 85 -49 -126 3 -68 114 -35 101 -33 28 -56 36 107 -40 91 -94 -120 99 -79 -81 23 -100 -120 -67 -87 -113 61 107 45 -106 90 10 105 -91 -21 -21 75 71 -52 -76 -53 -20 -80 -10 -83 52 57 -124 -58 71 -111 -39 108 102 -124 -33 -37 -38 -27 -95 -34 14 111 -20 109 0 93 -97
e -6 -34 -48 4 34 -40 -4 2 9 -14 14 10 14 29 46 -29 6 0 28 1 -9 -13 1 42 7 7 -34 7 -10 -19 -20 -8 18 -49 -28 34 -3 11 10 11 11 -23 11 9 23 9 -14 27 14 8 -29 -39 -3 -19 7 -23 21 2 6 -21 -14 6 -43 29 43 14 -39 18 2 -34 22 -20 -7 14 -7 -7 -19 2 10 19 9 8 -9 -3 28 3 7 -1 -7 14 -11 -14 -21 9 37 21 43 -37 -6 -8 6 9 3 9 -8 -11 8 -14 13 -10 -31 -43 28 31 14 28 -7 -2 61 42 20 -42 61 -21 21 -22 -35 -12 0 9 0 0 70 0 7 7 7 -3 -18 3 31 2 -31 -8 37 1 42 -6 63 16 -9 -72 19 -8 19 -31 -44 -35 18 21 18 -41 -29 4 0 -7 -50 0 -42 -48 6 -21 -6 -9 10 9 -10 32 -23 -4 0 18 46 -7 -3 34 3 -3 42 31 48 20 8 -20 19 0 -19 18 -63 -29 19 -19 -10 19 -31 -13 40 -18 -23 -23 1 -70 27 16 -27 -29 -29 3 10 6 42 -23 -34 20 23 -4 -19 42 -2 -18 -29 -37 34 -24 -4 -8 -10 -2 28 23 14 17 -23 41 7 27 6 7 -29 60 -10 19 -4 7 -8 2 24 -5 14 -10 58 -29 -8 -11 -6 28 -9 34 -1 14 -7 -11 2 7 32 -20 -10 -14 21 8 8 -6 28 -3 43 -1 -11 14 42 -6 7 -9 -43 -14 14 14 -2 8 -2 19 -3 20 9 -11 21 3 6 -19 -8 -57 -16 -14 14 -3 21 2 17 37 -20 14 -6 -26 -2 -9 19 37 -21 9 49 -10 3 -17 -31 7 24 28 -14 -14 -7 2 -77 42 49 -28 -31 -6 -7 8 -9 54 76 8 -21 0 14 -10 -42 -21 31 3 28 39 -18 -7 -7 -1 -42 6 -16 -21 -31 63 10 8 19 -31 0 31 0 -63 -10 -7 19 -4 3 31 0 -31 -18 -48 8 1 -6 0 16 -33 63 -48 30 22 -6 -18 31 9 34 -53 -10 -3 -1 4 -42 -16 0 -20 -48 -3 -27 -6 42 -51 9 20 -19 -10 19 10 4 43 23 21 -34 -23
s 110111010111000010000010101000000110001000111101101010110011011010101101
m -112 76 -71 -101 31 -54 -37 125 -107 109 -30 -66 -25 -124 -51 56 102 82 9 -126 39 -53 -91 -105 6 -45 -120 56 -24 36 106 -50 23 -3 117 -35 -77 -45 111 125 35 -121 -121 0 15 114 -114 -61 105 94 80 109 114 8 16 26 7 81 -33 15 -73 -98 98 -76 49 -109 -92 -85 110 15 -35 -64 69 66 -66 -12 -81 118 68 -35 16 66 127 -76 117 -28 -11 31 -67 47 101 -31 37 -16 42 -34 -89 -68 5 86 53 94 64 127 0 -39 -127 -51 -68 47 -14 76 26 -72 -34 109 -83 105 113 -75 -108 -80 -117 -115 71 39 95 58 -14 -52 -29 -42 -95 47 -104 33 -104 115 41 41 -121 55 -24 -72 76 -6 88 54 -117 67 -112 3 3 85 6 77 98 3 -6 11 -30 -53 -82 124 -108 11 113 42 -96 -42 -97 111 -83 -90 11 -127 -38 94 -78 -111 66 90 85 3 -17 35 50 34 73 -70 44 48 -38 -42 54 125 46 79 120 -60 -67 -4 -102 -12 54 -29 44 -73 31 31 6 -8 104 -49 116 93 42 -89 -51 27 -98 -66 17 -72 17 -31 84 79 -71 68 -92 -10 50 99 27 109 3 101 -112 26 -46 2 121 44 -112 -90 -5 81 104 35 -113 18 -118 85 88 -80 -11 122 51 99 -49 34 76 18 -1 -74 -86 122 115 -11 9 66 62 -18 48 71 -26 90 -74 41 54 42 -86 104 -26 56 98 50 21 97 91 -16 40 -6 -84 -40 -81 52 6 -78 -93 126 -10 -110 27 -88 -19 0 -14 -91 116 -116 -21 -30 82 115 44 -96 -111 23 -56 118 31 -51 41 11 119 -49 -92 99 32 56 16 -22 -65 64 -42 -82 126 -10 94 127 47 -57 -115 -85 45 4 99 -65 94 33 96 123 -12 74 -46 126 58 84 -69 112 -50 -78 -82 21 -82 -95 89 51 37 40 -32 15 75 8 66 37 28 101 16 54 -116 121 60 87 0 27 78 -1 -106 4 119 46 -17 10 48 88 -126 -110 54 106 48 112 116 104 36 -22 -94 15 86 -45 126 -37 0 -32 -127 -26 36 -112 -95 39 -60 -84 -118 91 -70 108 88 -106 109 -43
e 1 -14 0 14 -14 23 14 -63 -9 -63 9 -14 9 30 -14 -30 -1 0 65 2 15 -6 2 32 8 10 33 -10 23 41 -21 3 -60 36 8 31 56 -31 3 -16 35 -23 16 -14 -7 0 -10 -70 10 46 -53 46 -56 11 -24 56 14 -63 -17 7 9 -17 23 30 23 19 1 19 -6 -15 6 -23 6 6 9 10 0 -9 -21 0 -9 -3 -9 -25 8 -27 20 -2 10 6 -16 -11 -10 0 10 10 -10 -10 -47 46 -5 45 -68 45 13 -31 0 -11 -17 -10 -7 23 -50 -7 19 -23 -10 -6 10 -57 -23 -57 45 -7 -45 -10 0 -4 37 9 -25 13 -25 25 3 -10 3 36 6 44 21 -9 24 4 10 -4 -15 -5 -3 -15 -45 35 -4 0 -3 -3 11 -33 -27 -30 -6 -4 23 14 0 40 0 0 -57 0 23 -45 23 -9 -28 -9 -14 7 -14 -14 25 -21 -31 -41 -20 -31 36 15 -32 21 -32 -33 4 33 32 -13 32 -21 3 70 -7 3 -3 -7 -3 -3 23 -6 23 -7 4 14 54 15 54 -53 -30 -15 -3 -1 32 -23 -14 33 -7 14 32 54 70 -21 53 22 -31 7 -14 -3 26 -63 -8 28 9 -28 -7 -30 -6 -54 1 -10 -53 -14 21 7 14 6 46 63 11 -56 -9 -21 -31 -37 -3 -19 5 -8 0 -14 -2 -74 6 -16 -6 10 0 23 21 10 -7 -3 46 17 -8 -56 -35 -2 31 -19 -16 17 -10 0 23 -21 -10 19 9 48 -31 0 56 23 14 -31 7 -25 -29 31 0 -23 -9 -11 30 -25 -10 -6 -10 -10 -23 6 5 7 -9 -49 0 37 -45 9 5 -10 25 45 7 10 0 -23 -6 -11 10 28 -10 57 10 23 21 5 10 -14 45 -66 -13 0 -45 25 -28 -10 3 -10 7 36 23 25 -6 -10 3 4 -57 -36 -15 -63 -21 3 10 -4 -3 13 -13 -3 26 3 32 -3 3 14 36 -3 -37 -21 6 0 4 6 -23 -13 40 79 3 0 -32 3 -23 -21 -3 9 -31 6 14 -15 -4 45 -32 15 0 35 1 -15 -54 48 -39 53 -9 -33 -7 -14 -32 3 -14 -21 23 0 -31 7
s 100011111101001111101000111000000111001101101000001100001100100001110110
m -117 -112 -117 30 -35 43 54 105 -21 107 -38 -17 116 -4 -7 107 -79 95 93 58 13 46 -61 -67 -124 35 54 -17 -10 85 88 -5 -124 125 -79 -68 25 118 6 32 68 -90 59 -20 -30 -90 125 -92 -53 105 72 -117 94 -50 86 -26 100 7 113 -4 12 125 125 98 110 111 -2 101 96 10 8 10 95 81 72 118 21 -66 -33 122 78 89 -121 -68 -124 -83 -102 -43 -6 41 -100 -4 -58 103 -51 85 56 121 -13 79 30 63 -57 76 -88 -116 -54 50 94 62 59 48 -115 -111 -26 -29 74 -24 77 -102 111 20 44 -60 85 -80 109 126 66 -88 -35 -101 -28 -1 -76 33 -33 -45 62 7 90 71 -86 -92 -117 38 -107 -49 -91 122 97 -100 61 76 -127 -106 -17 -24 127 123 115 -56 -49 -64 -3 -97 49 -85 -109 -121 29 112 72 13 119 -53 -43 -51 86 20 12 0 -99 -113 -63 26 -114 -72 104 7 -74 114 -60 61 95 -47 105 24 -45 -120 -79 -91 47 -123 7 -49 36 -41 31 -122 -35 -125 76 89 34 94 52 -79 -9 -37 26 -87 -77 -69 51 -31 36 -71 101 104 49 -69 65 114 -97 -123 73 42 -29 -87 11 124 -100 94 -23 -13 -41 63 33 31 72 22 -10 88 -102 -51 -1 38 85 53 -41 125 -18 -108 7 -107 39 112 -99 -97 -87 -89 64 89 -113 -77 -70 -60 -45 -99 -98 9 120 -92 110 -39 44 68 -84 115 -116 53 21 114 66 69 106 127 64 -1 89 23 -14 4 -107 -84 25 39 -35 104 -71 81 -9 -122 -101 47 -105 -54 -41 -9 74 93 -11 92 120 -57 -14 42 -33 65 3 -59 -59 65 97 -9 90 -31 12 96 -122 -109 51 35 85 -17 -78 51 -88 34 32 17 -42 -100 71 -105 -95 -98 23 125 -8 -81 -53 -81 -12 119 -32 81 77 -40 -49 59 -4 90 -53 -58 112 -95 31 121 82 64 -91 96 -14 -15 107 109 44 -105 -99 7 -44 -89 -17 103 -99 -12 2 83 -65 -63 -66 -6 19 70 -66 -6 -113 51 47 -16 -28 103 70 -60 121 -41 9 -95 38 -67 -54 62 99 78 -122 -28 -22 -108 -33 -23
e -2 -9 -11 9 -9 -26 9 -7 -6 -7 -10 -38 10 46 18 -4 -2 3 26 -35 6 21 35 -8 -21 -1 54 1 -29 2 9 16 0 -5 -26 -17 -34 -4 -8 52 -4 20 28 35 21 18 47 -12 -49 70 -29 -70 -22 -20 9 9 4 -37 -8 -40 10 -8 19 -4 19 -8 -7 -8 -7 28 -21 -21 21 -8 10 -1 1 -10 -9 1 -13 -5 13 -3 -26 -3 -6 35 -29 -8 -28 -15 75 -18 -45 -51 47 45 -15 86 12 52 22 52 -15 4 -15 4 -8 -4 -21 19 7 21 8 7 -11 7 -11 18 -9 -28 13 -4 13 4 1 -45 -28 13 1 28 -3 11 11 6 11 -7 -8 13 7 10 -7 45 -45 -7 14 -12 -40 -14 52 -40 47 15 -47 -7 -4 -7 -36 -51 -36 7 7 7 -25 11 11 -3 18 -11 -36 13 -26 6 -4 -6 -15 21 15 -7 -1 -21 -17 11 -6 17 -7 -6 8 43 -8 48 45 48 2 28 2 0 -52 29 -20 -47 -6 -20 14 6 -20 39 -20 21 7 21 12 -14 12 -29 -4 -6 6 -2 8 20 -9 -48 -21 -9 2 -12 -7 0 -29 -10 17 20 -9 5 -6 -7 -70 20 11 -35 21 -4 -41 -30 -2 -1 -43 9 9 44 -27 21 -70 7 15 -22 10 9 4 -4 5 -28 2 -26 -18 9 35 -47 -21 -28 -7 -1 18 9 -9 -47 -4 5 -70 -22 26 22 19 38 -4 -8 -28 -8 -6 -18 42 -8 47 -8 10 70 -7 -19 -22 -9 37 -36 -4 -3 -8 1 -15 19 13 4 23 -3 51 -7 -6 -45 9 36 12 4 -58 52 1 -45 -35 -13 -12 -4 25 -56 21 6 15 7 -8 -4 -65 10 51 18 45 -7 7 -12 11 -53 -52 -18 -42 31 -13 1 4 4 11 51 -45 7 8 1 36 11 29 -7 18 7 -14 -13 -7 40 55 -45 -54 21 -28 -7 -1 40 15 -11 -47 -7 -7 -7 3 7 -36 -11 45 -31 26 28 14 6 -40 -43 32 47 26 0 -7 -12 23 -36 -15 -12 7 -7 8 15 -3 48 11 -6 12 26 23 29 6 -48 -20 15 2 -6 7 0 28 -3 -17 27
s 010001000111100111011100001100001001001010100010010110100001100111001000
m 120 -25 -96 12 -70 -4 27 -118 -106 -92 10 -94 75 -112 3 -5 79 -62 -127 51 -28 -76 -123 -31 -105 -20 35 55 112 -44 38 121 -53 21 113 18 -122 -78 108 51 46 47 -32 -53 -96 87 -95 -97 81 -32 63 -5 -103 56 49 53 -43 -72 -113 26 101 -125 -59 -1 2 20 95 -111 103 -24 95 107 122 -99 -75 83 -94 -123 121 -115 78 89 25 112 90 59 -98 20 19 -12 52 12 117 -54 -20 -48 -94 114 -6 -82 -120 7 -12 -25 119 -93 87 52 63 -122 -41 117 -123 18 -33 60 116 99 -98 -59 62 85 15 -117 -76 -100 52 -55 -121 44 -14 17 -110 -81 -112 104 91 69 38 -91 -92 27 12 22 87 -16 -80 53 39 -13 31 -122 125 -54 36 24 -12 -101 61 20 -72 104 -121 -80 36 -54 79 43 -50 35 102 35 79 58 80 -16 107 50 51 -85 113 60 122 82 -13 30 -74 71 -96 45 52 -1 -37 125 -120 63 86 70 -71 -71 45 -29 -48 101 -122 38 -61 105 55 -88 -112 37 -118 -83 -124 120 -51 22 15 -81 -64 0 -26 4 -43 -120 -6 -95 100 -55 -48 -79 -87 -59 -58 30 -73 93 65 58 -41 -27 -105 114 7 50 105 57 100 -69 92 29 42 -81 -86 -41 -38 -106 116 29 36 -114 -9 -53 85 -119 -5 -54 -88 18 39 -27 110 74 -39 -121 45 -103 92 -16 -20 -59 -88 -47 25 -33 89 -21 19 -9 -8 57 -108 31 41 -15 63 96 62 -63 58 -43 -124 61 33 33 41 -69 0 -68 86 107 79 76 -3 -83 0 40 115 -90 -62 -51 -86 1 -13 87 6 127 -109 -53 24 1 114 112 119 -67 82 61 87 83 -10 -60 8 -19 -72 75 50 35 33 -117 -31 -123 35 -5 -127 -109 118 -61 56 -61 -50 -87 29 -2 117 -99 -110 1 36 28 123 0 0 28 127 11 8 -109 25 -70 119 -11 -58 73 -116 76 -16 31 19 -115 -29 -14 -62 68 50 125 -52 -91 86 120 66 -24 18 45 125 -102 -47 49 -98 -56 -99 24 11 -26 -114 44 83 16 -28 -77 -55 2 44 -121 77 93 -57 -5 -29 -76 -88 39
e -70 21 31 24 21 -14 11 36 14 36 36 42 9 1 49 1 -71 -10 -57 -18 12 7 18 25 7 -34 1 18 26 -6 26 -8 5 -8 57 -27 -11 32 14 17 -32 0 -17 -5 33 5 16 -44 -16 -5 -42 -18 -11 -26 11 38 23 36 -8 -29 9 -8 -2 5 22 -14 -70 14 55 22 55 38 -7 11 24 18 12 24 26 12 -22 -8 -39 21 57 21 0 -24 0 28 17 11 -3 -5 7 3 16 -7 -47 -5 -6 1 -42 -1 0 32 0 11 8 0 10 2 17 -10 14 -17 -2 55 2 -44 38 44 -6 23 6 0 -12 -20 -7 -22 5 7 -21 5 -10 0 10 1 -11 -1 -11 -56 28 25 -7 -13 12 6 0 21 1 0 -26 0 -26 -16 -11 16 -17 -3 17 13 17 -3 10 2 -31 10 -52 -70 4 -6 4 -14 0 40 -42 -10 -42 -3 -5 -5 -16 10 20 -16 -1 -12 25 11 -25 -2 -20 1 -6 7 6 -5 0 42 -26 32 -14 -26 16 14 0 -17 0 33 -13 -35 -44 12 -44 -42 1 -12 34 70 25 26 21 1 33 -11 -39 -44 -36 5 56 -9 16 26 -11 -8 -14 -36 77 0 -9 18 33 -1 -35 73 -70 18 -42 21 26 -39 11 7 -5 63 -18 -11 9 34 -41 1 14 -17 -70 -57 -35 21 18 -36 -7 -17 55 18 -5 -38 26 16 -23 8 -5 -8 -57 -11 2 18 -32 14 24 -36 0 5 -2 -11 -16 18 -24 5 73 12 11 -47 22 -32 -23 21 8 12 48 -2 -22 11 -14 21 9 -55 -7 -7 38 11 -6 23 24 1 46 -7 -14 -22 -6 0 29 1 -10 0 0 17 -11 11 -2 -24 3 -44 -18 44 -11 6 -2 20 1 -44 -7 0 -6 13 -11 0 10 3 -10 -1 17 5 -17 44 10 -13 -44 54 -12 -6 11 35 -47 20 -26 -16 15 16 -5 0 -42 -72 26 3 -1 -16 -10 11 -26 31 -20 -14 -4 7 -12 -14 0 31 6 -26 4 5 -21 -14 -16 17 45 -12 -13 -3 25 -12 14 -1 31 -12 44 4 28 42 14 1 -26 42 6 14 -3 21 0 -10 16 -33
s 001011001100010100101110110011101000011011101010100111000110100111011000
m 69 -25 91 41 -13 -83 111 -14 39 47 -44 -9 51 85 38 3 -125 -94 84 89 32 -89 95 -77 29 2 22 -63 -24 105 -92 -83 -114 -64 95 71 -34 71 41 -1 -85 78 -25 84 94 -115 -85 37 38 80 -84 -55 101 89 108 15 -82 14 45 72 -44 -123 69 87 16 -108 -108 -3 -105 120 -74 95 33 17 38 -16 -70 -85 -44 83 116 -52 -29 63 58 -101 -86 90 -33 49 67 15 1 -97 55 -72 46 -90 -124 118 -59 -102 3 -106 19 -88 -5 47 -122 117 -39 -60 124 -62 62 -91 10 -86 -92 -55 23 -89 62 -53 -3 48 -64 -52 39 -121 52 108 -121 -71 -2 122 53 15 -83 16 -45 -8 -96 31 50 101 79 35 26 -67 70 -88 125 15 -109 -75 -55 -2 102 59 -63 5 -16 15 28 8 17 -22 -22 9 116 18 -110 98 -4 -10 -80 -42 66 102 -80 -114 -77 62 7 90 93 77 32 113 -56 97 70 -26 17 82 -111 48 4 -119 -22 -109 92 -120 -124 -96 -6 0 31 75 49 -49 65 116 -96 -93 62 60 -77 -108 31 -31 -2 64 16 74 -118 114 107 103 -26 -47 2 -51 72 67 106 114 108 -114 82 127 67 12 121 55 -62 -75 104 -103 -96 -74 113 70 -80 117 110 14 -82 72 -115 -101 33 -25 -63 17 -41 -53 -116 98 77 -95 -72 -66 -121 65 119 -86 -109 -71 84 -82 -76 34 -89 120 68 -71 47 59 63 9 -10 105 -31 -91 110 -25 -91 -119 120 31 -7 109 -65 106 116 103 62 3 22 -7 96 -111 -11 52 -117 117 -69 64 126 97 6 4 -72 4 -14 -88 -105 112 -47 -120 112 99 -67 70 -12 8 -87 14 -91 3 -54 -120 72 38 -94 -111 -87 14 79 -118 -123 -115 40 -14 17 3 -36 -96 88 4 -88 115 62 -69 -35 32 -60 -27 -121 77 67 -19 -105 -23 -84 71 -120 -51 89 4 14 125 -6 34 119 91 -8 52 -46 102 -41 -65 -12 -61 -34 -48 15 114 55 -79 -86 29 14 28 -67 87 -46 -80 -99 110 0 -17 6 -120 28 -123 94 18 88 6 6 -2 -73 -120 76 -120 -33 -66 -104 -31
e 55 -2 -6 63 -2 -36 36 13 9 -13 39 2 -39 -3 14 -11 -55 0 -15 -79 7 26 -78 28 -29 14 6 -2 39 14 21 29 42 29 -15 -2 3 -60 -68 -22 60 -6 -1 -8 -14 8 28 -25 -28 22 -16 -22 -3 6 36 21 -47 -13 52 47 39 -40 -3 -3 -3 3 -55 55 -46 2 -46 14 -26 -11 -6 -2 56 6 21 -56 -7 29 7 42 -15 -42 29 -78 56 -11 1 7 -3 8 -4 1 -28 4 31 22 31 4 -13 4 -5 60 14 7 -40 -4 -21 3 -14 -21 -3 14 7 -46 -7 3 14 3 3 -57 -13 -4 62 17 57 7 -4 35 -42 4 4 -29 -2 -6 11 -6 63 6 40 -17 -4 -5 11 -34 4 -11 -4 -4 -13 -5 13 -2 -7 -30 0 -1 0 -41 62 34 0 9 -6 0 3 -6 36 3 -36 9 13 -26 2 -21 -2 14 4 42 2 -2 28 -2 -6 7 -28 -40 28 6 -17 -6 14 35 -14 -70 23 -16 -6 13 -36 -6 -2 36 28 7 -6 -14 -5 14 -25 11 25 -16 -3 7 36 -55 -28 6 -12 6 -28 36 -14 -25 -13 -42 -16 39 -13 -6 36 -29 -36 -13 -15 6 -39 -78 -14 -3 -26 -25 -56 -2 16 -2 21 -6 36 -26 -22 -13 2 -3 39 -21 60 3 -46 -1 -55 -51 8 -2 78 -28 -26 -1 -46 -2 8 14 -21 28 -47 29 22 -40 15 -3 3 -78 -63 3 1 40 -29 -36 3 -11 34 3 -6 -49 -46 56 -3 14 20 -60 -47 42 40 -56 -5 -9 -7 -7 -3 -42 1 63 29 -4 -14 -11 -31 47 -7 -62 56 -44 -3 7 31 -4 -56 4 21 -29 5 -14 15 7 -7 -6 1 -13 4 14 -40 -31 -7 17 4 -3 35 5 -3 4 7 4 -2 -1 -21 6 -14 -46 0 7 -2 5 3 -6 -11 -3 40 4 -4 28 13 -32 -35 2 4 -4 -2 -2 -92 14 14 2 0 -40 0 -6 17 -5 -49 -35 -53 -9 -4 6 15 -13 36 42 -2 9 -2 0 2 7 5 -14 28 11 -20 -6 -8 -7 -33 -36 -28 23 9 15 20 8 -14 36 14 42 6 0 2 14
s 011111101110110111010011000100101000110100110111001100101111010001110011
m 40 21 -57 -22 14 33 -36 55 -48 -30 -85 8 -123 124 10 122 -67 -110 -68 -74 -71 123 -82 44 -89 80 -83 67 -97 1 90 50 80 -61 0 113 -110 -37 111 93 -9 -126 -123 67 -9 61 86 -108 -82 -17 -115 65 33 -88 -87 -111 53 4 124 -100 -3 56 74 19 -82 99 18 114 75 -109 91 -53 116 -9 -34 37 -108 55 -11 -4 -40 108 -98 113 -1 -18 60 83 62 -36 81 58 -125 14 93 -46 31 77 124 105 2 29 125 13 -74 -28 9 -88 113 -115 -34 82 -15 -40 -44 105 33 65 -77 -126 4 120 -72 0 110 123 30 -70 45 -91 -43 -9 7 127 48 -57 -24 -57 30 -96 20 -110 61 21 -54 77 -75 -84 -121 -52 62 -107 22 72 -48 13 127 106 47 -120 113 5 -121 3 30 -12 19 13 -37 75 7 27 -50 30 110 125 70 -1 -17 -44 91 122 -15 71 -125 44 106 -127 103 2 106 -110 -108 -77 92 71 -29 -42 -88 -11 -61 -95 115 -87 102 -105 -8 108 -67 24 -112 51 62 8 84 -125 -119 112 2 -56 -87 25 21 -35 55 42 -13 79 91 -57 95 68 93 -23 36 -2 -70 78 -116 -68 -28 126 -121 26 -70 -66 -116 -76 87 114 72 16 76 -117 -40 103 127 -89 44 61 95 69 -66 39 40 -36 7 66 98 -34 4 -99 86 70 14 69 -109 -96 -51 25 -106 -22 37 -81 12 17 5 -18 -28 -118 105 -99 -95 122 74 -62 -47 44 78 37 -70 -60 50 77 -9 84 -103 -50 124 -116 60 25 -93 98 63 -15 -92 20 -92 -74 -68 31 123 -5 -62 96 -42 -41 -59 106 26 98 84 24 -64 -126 -107 12 -43 -109 70 58 106 80 -5 43 100 63 72 -21 -80 113 -96 -45 87 -20 51 -32 99 -26 -86 48 93 23 -16 93 105 -73 51 104 -15 -11 -98 58 41 -61 96 -94 -58 120 68 88 -96 -94 80 15 91 -2 83 1 96 -51 -99 22 82 85 -40 79 -41 55 11 -78 -28 126 -109 -67 38 13 -93 100 121 18 4 75 -85 6 57 63 -106 107 -81 20 -5 -102 46 71 -7 -115 -29 -4 -101 -80
e 16 13 1 32 19 7 20 4 27 -4 3 -15 3 17 3 17 -16 4 0 -15 6 4 -15 -77 -4 -33 -18 -33 -10 -12 10 2 37 -2 -1 14 29 -5 -2 25 -5 -7 -25 7 21 7 -28 -50 28 -35 -10 15 -62 -5 20 4 0 27 -20 0 25 -20 11 23 -11 16 35 16 -14 -13 -14 4 4 -27 -42 -59 -4 30 -54 -27 -36 2 -35 -7 0 7 -21 15 -21 -8 25 -11 -28 7 18 -28 -30 18 -2 15 -38 5 -29 5 -8 -5 56 11 -20 18 -1 11 70 -1 -16 -14 11 -14 -11 19 -47 -19 -24 8 24 -18 4 19 -8 -35 -40 20 -16 38 -14 21 14 -23 8 -23 2 -30 2 -51 -18 -5 -7 2 10 -7 5 10 -36 8 20 -14 -11 -12 59 -28 42 -45 14 7 -4 -21 -1 -4 19 -1 10 37 -7 -42 -18 -27 -7 -30 7 -3 38 37 -39 -14 6 14 23 6 -39 2 -39 -18 19 -18 -1 -8 1 -50 10 -77 -5 20 -2 -5 -12 2 -22 42 -7 -8 5 -8 50 16 50 -10 -17 -6 -62 -16 39 7 13 -18 -8 -20 1 50 4 -37 10 -3 14 -5 -20 -22 2 4 0 -7 3 15 8 17 -4 -50 -16 33 10 13 10 5 -20 -4 -15 4 -33 29 -3 10 5 17 -2 25 16 0 13 13 15 28 62 -25 -14 -33 7 -4 -10 28 0 2 -15 49 0 29 65 65 8 -39 -35 20 -21 -7 -11 8 -28 -16 -30 15 -14 4 29 4 35 5 0 -7 20 -4 8 -11 35 -11 -16 -7 28 57 21 48 4 -8 2 0 30 -12 -4 18 -24 -35 2 -18 -7 5 1 -50 -8 14 -8 -22 -11 -30 28 -19 18 -14 -2 -2 11 -19 5 33 8 8 -24 -38 -11 86 -14 -41 1 -50 14 38 42 11 21 -5 -19 -23 7 24 -2 35 18 -19 -20 -1 -8 12 -38 -10 -7 -14 20 -3 23 -12 -4 -2 42 -17 -19 5 -7 -8 7 -27 10 -1 1 -20 7 -37 12 -27 -14 -42 -7 -6 5 3 -39 7 -4 18 1 -12 55 7 39 10 27 31 -14 7 -1 -2 -3 -37 -7 4 -14 8
s 000110000010111000101100010100110011100000010100111111011111011111100001
m 60 -126 -25 -69 -89 -8 2 -112 126 -43 -46 -15 54 -89 110 105 -32 -28 -63 13 94 64 -116 77 -34 -90 47 -63 21 -90 71 87 21 -51 79 39 -118 22 -48 58 -98 -115 -75 93 -53 -5 -65 98 -110 -55 8 49 98 75 -60 96 -87 -53 74 -126 -98 -71 64 56 -34 30 14 -29 -10 123 110 -11 -114 -119 83 -4 49 115 30 1 -104 -93 -60 -119 -40 34 -50 -100 -30 107 53 -59 -50 113 99 105 -9 -18 18 26 57 112 -75 -49 76 41 -25 -69 -40 88 114 -97 73 86 87 23 51 8 82 -32 22 95 1 -66 -57 -104 -64 83 51 6 -40 -111 -113 -24 -37 -34 31 -73 44 50 29 126 -104 44 59 109 115 -53 -38 -76 8 49 90 81 99 -5 34 -36 -123 52 18 -119 89 75 -50 91 36 120 74 -78 57 9 -53 48 110 18 113 -110 74 -13 36 4 88 -33 -77 -81 -100 -69 -127 12 -51 -118 -102 39 -9 78 -101 -69 73 43 -19 23 -124 112 -106 -66 51 67 78 -91 -20 74 124 65 -99 -80 58 -27 25 -120 -75 22 -97 66 -29 80 117 -17 -92 -47 -9 109 96 -67 31 -41 94 -41 -127 -85 109 -56 89 18 48 -1 45 97 -102 125 -127 46 -113 71 122 44 -12 32 -95 -91 111 -29 -101 -48 -24 -78 26 -76 67 -89 -20 25 77 30 -55 -34 72 -106 -18 -86 107 126 79 74 98 -95 -64 -13 7 -20 -114 -119 72 74 57 -92 -37 -85 88 -83 78 -81 -77 70 111 35 -52 -62 5 -63 76 -122 64 -123 99 -91 -1 19 -45 -25 118 -124 -71 91 63 -119 -58 88 72 -44 83 -123 1 -126 79 65 101 101 -120 -1 -85 26 -86 97 38 21 68 -14 -8 -36 53 25 -116 84 6 38 82 -107 15 -86 71 28 -9 86 36 -46 119 44 -20 -115 56 -119 120 -123 82 114 -125 -14 -97 18 114 8 -59 112 120 -18 -120 -81 43 124 38 -58 116 55 -18 -21 12 118 79 31 76 -105 -115 37 -69 -26 9 -34 21 38 74 -2 -111 -31 -55 -13 -11 5 -60 -15 -67 31 122 97 32 30 -46 -15 17 95 113 -21
e 13 -67 32 2 -67 5 -28 36 -16 36 48 -8 -41 16 -12 -16 -13 44 35 49 -12 -18 -12 -45 18 -4 -28 -4 27 -8 19 -36 -4 36 -35 -61 -28 36 -22 -7 -20 -15 7 5 -19 -23 -8 1 -8 -23 8 23 28 -17 2 10 16 36 -18 16 41 18 -30 -16 56 12 21 -12 7 67 -7 -20 18 -22 -1 -11 -1 -1 19 -43 -6 36 -6 30 56 -31 1 -12 1 22 -7 -6 -46 5 16 44 -50 -17 19 43 16 -7 -28 7 -5 20 5 -6 18 34 -1 30 -21 -1 12 -57 -60 -9 -45 -23 10 23 8 16 -1 -34 1 -13 47 53 21 -45 30 25 7 1 -7 39 22 -39 -11 -1 11 -13 16 -18 -2 -16 11 2 -7 -11 21 -5 21 13 6 5 -8 44 8 18 -21 -12 25 -45 -22 -25 23 22 -5 1 5 -16 34 -19 8 1 8 34 -21 -14 -35 7 12 35 39 12 45 -26 53 28 13 -28 -28 45 -8 4 -11 7 41 28 -22 -17 5 -22 15 8 15 -19 19 19 1 -2 -1 -7 -16 12 27 -13 45 15 -67 -28 -19 -2 8 -1 36 4 -7 -41 -35 17 -2 45 22 38 35 -15 -41 -12 19 -26 -18 -10 13 4 -7 67 -19 -17 2 -18 23 -36 -4 65 41 -19 20 16 36 7 -13 35 5 -78 12 -8 30 -7 -7 4 -5 -10 19 -8 58 36 23 -18 -35 28 -30 -12 -20 -26 -22 35 1 -5 -30 22 8 -12 1 -23 -7 1 28 -10 -6 20 -16 -30 18 1 -22 30 6 -6 12 30 44 7 27 16 -10 -39 16 16 1 -7 -1 -16 -1 6 16 -34 -30 7 -14 1 -5 -21 22 6 45 33 -44 28 -16 -21 -11 16 -45 34 7 -23 45 -5 -1 -21 30 39 -7 -44 -1 39 -21 -21 -16 -45 -7 18 23 -44 2 -1 -11 11 34 13 21 -1 -45 5 21 -11 8 -28 -21 -12 -39 5 25 11 8 -22 -13 18 -5 45 2 16 -16 -22 8 21 -5 4 5 -16 35 -8 14 12 -18 -12 -45 16 25 28 22 24 -1 -7 45 -7 16 -28 -17 8 8 22 12 4 20 -25 -35 -26
s 011011110011010100011011111010111111001101000101110001110110000001110010
m 58 70 68 55 102 -41 23 62 83 68 -108 -109 34 -82 14 92 30 -50 -60 -50 -46 40 105 81 -118 -120 -14 -28 73 -108 -13 12 -84 64 7 30 92 39 -101 -91 -98 125 -122 -30 -125 10 63 -81 127 6 22 53 19 -24 -42 27 120 6 -85 4 55 -70 56 35 100 2 73 46 -57 24 -10 67 4 124 10 -93 -124 92 -56 90 3 2 16 -3 86 -51 -69 -89 9 -93 79 98 -17 -39 -59 82 -81 -122 -106 -100 -41 50 75 -78 14 -64 72 15 25 26 24 -58 122 -1 61 114 20 100 110 -104 46 104 90 1 -120 94 42 -69 87 54 23 -20 125 25 -119 47 120 -126 45 91 24 101 121 7 56 -35 -56 -125 13 -8 -40 117 -39 41 -49 -23 -92 95 120 95 84 1 99 -101 -77 -25 25 7 16 21 91 -29 124 12 64 122 -73 108 -37 112 74 101 87 70 -86 25 -42 -82 -45 40 -52 29 -57 -44 -65 -31 -96 -19 76 -123 -26 6 -48 127 99 -36 -116 73 -76 59 111 96 -46 59 -78 95 -76 -72 114 -72 -95 10 125 94 -124 -115 20 112 51 3 -85 -14 98 92 13 50 -63 46 90 -33 -16 -53 32 54 -13 -90 96 85 -19 55 -113 123 59 2 -66 82 -63 -66 26 -36 -96 -98 -40 110 46 -42 -108 91 106 -7 -54 68 -61 -22 -35 -38 121 -71 6 77 33 -47 -115 -72 -3 82 91 -123 80 23 115 122 27 45 -111 -46 -98 82 -124 62 -93 -44 111 75 99 -35 -12 53 83 40 -98 -99 -9 -85 -99 14 -98 125 -51 65 13 -36 84 -37 -28 -4 40 20 -121 -27 -47 109 -47 -94 -28 22 -27 85 63 -111 -69 121 112 -112 -20 85 -12 -73 -124 90 13 86 -110 -60 6 104 99 69 72 86 -1 -34 -53 76 -123 120 -29 97 -15 -17 41 65 107 -33 17 125 -50 51 -127 70 108 114 -73 -81 -123 5 93 119 -15 -93 64 96 -11 54 119 -66 76 68 72 -12 -81 -39 35 104 -115 31 -99 104 -89 -44 62 2 -79 2 -28 -112 -4 -49 6 61 -28 -112 110 -91 98 -17 -106 104 1 -28 81 87
e 27 -21 -19 12 -21 10 12 -6 11 -6 -13 -33 13 31 -39 -31 41 -7 -7 -47 63 2 44 -6 -2 -20 2 -20 12 18 -32 -2 3 -2 37 22 -17 -56 -15 -60 35 1 -60 9 -28 -27 7 4 7 -29 17 -6 -58 -23 -12 34 1 -41 -11 1 13 -11 -3 -48 -3 8 27 2 -9 -49 -13 24 2 -24 74 -20 25 9 -12 -25 14 -11 3 -31 7 -3 8 -44 -42 24 60 -6 -61 9 -4 15 -7 -4 12 6 12 -33 -17 33 25 35 13 -6 11 -24 -1 3 1 21 2 1 11 9 11 14 24 -14 -15 4 15 -23 -25 -7 12 3 -22 -12 3 -21 -62 -8 62 37 -24 -37 18 9 18 29 4 -1 -2 12 -57 -2 33 -12 6 13 6 5 6 -5 14 15 14 31 1 13 -7 -11 -19 25 -26 -22 -10 15 -10 25 -23 11 -33 -1 -64 -13 -21 -3 22 87 41 27 76 41 6 18 6 -2 -7 2 18 -12 18 3 -12 -17 -21 -11 -15 21 -5 -15 -1 14 -1 28 1 28 4 2 4 17 31 41 15 -27 6 1 -21 -2 -28 -12 -57 -4 -6 -17 -17 -14 22 21 21 -2 -15 -6 7 -1 -13 -44 52 -31 -2 4 27 20 -20 -21 -12 21 12 4 6 -6 -20 17 13 -12 35 31 2 60 27 -7 9 -21 44 -56 -2 70 -9 -25 9 -24 12 -7 1 -2 -6 -11 -7 17 24 44 -35 -2 60 11 -8 -9 -3 -24 -7 -2 -9 -6 -9 -25 17 -24 3 -35 1 -3 -21 -25 13 -3 -3 6 -2 -3 -15 9 8 4 -24 -24 -36 -1 9 35 37 -49 -15 3 12 23 -3 -33 1 8 -13 1 40 -6 11 -9 -15 -14 4 -1 -21 -12 -18 -7 33 -14 18 13 15 21 -14 -23 62 15 -1 -37 -20 21 -14 11 -62 1 14 -37 -2 26 18 -12 -23 -7 -6 -1 -12 -5 21 -12 33 62 6 13 37 -21 7 18 -28 19 7 1 36 12 2 -11 -12 -19 -18 6 10 3 -5 11 -22 14 -33 -41 -1 13 -6 7 -7 -13 19 41 41 10 -40 17 -11 2 21 -33 -18 -32 13 -3 9 -7 22 28
s 100111100100010110010011101011001001000000101110101110010000000101110111
m 73 -53 -124 -35 -121 53 66 -125 -116 -30 19 121 12 63 104 -14 -58 3 -126 -73 72 -10 126 -5 71 -23 -18 -124 -39 48 78 84 127 -124 43 -3 34 57 -104 -125 -107 123 -72 34 -73 -3 -103 -56 71 53 126 -26 -56 -115 -75 40 122 6 47 -81 -48 55 -2 104 -21 -76 -113 -82 -107 -79 -83 -121 107 10 87 -46 127 -47 68 126 21 64 107 14 24 -92 -108 124 -29 121 88 -103 106 43 63 -95 110 -59 -48 30 11 95 -14 -63 -11 -49 114 66 -56 60 46 -75 80 4 84 -45 110 -82 36 -41 76 11 -46 112 15 -72 -33 24 -18 -53 98 47 -57 18 126 -3 -73 -123 -24 58 -15 -108 -97 8 -100 51 104 13 94 115 42 58 26 21 123 20 -88 96 -83 118 -116 8 84 -32 -34 -94 63 -124 -100 71 93 31 32 -108 72 -97 -40 -25 -48 96 113 120 47 9 -26 -54 -67 91 -41 -7 121 30 49 95 95 -116 -96 -98 89 -49 50 15 -97 17 -87 -59 -16 -126 28 -110 27 92 -84 -41 106 -39 58 -21 79 -15 -120 35 7 -102 -114 87 -102 -72 96 66 20 35 -51 111 50 125 89 -26 87 -100 22 106 -88 115 -36 4 -15 -31 -125 39 15 -12 -9 -117 14 77 -109 -73 125 -81 124 84 123 30 -85 29 -126 53 39 99 -83 7 -126 126 -82 -88 -13 -11 15 55 95 -29 63 81 -83 110 -112 63 28 -29 79 61 -70 116 27 -58 -121 87 8 -74 118 -88 -64 -82 -51 -31 -95 54 -118 63 80 -58 -44 37 123 -104 24 -124 13 -116 103 -31 45 65 58 127 -56 28 -7 -96 84 -69 91 42 -123 34 94 100 26 55 100 74 34 41 119 -105 102 60 -70 104 105 -27 -92 -122 -40 81 -53 -127 -70 -9 18 75 -118 -94 119 99 6 38 -12 5 -21 6 51 -93 -11 -1 -126 89 86 59 -48 45 -39 1 -30 -22 -33 -78 5 95 -4 -8 100 -45 31 -55 9 123 -123 48 -85 -99 -61 -80 111 -107 -22 -58 -39 99 -39 7 44 -33 51 79 17 -102 -78 58 55 127 -22 45 93 -97 -62 -7 114 105 71 -99
e 14 -7 45 -8 -7 -28 8 6 49 6 -11 20 -17 13 1 -51 -14 -29 21 35 -19 32 -35 35 -9 28 27 21 12 82 -12 49 -7 -49 -21 -42 13 43 52 -7 -43 -14 -7 3 77 -30 -10 -4 10 13 18 -13 -13 -11 -8 12 14 -23 26 -14 11 26 -19 13 -2 -39 -14 -39 7 -7 7 -12 -9 -21 40 21 -29 -40 -12 -29 25 49 19 28 -26 -13 3 -35 3 -9 7 -35 -84 3 -30 88 10 30 7 13 -7 37 -30 -37 -19 -50 10 35 -26 45 -1 -2 -16 -1 39 16 23 7 23 -6 12 6 5 14 -5 -45 48 -4 -40 -19 16 16 -13 66 8 21 -8 8 9 -8 -7 -40 -7 -4 30 -7 7 -7 -6 7 56 -6 10 10 10 20 -35 18 -5 -84 -5 -7 -16 -1 3 -23 -45 3 -6 -45 -28 -5 -47 49 45 49 -20 1 -20 1 16 -7 3 40 19 -3 8 -19 5 -14 -5 -16 -4 -16 42 -16 -42 7 -6 -18 11 10 52 11 -18 70 25 -5 -14 64 -7 -64 -4 -7 4 -18 13 23 -52 -14 5 -14 35 16 64 8 -42 -4 -6 -7 35 -11 -3 11 8 49 -52 6 -21 14 -11 -35 64 13 9 15 -14 21 -18 7 -12 -15 -31 9 23 -6 21 -13 -11 12 43 13 49 7 -14 -21 -3 7 -64 10 9 25 7 -21 -3 -12 14 -24 28 56 13 -26 -21 13 -2 -35 -43 39 7 -26 -3 3 -2 -9 10 -39 -40 13 -72 29 13 -12 -19 -43 -14 -13 -26 -29 -10 2 19 -35 -51 13 -84 7 -3 30 35 9 -7 -14 42 37 -29 -30 5 19 10 -45 13 -37 -1 -3 -10 -16 -9 35 32 40 -84 6 -52 -16 7 7 23 -4 -37 6 16 -10 5 -16 -51 45 -8 84 1 27 -30 16 -5 -23 8 -7 10 -8 -7 -14 -7 -8 53 4 -14 4 -16 18 16 -6 -20 8 -10 28 8 -18 3 -7 73 -45 7 7 -28 -16 7 49 -6 -45 -42 10 28 7 -18 49 3 -5 -35 19 7 1 5 11 -3 16 -56 -19 4 28 5 18 -49 -16 -11 20 42 52 -1 58 -14 -3 3 64
s 000010111011110010001100001111111101111010101000000110001110111100011000
m 91 21 -53 31 95 5 -90 27 105 8 60 77 80 -29 111 105 53 8 -79 67 63 20 120 -96 37 -98 121 19 64 8 -101 -30 -127 -29 -114 10 -69 -26 -118 -70 96 -127 -84 -42 -38 -25 88 -18 126 -6 -13 -28 -72 -104 104 -20 113 26 -117 -121 10 127 59 -4 3 -38 37 66 -97 -47 -108 119 -99 7 45 -106 -122 70 -108 -111 110 24 109 -104 12 91 90 -52 -82 -58 -2 -108 -31 -27 -112 91 73 39 81 -33 -116 60 111 100 84 -49 -40 -21 88 -36 17 -114 -51 -46 -51 -119 54 82 -108 -41 93 41 66 105 -14 90 -82 40 -52 -124 -45 -28 -73 -32 34 1 88 58 80 48 110 -16 61 59 10 70 -59 79 60 -108 2 -89 -29 -125 119 -86 112 -81 -123 19 46 -96 69 126 43 -102 4 50 3 -70 -103 40 14 -75 -17 97 79 -26 10 -88 -74 73 -90 86 11 104 -93 -28 -22 -77 -56 -51 97 -40 126 -79 45 83 -53 6 -59 -102 122 31 -106 -103 -5 -107 14 -83 -3 126 8 97 46 -13 -100 106 98 -111 -88 -75 82 5 94 -3 115 70 26 -54 67 -126 -113 60 48 -28 -115 22 15 64 -98 48 -78 -97 96 11 31 -22 43 119 -110 -100 115 -107 97 -126 -37 80 -119 87 74 -26 -59 -47 -112 -105 18 -122 -7 90 -76 99 -83 -74 88 -65 78 31 -90 -18 -88 24 68 -56 -47 37 43 -110 105 86 -103 -103 -98 -20 95 60 85 95 21 127 62 -40 78 97 85 -26 -73 82 46 -111 -77 -37 -52 109 -2 20 -64 116 -35 124 -29 -16 117 -115 74 82 126 48 -41 77 -90 -64 10 32 -19 9 18 -65 -57 -101 -52 -21 -100 24 5 -117 -87 33 -23 -46 -39 12 30 -42 125 70 78 -77 38 86 27 89 9 58 -9 47 95 -94 -27 89 66 122 -45 -107 102 -45 -28 -125 -127 -80 11 55 67 104 -13 81 10 117 102 85 28 -26 12 61 59 -98 -42 35 -73 -65 0 -50 119 9 -88 88 52 -46 -40 -35 74 -109 -57 54 31 -47 -20 -73 121 106 -74 1 -14 -18 -121 -27 126 58 107 30 -80 -98
e -28 42 -4 3 19 0 -3 -7 8 -20 -9 9 -9 4 -31 -4 -28 -9 -11 -7 10 33 -7 20 18 -17 -1 20 69 -40 -56 16 44 16 -11 70 -49 -38 -24 2 23 -5 2 16 69 16 28 -7 28 -25 -6 -6 -49 -13 3 -31 -14 -7 -21 14 -53 21 3 23 42 45 -28 -34 -18 -19 -18 18 -18 -16 -14 -17 65 -14 -56 65 42 -16 42 23 14 -23 1 7 -1 7 42 -19 2 16 9 -2 28 -9 -26 -6 26 2 49 2 11 -23 -11 -33 21 -15 -9 -3 8 9 34 8 -50 18 48 -3 18 3 -13 -14 27 15 65 -25 25 -42 -28 25 23 -37 -8 28 -8 12 -7 12 -5 40 -5 -25 -35 -3 -24 -26 37 -24 21 -37 57 -11 -26 -71 19 -71 8 -2 -8 3 -8 -31 -7 48 28 -7 19 -4 0 -13 0 -8 -32 8 9 9 10 31 -28 -44 -9 -8 25 9 -12 -10 49 5 20 1 -25 1 -7 25 -7 -44 -37 12 -13 26 24 13 -71 -24 -13 8 5 34 23 -34 10 24 7 -6 4 10 24 28 20 -5 19 -1 -34 -28 -7 7 -7 44 6 9 -9 13 3 16 -24 -7 11 5 9 -7 34 4 18 7 -33 -17 6 19 -56 -13 3 -18 6 7 -17 49 9 56 23 4 16 2 28 -11 -22 -19 33 28 -18 -2 -18 -17 -16 -18 56 64 14 21 -6 64 11 -55 -3 -7 23 34 -2 21 -1 16 -3 7 28 -34 -14 6 18 -65 49 -18 42 23 -14 64 -21 -65 11 -3 -42 -19 34 -23 17 19 -1 -9 -18 -7 36 75 -14 -2 -72 -9 -13 68 26 15 23 -2 -15 1 -11 -21 -7 -19 48 14 2 -3 9 -8 -54 26 48 -25 -2 -3 25 17 -13 -28 19 15 -8 2 -9 12 -8 28 -41 -48 30 -3 3 -12 -52 -13 -5 37 -15 25 -26 9 25 -71 -28 -37 9 -8 -26 -31 -42 71 -7 -5 -8 4 -29 3 0 -25 24 -8 -47 4 7 26 5 48 71 65 -9 -8 9 -10 3 77 -20 -24 7 -1 4 -10 -7 0 -20 6 -8 -5 -28 -9 7 -86 -31 -44 5 -7 -9 34
s 100111000010111011111110011111011100001111100010110000101111000010111110
m -40 86 127 89 96 67 -92 -120 -40 70 5 24 48 -43 -28 -48 -61 -47 -4 -86 -59 72 -69 -80 -63 -58 73 50 -81 -95 102 67 103 64 51 11 78 73 -36 12 126 125 70 7 -110 -126 0 116 89 95 45 112 -101 67 87 -20 -91 -93 -63 -7 -41 18 -83 -70 30 -14 -127 120 65 -103 -109 11 -13 -33 111 33 -100 -65 -61 -48 123 -67 -33 81 0 -1 -76 96 22 95 -110 47 31 -65 -79 -74 8 37 54 95 -29 67 -116 -77 -87 6 37 -22 110 104 -114 -108 85 -1 -51 92 -108 51 74 -77 106 -95 -13 -28 126 -15 12 113 -44 -99 54 -66 119 35 -101 -63 -19 38 -55 85 6 -10 -6 51 77 -85 -100 24 71 -15 -32 -92 -107 119 -118 -53 76 56 13 39 91 122 -99 93 57 40 83 -58 -56 -33 21 30 86 91 42 -6 -51 98 -68 -121 64 -57 71 -70 -97 -44 51 -18 -107 -74 -110 106 1 110 110 109 31 -29 112 -92 -72 -59 96 77 -57 -126 -37 124 6 121 -13 -56 -58 -6 -23 -66 -53 57 55 -96 -35 -95 22 91 79 -19 17 -90 -122 -86 -49 88 -70 6 -58 57 -78 8 55 -34 86 -94 -51 -56 -60 33 93 41 118 126 84 68 -118 -20 88 -43 -15 -112 102 -67 9 -98 -92 106 -72 88 -97 -113 4 51 31 -71 106 -6 116 61 -14 -112 99 -21 -65 -89 3 33 -38 -81 -32 108 -43 -53 -4 29 -34 -52 107 -1 62 -6 -107 -107 39 -79 52 -122 -106 103 22 -39 -12 -42 -64 81 -12 61 -79 -12 86 73 18 84 124 -2 12 92 -78 -8 -55 11 120 88 -92 -37 57 -60 86 30 92 -68 -27 102 81 -29 -55 106 116 80 86 51 80 65 -25 4 113 14 110 -48 -69 -59 104 -105 -96 -119 69 -124 -41 -66 -96 74 -82 -3 109 -86 124 -107 -59 -73 75 -50 -117 84 -69 -72 35 8 51 32 -93 40 -124 98 29 10 -77 -66 -57 -6 62 49 -122 -106 80 -7 -1 -14 26 106 -56 10 -6 -26 -113 -111 -6 23 116 81 69 -24 -64 -109 85 -126 64 -122 104 115 47 -35 58 -22 -125 -50
e -54 -20 29 -17 -20 19 17 -7 6 7 -36 45 -5 42 -7 38 -35 -6 0 -4 9 12 -4 -31 -12 6 -21 -6 -13 -15 13 -19 7 -19 0 -23 29 -6 -49 38 -6 6 11 26 44 -7 7 21 0 6 -43 6 -29 -6 -17 10 2 -7 -16 2 5 20 -27 38 30 1 -35 -1 11 20 -11 -16 -18 -46 -9 -6 11 9 -13 11 10 19 -10 -1 3 54 4 4 -4 29 -11 20 -35 -7 7 28 0 -7 21 6 -21 28 -29 -28 4 -8 -4 -42 16 -14 -1 -27 27 -50 1 27 24 11 -24 -26 -10 -26 -3 2 3 37 -35 1 -22 -10 -13 -22 -1 -13 -17 4 -36 -45 -29 -34 6 11 -6 1 -7 -6 -6 26 -55 -6 -33 55 -31 -4 -31 -1 20 1 -61 -28 -12 6 -27 7 6 -24 29 -6 -26 -43 21 3 19 -6 -14 6 -21 1 -21 -7 -13 -7 -10 -17 9 10 -34 9 -31 -6 -31 -21 26 -21 15 22 15 -7 -55 40 6 -31 32 -6 -1 -32 -6 -12 30 -44 -6 44 -21 -14 -29 40 38 -9 32 -35 -56 -6 -76 -21 -44 51 28 -21 -7 -7 40 -5 10 -56 17 -19 -32 38 0 -6 -5 -4 44 38 -12 21 35 -6 -40 -20 13 -6 17 -12 6 -7 6 -29 -5 -13 -6 38 19 11 -35 0 -7 20 61 0 12 -11 11 14 7 -10 -54 0 -2 50 -6 -16 0 35 -27 -4 6 -1 -11 -16 20 7 -27 -29 0 11 -9 -57 -11 11 29 10 10 6 2 -1 16 11 4 -27 -10 20 1 -1 28 -45 -4 -7 -10 29 21 7 -9 28 11 33 -3 29 21 -14 1 -28 1 4 -4 75 29 -20 35 -9 -28 -49 7 27 6 21 -24 1 28 26 -39 -11 3 -31 20 14 -17 28 1 34 -27 13 -12 24 -17 -6 -26 -34 -6 -12 6 55 -14 -1 -31 -1 22 -1 13 -55 -21 -17 52 23 -34 1 -6 6 12 29 1 6 -19 -22 -6 6 -63 29 -15 -31 19 -26 -28 6 -10 -12 -21 -16 -9 -7 -31 -6 -20 -64 29 -9 21 -19 -31 40 -6 21 -6 -21 15 32 7 -7 6 -6 10 45
s 000110000110101000001100100011100100001010001111110111001010101011111001
m -4 67 -46 58 12 -61 -3 -75 -98 -77 88 -53 -49 37 111 -92 64 70 116 50 96 96 40 -21 66 16 -16 2 -24 91 126 76 -87 -6 37 106 -84 69 66 0 114 -33 -4 69 -74 5 -48 -63 116 46 -24 109 -23 -73 22 52 42 122 -17 -53 11 19 -19 51 -3 -11 -88 -88 94 39 19 -23 -93 86 32 113 -38 15 -99 -89 104 19 11 72 -126 -95 21 58 -7 -57 -29 67 82 57 55 23 55 93 86 36 111 37 54 55 -49 -89 -17 -49 -91 -3 -38 38 58 -15 -14 0 31 127 -115 -5 105 -29 -98 -86 -30 -32 123 -108 56 -21 127 -14 -91 77 109 9 17 89 -34 6 66 -3 -73 -66 62 -61 -27 -124 -56 -100 -123 16 127 119 112 80 31 50 86 28 -62 47 -50 -127 -45 -64 -88 -106 -13 45 -73 -121 63 109 -5 -44 -32 8 43 78 72 -36 -97 22 -82 112 59 -75 125 22 85 -49 -50 10 70 -26 -76 -121 -69 24 17 -38 -111 -104 -21 -50 12 -107 56 -118 40 -91 -1 -71 -23 98 28 18 63 -41 18 64 26 -81 -80 -53 50 -32 -37 46 45 30 -21 105 -120 -56 3 110 121 94 -127 -33 -108 -101 -81 125 -99 -17 24 53 51 -83 -28 -4 65 -63 59 98 14 33 74 -48 -21 -28 -110 83 125 76 -97 32 36 78 104 41 114 -11 99 -99 30 -92 -125 58 10 -32 -119 -84 82 -2 -71 -117 65 -41 93 -43 -4 46 -96 114 -57 89 -100 52 -37 104 -20 -126 3 -54 90 -58 -31 89 16 -89 58 71 62 -5 67 125 -93 30 89 64 -63 15 -48 -91 103 -51 75 122 -26 -34 94 100 121 -126 71 -88 106 58 -68 14 74 -86 74 -67 -124 34 57 -30 -124 35 -31 105 72 -50 76 38 58 -64 -61 -90 11 37 -94 -98 -62 33 -100 61 -13 -106 -88 -54 -6 -119 -36 37 -56 24 -102 27 -109 2 107 -9 -59 54 43 -106 6 30 86 125 12 55 -72 53 98 72 98 -23 -127 -114 96 -66 -40 105 87 -58 30 118 75 111 81 83 -54 -56 -114 -125 43 -116 -92 71 23 -3 77 -82 -54 -21
e -36 11 -40 3 23 -6 -20 -33 21 -33 10 -28 -10 25 21 -25 4 -27 9 -29 16 -4 -29 -16 -4 -2 9 -14 -29 -44 21 -6 3 17 9 -19 -21 -65 -3 -4 -61 -11 0 -5 19 -36 -4 -1 4 -32 -21 -32 -28 -15 3 10 -18 33 3 18 13 -3 -3 25 -17 2 -4 2 17 11 50 -10 4 30 3 -2 48 3 -21 34 10 -6 19 66 -9 -63 7 -29 -8 -30 0 -28 -21 -5 -5 -25 4 -5 -76 -41 -76 49 21 33 -15 61 -27 28 3 -5 -7 3 0 -7 2 -13 -56 17 28 12 10 5 27 18 29 -3 -34 -38 6 -10 31 -6 -63 31 10 7 10 -6 -38 -34 8 -14 -8 -38 -5 -33 -51 76 11 -24 -33 -11 34 15 34 2 -28 2 52 -21 -52 33 0 -21 27 28 -40 27 5 41 -6 27 6 -21 -3 21 -38 14 28 21 31 3 19 10 -16 -19 -6 -16 16 8 16 9 -38 -14 -44 -6 44 3 11 21 38 -47 3 -15 -2 3 29 -52 11 19 33 19 -21 -24 -1 21 33 58 -3 -4 19 11 11 9 19 -3 -62 -1 -56 -3 21 10 48 15 -3 6 -44 33 9 11 -10 35 19 -25 4 1 -4 2 21 11 21 -15 -3 32 -32 -33 -2 21 10 21 -61 -25 6 0 -4 9 -5 11 29 4 -4 0 17 -2 -5 -21 21 -4 -18 6 32 -3 33 -21 -3 29 -61 10 0 3 7 5 3 -30 -28 -2 -3 -32 -17 -34 -21 10 -10 -61 27 -63 -15 34 15 -3 -10 -28 -2 -63 -21 17 7 14 10 30 76 -18 3 33 34 -5 27 -10 -76 -3 63 33 -7 -7 15 0 30 28 -28 -3 -21 -5 5 0 8 76 -28 -38 -33 -5 6 -15 27 32 28 3 10 21 7 -6 0 -31 -52 28 15 35 5 6 -24 -27 -8 -11 -3 -38 -34 -7 -13 -2 -31 -11 -28 10 -34 21 6 19 -27 -20 -54 40 44 -33 54 6 24 -21 -14 40 44 34 6 -3 2 39 19 -52 28 -16 -33 21 16 -24 -40 -9 40 16 1 6 -16 -21 21 9 15 -28 44 -3 24 32 11 27 19 65
s 101010010010100100100001110011010000100001101000111000001001010100111001
m -65 70 -63 9 4 -95 25 -99 -51 -1 -68 72 88 -102 -111 116 -127 -115 37 101 40 -106 28 -18 89 -35 43 14 -14 3 -57 42 -67 22 -8 43 31 127 -73 -105 -28 -78 28 -117 99 -54 127 -121 23 2 -85 112 -25 -18 -123 -98 -73 84 113 -94 -10 113 39 8 21 77 6 -65 118 -91 -46 4 2 65 -15 6 -65 -10 26 -93 -12 82 -78 100 2 122 5 -19 -93 -73 65 -53 66 -119 63 77 -35 84 88 22 -15 -26 93 -94 -97 -75 21 -116 -57 -97 38 -78 20 44 47 -47 9 36 21 -112 42 118 38 -118 -53 35 -120 92 18 45 124 57 -89 -32 59 121 -7 -15 62 95 -5 71 121 -45 -57 111 45 -70 -90 -31 -42 -58 -17 59 56 44 -16 -99 27 92 -51 -64 -45 -8 48 -123 -87 71 127 111 -1 -86 116 -63 -55 1 -118 41 -61 -70 13 -75 -52 -57 -14 -97 -104 -17 -23 -95 -80 48 -122 -103 -17 -119 70 -121 33 27 126 62 36 41 -45 -111 -34 98 4 -74 117 107 -82 127 -42 29 -68 2 2 24 -61 -59 112 71 93 -105 -69 -106 -97 -65 107 58 -41 68 124 -30 67 -36 13 -31 17 98 -71 44 118 24 56 4 113 21 51 91 89 9 -65 -33 41 -42 16 84 36 20 -111 57 41 -119 91 13 -69 -23 89 -94 -81 -98 -104 59 -111 69 -23 -55 54 -127 79 -90 114 -113 82 -8 -88 118 127 85 -46 -61 -99 18 66 -49 -55 -97 -123 -40 116 76 -41 -41 -4 115 48 15 -90 86 -1 -13 -23 -71 106 -120 -114 12 -81 60 -39 7 -11 -111 51 -122 35 -30 -99 60 13 12 -77 -26 101 104 56 -42 49 125 21 -22 -125 75 15 96 -87 -81 -67 -36 103 32 53 -113 38 -74 -6 -8 81 -89 -11 78 111 8 -86 -54 -59 -13 126 82 6 36 111 36 118 -98 94 -122 3 -91 107 57 -75 -115 105 57 18 5 91 -64 -71 97 11 -15 120 35 -80 59 113 -127 -83 50 -99 -89 -30 -75 -89 -111 23 -66 124 119 125 104 -65 34 103 -43 -71 62 -42 85 -91 -12 74 -47 10 84 -19 69
e 6 -4 -5 -22 -12 1 -8 1 1 29 9 -3 -9 -7 -7 7 6 -42 -2 -17 -2 2 -17 21 -2 4 -42 -4 23 -15 13 -20 -42 -27 2 -17 22 25 -2 -25 -32 4 50 -48 -61 -75 -21 21 -21 -20 -24 -2 -28 36 8 4 -21 -1 4 -21 14 4 14 18 14 -1 -21 1 32 4 -32 -35 -8 -11 9 -4 -10 14 -13 -10 40 -20 11 12 -7 12 -11 25 5 11 25 14 21 -48 -19 21 21 -19 14 -2 -31 -7 22 -7 19 -25 -32 14 -4 -6 6 -14 -20 6 -1 18 -14 41 -8 71 -4 -71 -12 -21 12 6 -10 32 50 -11 -12 16 -12 12 -7 -5 34 -7 -11 7 50 -9 -5 -32 19 -7 -10 -14 -29 10 -7 -29 -49 -19 15 40 47 -39 -10 21 10 7 18 -50 63 8 -5 42 -71 5 30 12 -1 1 -6 -14 3 6 3 -7 -28 -42 17 7 2 17 -7 2 16 5 16 -38 -32 38 3 -16 -3 -42 51 26 -16 15 2 -16 -39 -2 4 -10 -9 61 -7 -61 21 -10 21 24 -7 -13 11 -6 16 4 -4 -38 -61 8 3 21 1 -42 24 -9 17 -16 -8 20 2 1 -2 4 -9 -17 61 7 -2 -37 -6 -6 24 -4 -13 -16 -8 -2 2 1 -4 -22 -9 -13 25 7 20 25 -6 2 48 -4 17 21 -2 -25 -32 4 -48 -4 13 -21 -36 20 -2 -4 -2 -22 14 17 25 1 -25 4 -5 48 -14 11 21 -1 -9 2 -32 -10 -22 4 -11 25 -21 -12 -50 10 -19 19 11 -14 7 -36 -43 -32 -5 19 4 -54 -14 21 9 23 -57 19 -12 11 14 -6 -12 7 6 -5 19 18 -11 -14 -8 9 21 -71 -50 18 5 14 -8 32 -7 76 -16 19 -12 -12 -14 -6 -7 -21 -12 -14 -18 12 16 -8 -7 -56 71 -7 10 34 -5 29 27 40 15 6 16 -39 -12 -29 -27 7 15 7 -7 -39 42 -5 -10 31 32 7 1 16 -28 1 29 5 3 15 -1 -42 -39 -1 17 10 3 2 7 -7 -16 10 42 -38 5 -2 21 -1 -16 -24 1 -38 16 -3 3 -2 7 -57 -4 42 36 -63
s 100000011011100111001000100011111101100001100001010111001000001110000111
m 110 -61 39 8 22 94 -55 18 -93 -9 116 99 103 73 90 -44 -122 -127 -124 77 -115 -102 -46 -8 -35 -46 84 -54 80 -91 -25 -102 50 87 -83 -86 66 45 -93 95 42 101 43 -25 -33 12 -8 -14 -52 -15 124 17 114 -39 43 -70 -89 -86 -30 85 45 -25 92 40 39 54 72 -74 28 62 -35 -99 -7 3 -25 -87 -90 -78 121 36 -65 33 -82 -5 -68 79 105 -55 16 22 -38 -66 -20 72 52 102 91 44 49 -107 -94 123 120 -118 -98 -101 -33 56 19 118 -9 34 39 122 -20 -101 -38 23 98 -82 16 -70 57 17 117 21 122 -120 -111 -1 110 -57 38 45 104 -68 -32 41 36 125 -91 -115 58 9 -63 73 103 -90 12 16 106 16 60 100 -13 18 -15 64 -48 58 -7 -62 12 -14 6 108 105 69 -91 -87 -85 107 -30 -108 -4 -88 108 -58 -1 -34 25 -127 -73 -20 96 46 122 -125 67 89 -62 33 -55 43 68 -34 -4 -98 9 47 -17 105 84 -113 -80 -82 -15 126 -118 67 20 24 110 -37 55 120 -68 -127 -3 95 -55 110 95 -102 -39 81 49 -26 -33 100 -1 -69 -51 49 119 31 -33 -54 -115 103 -5 -45 17 -107 -77 26 76 10 53 19 -21 3 -77 49 65 -44 -127 -107 -77 -36 93 79 -15 103 -78 -14 -64 113 11 108 -91 20 -77 67 13 -35 -22 63 38 -99 -49 -115 22 84 41 -73 -119 -66 23 43 116 -97 -7 2 -106 -49 78 -33 73 72 44 -55 6 -125 61 113 -18 -14 25 26 120 -107 104 -3 -86 -102 -4 4 110 19 -51 35 31 14 -8 68 -25 119 -65 115 -50 52 90 -24 -53 96 63 -102 -98 31 66 -98 -42 -42 88 126 -18 46 15 38 1 -101 4 -67 103 -64 -14 19 -50 19 -80 46 -34 107 90 4 22 -108 89 80 -11 -10 108 -108 -2 81 33 -102 26 -48 57 18 -29 -84 10 -103 47 -115 56 -44 43 49 -48 64 -114 54 -52 9 -86 47 42 -79 104 -72 -9 51 -56 95 66 -52 -62 -32 109 112 -72 -19 -120 -51 -84 106 -100 98 89 -98 118 -99 118 39 -124 -3 99 13
e 63 17 -8 -38 -17 27 7 -8 -48 16 -5 -1 -5 -35 13 35 -63 -3 -13 -10 -17 7 10 49 7 9 29 9 -19 -4 19 14 35 -14 -13 -8 39 37 3 18 40 -14 18 11 -12 -12 46 -23 7 15 1 -14 39 -3 -7 -14 15 8 -16 -15 -5 -16 -7 -39 -7 -18 67 18 -21 -17 21 -14 31 -2 -28 9 -7 -22 -19 7 1 -14 1 3 -13 -3 -4 10 -4 -2 -18 -14 17 -11 -4 -17 -7 -4 -45 14 43 13 39 -13 22 -37 22 14 16 4 -44 -7 11 8 43 -11 16 -25 -16 -20 31 -20 -4 -31 -4 4 7 8 -1 6 22 -1 -3 22 -13 4 13 -9 -2 -9 10 -22 -10 -38 4 4 14 43 -8 28 13 -8 2 -22 -2 -56 -49 -16 -7 -17 -30 -4 35 -30 3 -16 -8 3 -20 8 -27 -4 -37 -48 -19 -48 -1 -8 49 -13 23 -35 -8 13 17 8 -9 -17 -7 -10 7 38 8 29 4 -1 -43 -35 -9 1 -3 2 -3 -3 16 3 89 7 14 12 4 12 13 -14 13 1 35 -17 29 63 7 -14 -17 -29 -12 -7 4 -13 8 35 -42 5 -8 3 -7 -14 3 8 -13 -14 40 10 12 35 7 13 63 -41 1 -20 20 15 7 -7 -14 8 9 -39 5 19 37 -35 28 18 -63 -20 11 -17 -40 -7 7 21 21 -9 -11 -14 19 -7 -15 14 14 -16 13 39 -7 10 -37 18 18 16 -4 11 23 -3 7 18 22 14 -21 7 58 -14 -1 -37 -15 -3 -17 -7 -29 -7 -1 -14 -18 5 17 21 14 -37 14 -2 43 -15 22 14 -13 -4 4 -1 43 4 3 13 8 4 22 11 -2 -14 16 22 -17 -20 4 -11 -10 -43 34 -8 13 20 29 22 -22 -22 14 -4 16 -18 -8 -9 -11 22 -7 -16 -13 18 34 9 14 -4 51 8 4 8 -12 8 1 16 22 8 -1 -13 -2 -13 -17 16 3 10 7 8 -8 4 -27 1 -14 63 8 -35 -4 2 27 -35 -16 -48 -41 7 1 17 4 -13 7 -14 3 29 8 -84 -13 -27 7 1 -48 29 3 1 4 3 13 44 14 -6 8 15
s 010001011110010000011110000101110101011100000101000010000011011010001010
m 20 13 -65 -127 -91 -36 -42 66 107 -75 79 82 -93 65 -25 -84 50 -19 -89 -95 4 -83 30 -22 46 -91 -6 -4 -83 -98 -39 68 -55 -44 82 107 -99 -51 -8 -89 14 43 105 -98 8 -52 5 28 -92 -32 -113 83 76 -6 -52 -39 91 -98 45 -27 16 26 -107 36 -4 97 -62 -71 -53 34 -83 -108 -73 113 -104 -101 1 114 13 -111 13 108 60 59 -43 43 -103 -75 97 -47 125 -17 -84 -79 -120 89 -73 34 7 125 -91 -30 -48 -93 104 -60 112 -71 -96 101 -116 -44 82 81 13 114 -73 -4 123 -48 35 -35 -6 -51 -25 102 92 -16 -64 -124 99 40 116 -1 36 76 -64 -104 51 45 47 0 -80 -81 81 113 -8 2 -56 91 -96 -28 -95 -70 126 80 -17 -78 37 33 87 -10 -39 -40 34 44 -75 -27 52 -9 42 -114 94 -102 124 123 119 -7 -100 51 -119 -115 80 -97 -47 -31 -75 57 -121 -14 77 24 34 -77 -70 -98 -51 46 -92 -85 20 23 55 -8 105 -93 -95 89 -10 81 -3 119 32 125 19 -90 -22 -83 121 122 -92 89 60 -115 82 -19 -56 4 -1 -46 -31 -78 -72 122 -112 -33 -27 -44 34 58 40 -10 3 110 -43 94 -11 -105 95 7 -29 52 -52 119 28 -73 -58 -112 -59 -14 -58 109 -87 80 -90 -117 54 -41 35 59 -118 -126 26 6 8 69 -124 -62 -108 103 119 -23 101 9 117 9 -64 -121 70 -1 -93 -116 -43 -52 10 63 -23 45 116 76 35 47 43 122 3 57 -17 -89 -80 -82 -34 17 35 -15 23 -26 73 -88 -41 2 -89 39 77 -68 -60 2 -38 -107 36 -54 19 -14 48 68 25 -56 36 20 41 -11 -29 -33 38 -91 53 -62 -11 -11 -23 48 39 -80 83 -57 46 -86 54 -69 95 -105 13 72 -101 24 -107 -63 -99 18 51 -126 -58 -26 5 50 38 107 41 6 72 3 -67 -91 -4 109 73 -4 59 19 34 -27 -75 25 -56 -118 -36 -117 -24 -75 -104 117 -106 -38 42 91 82 -89 -5 35 -80 -43 -59 63 84 -107 -127 91 105 24 -82 -101 -30 18 36 -111 18 12 -50 -93 56 122 125 112
e -10 -7 -8 -17 7 21 -17 1 -27 -1 -14 5 14 20 35 -20 -10 24 -30 8 31 -38 -8 -52 38 -4 16 -6 -12 16 -12 29 -34 -29 30 28 8 -13 11 -62 45 9 62 7 -3 7 -9 4 5 25 -28 -25 -8 -7 -17 -31 -3 -1 1 3 -35 1 -4 20 -38 -12 10 12 4 -7 4 -31 -38 2 0 -4 -53 0 13 1 -30 29 -12 -14 -30 -14 60 8 -60 -2 62 15 -21 7 2 21 5 -2 2 -25 -2 -13 8 -13 22 -13 22 15 -1 5 -7 -4 -12 7 -31 -12 10 23 -10 29 35 29 -22 3 -6 5 -1 -10 -35 12 -1 35 -14 50 48 -60 -32 16 2 -16 13 10 -13 -10 -2 -3 -32 7 3 7 -13 3 -4 -22 4 4 15 -4 30 21 30 3 12 22 -17 -10 -8 17 -29 -24 -21 -6 -21 27 5 -27 5 -42 -5 -22 1 -34 28 -32 -4 -63 16 4 -20 -17 20 -6 10 6 16 -35 16 34 3 -28 6 4 -7 -6 4 7 -9 30 -38 -3 9 -3 4 7 4 -28 -32 -4 -7 -10 -20 9 -7 6 -3 -37 16 17 -39 -34 -75 14 -28 6 -17 -39 7 -1 38 9 -14 8 -7 20 -41 4 18 -4 28 -12 -12 6 -17 38 -28 -1 -4 8 14 -12 -13 20 -29 62 10 -30 -7 7 -8 -5 -38 -62 -4 4 -46 31 -12 5 3 29 -25 -1 30 -31 4 -9 -13 12 70 -15 60 7 -4 -2 -5 -12 0 -25 -4 -1 -8 31 -12 13 -24 -14 -1 1 -22 -4 12 -15 -12 17 26 4 -60 2 -31 32 -2 -3 0 -13 1 -30 -6 12 2 -5 -14 -21 7 -64 62 12 2 -15 -10 0 -21 31 -2 12 13 -2 21 -14 -13 -29 35 -22 6 1 -15 -5 32 -21 7 16 -35 -1 -30 -10 -32 3 29 -40 7 -6 -13 3 48 10 4 7 35 4 -1 -21 -5 -32 -21 -22 -16 -6 -17 13 33 -8 -10 -3 21 -35 -7 27 3 -8 16 4 21 -41 4 -27 28 -30 -59 4 3 22 -20 7 -17 6 -8 4 4 -32 -20 -28 80 -6 6 -5 -45 -7 22 -34 9 -17 28 -3
s 011011101111000100111011101101110111100110001001100101111011010100010101
m 70 114 -11 -64 -110 46 69 80 5 -75 93 74 107 -7 42 -58 -96 -91 78 -9 -112 -89 -34 62 -73 -93 122 42 22 90 54 -91 68 46 7 -66 71 74 10 63 -101 122 69 -97 -118 76 58 -80 73 98 70 110 126 -81 26 31 89 -37 89 42 -35 -51 81 41 51 71 -15 -11 -116 -15 3 47 -110 97 56 125 -62 -22 0 -41 107 115 61 91 -114 87 -119 -104 12 19 -118 63 59 65 116 -48 -99 -66 -104 -116 121 93 -125 28 -112 -47 105 -108 -98 104 75 -7 -10 -40 -19 42 -92 -105 116 -15 22 101 20 44 -10 -56 41 -106 -85 0 -21 -127 84 -56 -70 -85 -101 21 124 56 -13 14 -114 89 93 -53 -63 55 54 -37 103 -52 -70 66 -55 -69 60 67 -55 -10 -17 15 117 63 25 124 90 50 -38 75 -127 110 -110 47 90 -110 29 -87 59 94 -39 -105 126 -96 76 -62 68 -79 -104 127 -7 -39 -4 -22 42 -28 33 48 -48 -13 -25 121 78 -29 -33 -103 34 -7 108 12 0 -48 -31 -28 -116 -42 -111 -94 107 -39 39 105 99 -73 -123 46 120 -102 -20 82 53 86 -42 -87 36 15 -13 121 -44 -116 -108 69 99 -1 102 -28 100 -4 -87 -96 125 68 -20 114 110 28 125 -65 -55 95 -25 119 -126 7 -91 60 105 117 95 91 -48 70 17 -22 -89 35 -108 66 20 79 -56 89 35 -119 -64 -63 37 -58 103 -59 99 -84 -8 -17 7 -40 -55 5 73 84 -56 49 -120 -86 -124 43 115 54 -119 -7 -32 35 79 -73 -95 0 -42 121 -126 109 115 -90 85 88 -19 -2 -84 -21 -46 -1 35 -65 -95 -66 22 101 64 125 8 -40 -60 -23 45 -79 -16 50 116 -16 45 -103 -31 -118 -49 105 0 -42 -55 36 22 -36 125 27 125 -8 -38 -22 -122 -14 89 42 -103 1 -16 -126 -13 -119 -64 89 -38 -61 -100 -75 -2 -82 20 -125 63 100 -97 -12 17 -29 78 -10 47 5 41 -91 34 -75 -99 -38 91 -51 35 102 108 112 20 -65 57 -15 12 94 -103 58 61 -104 -107 50 -51 70 27 20 32 -52 -80 -109 -48 66 76 -4
e -14 14 11 -18 -14 -69 18 18 5 -18 31 -18 31 -1 56 -1 14 -11 -7 30 51 42 8 7 42 4 -20 -4 0 -28 0 14 -34 -14 -31 31 49 22 -12 -7 -22 -30 -7 57 -4 -57 -7 -25 -7 -5 -12 -5 49 22 18 20 -18 -18 45 -18 -49 -52 -7 1 -7 -10 35 17 0 -84 0 20 42 -15 13 -4 -17 -13 20 -17 0 -14 0 31 7 31 11 8 -37 -15 7 0 -9 -67 -2 9 7 2 41 5 -41 -25 -49 -40 -20 -22 20 0 -45 -1 20 7 37 -20 10 -9 -7 0 7 21 28 -14 9 -18 -18 1 17 -4 9 -19 -24 9 31 -19 -34 11 -34 -13 -15 -13 -14 20 -12 4 -2 0 14 -41 1 14 -25 -1 2 20 2 29 0 -29 7 32 7 0 -9 37 11 7 -10 11 14 -10 41 9 41 5 -1 -5 -18 -20 -18 37 -19 34 -31 -34 -51 31 -13 51 -7 12 -35 20 -14 35 -28 9 -28 -34 -1 37 24 -2 -9 22 59 9 -42 15 -30 4 -14 -4 -25 14 -25 12 -1 51 -9 14 7 -30 14 20 -4 18 -28 -25 -25 -34 -12 31 31 22 18 -41 9 18 7 30 -31 -8 4 -7 -42 -28 -14 20 12 -14 0 -22 -23 -42 -5 18 -4 -49 -31 0 -33 1 14 -56 14 -7 -57 14 -8 -7 64 -7 0 4 57 20 0 -7 -37 -14 5 45 -7 -49 7 8 22 10 -7 -45 -11 57 7 17 -51 10 -13 -49 0 17 -57 20 0 -22 18 31 45 17 -20 7 0 0 -10 -31 9 3 11 -2 -20 -15 -41 18 13 -25 -36 40 -9 0 44 14 38 25 -20 11 58 -9 -15 0 7 -13 9 14 -2 9 -12 -41 7 -4 -25 14 9 -20 -9 19 31 1 -34 -9 35 13 -9 19 -7 -7 -49 0 14 18 -14 9 -12 36 1 -4 2 -20 9 -29 -19 -1 18 -34 12 -37 -13 29 11 12 7 10 4 0 -41 25 -14 5 1 10 -28 2 41 42 -29 -5 -37 -7 -18 -51 0 -37 7 25 22 -20 10 -67 25 41 -7 -12 -5 -20 -22 -26 -29 9 -37 34 30 11 -31 -11
s 101001110001110110101100011010011100111100010011010010100011110110010001
m 18 -14 -24 -91 -93 -30 -126 -119 -61 -24 83 120 -115 -74 126 17 84 19 -35 40 105 -3 65 109 96 30 121 -59 -7 -90 82 118 41 30 64 -101 -59 94 60 65 95 -33 -27 -29 38 -29 68 -10 67 -5 81 -114 -32 34 -15 46 -26 49 -25 -43 84 -13 -117 29 1 -92 -21 -126 43 106 -54 -27 -109 -39 -15 -13 -97 -30 -99 22 100 93 -74 -37 10 22 85 -105 -114 -67 -15 11 -19 -28 84 82 -11 27 -75 -59 79 51 -30 31 81 122 80 71 72 102 49 106 33 47 -74 -14 -66 68 0 -122 -44 99 -102 -123 66 -122 79 -76 -92 -20 9 -22 -32 -41 -52 -43 -19 64 -16 -12 -42 60 -6 106 -125 -26 35 -8 89 -81 55 61 71 -108 29 63 37 -102 56 -105 80 -49 -42 -81 5 -111 -52 124 -127 40 74 46 123 63 -99 36 97 72 69 6 -56 66 11 123 6 98 85 -66 61 81 79 -74 -97 78 -66 58 75 97 -77 119 -79 -33 -123 -109 -32 15 -118 77 110 -2 82 -93 -23 -112 7 37 29 -81 -77 -75 0 -79 97 -41 -79 53 -92 58 125 -84 124 31 60 -121 -107 -123 -123 -1 -92 87 -91 35 -80 88 8 -25 8 -34 -80 103 13 -103 -106 -44 88 45 77 60 -64 82 -113 118 -33 -10 -24 -22 126 -36 -16 -71 -63 -2 -70 -127 -78 -48 -69 11 -3 -19 -37 115 -36 -34 -37 47 -120 62 31 -5 -49 108 -43 110 -69 19 -11 88 51 -75 37 -36 -97 -69 84 -100 -15 -125 66 38 -56 -85 83 -81 -14 -93 6 85 106 -11 85 32 102 110 37 9 102 -60 -5 -94 -104 44 85 115 -67 -46 14 -103 95 -2 -69 24 115 69 78 -15 46 126 57 86 67 104 61 -80 48 69 -125 103 -18 119 -28 35 -119 105 -23 -110 -21 41 -116 58 -104 -84 -72 -105 -53 -5 -117 84 -100 -61 -40 -102 25 -112 -85 -77 -8 65 60 -105 117 -85 81 38 -6 -2 -105 48 77 12 30 13 29 71 -59 -34 64 -81 -25 -49 -24 123 12 -79 124 99 -55 -28 -124 52 51 61 125 127 82 77 -108 -4 61 108 -29 2
e -7 -32 -35 -14 -13 -25 -14 1 -2 1 28 -35 -28 15 -6 -26 -7 5 -9 -14 6 7 -14 0 -3 -12 -36 12 12 -58 -7 -17 -4 -17 9 10 27 -61 -14 -2 -61 -54 2 25 2 25 -10 -7 -10 33 -33 5 27 -70 -47 24 -3 -1 5 -3 28 5 1 -15 -33 -17 7 -17 45 13 -38 -32 3 10 -2 27 20 -2 7 -33 18 -17 -18 -20 20 28 -6 14 6 10 2 33 -13 26 -8 13 10 -8 5 5 -5 -28 28 -39 -58 -61 -58 10 -5 61 5 -1 -13 5 -17 25 0 38 -41 -19 -24 19 -41 -3 41 -61 -20 -85 -20 -49 31 -34 -20 -8 -17 6 -21 11 10 -36 6 2 37 67 8 -22 6 5 54 -6 -28 54 -11 58 -11 -26 10 26 30 -13 30 -22 13 6 7 0 -21 5 -19 21 25 51 25 2 -61 2 -35 5 -35 -43 -8 -4 -26 17 58 -10 11 -6 0 -6 0 36 -67 -36 -66 20 58 -4 -54 -33 30 11 14 30 26 -53 -29 30 29 -2 22 -2 -7 -6 9 -46 -15 -6 14 7 -21 -29 13 54 -2 14 -58 7 -1 4 -33 56 -10 30 -14 17 14 21 -9 29 -28 -14 -2 -15 -3 -7 -16 12 33 13 -7 30 -14 3 -5 -1 -12 -27 -28 -7 61 -15 17 2 7 -9 -25 -13 31 10 3 9 -38 12 25 -24 7 -10 -23 27 5 -5 -9 27 1 -14 61 17 -2 12 6 -25 1 -10 10 55 -2 -5 38 20 -27 -24 -18 83 3 -20 5 20 -59 -1 -18 -10 17 -20 -17 -38 -38 -8 24 13 -5 3 2 -28 -20 -24 41 -18 7 -61 -20 -28 5 -6 58 13 -10 -10 0 -10 -13 19 -8 -13 -6 5 0 67 -28 19 20 -58 41 -8 10 63 -17 13 -5 11 13 8 -30 0 -17 -22 -21 11 -6 41 6 -54 -61 -67 11 -16 -20 -26 -8 -54 56 -17 -11 6 -11 26 -5 -6 30 -21 67 -22 25 20 -31 -32 -54 21 58 -22 25 -4 -28 2 10 -49 -35 -6 -23 6 0 6 5 36 21 6 -7 -27 0 -33 2 -36 -30 -35 58 -14 6 12 29 5 10 2
s 100010101101100001101110111101110001101010000101000001000001111010001000
m -111 -58 -115 111 -55 -100 -33 -106 -64 -35 -43 -35 -75 12 -98 -73 60 24 -91 -66 75 -89 -124 101 15 11 125 -120 22 112 -49 80 -28 -97 -81 -81 38 -64 -4 -109 -68 26 -51 -46 47 -126 17 -30 76 120 -66 -94 -41 -91 -31 -80 54 26 -77 -25 92 -55 75 73 104 -27 -68 126 113 -97 104 65 46 37 -42 114 -58 13 1 -35 92 2 -22 -106 19 69 -79 50 -3 21 124 -5 -51 -113 3 -16 -105 -73 121 84 -14 -38 -97 79 19 62 41 -79 91 105 0 12 69 -27 89 28 21 -73 116 77 71 96 -79 -102 94 -69 85 80 -2 -44 105 -16 -88 -81 108 9 -56 18 18 -40 97 -74 27 69 -80 97 62 -20 60 -66 -41 100 -113 103 74 80 -58 43 -39 94 -19 42 74 104 -91 -82 5 -31 39 -121 -92 71 37 -2 5 45 -62 102 -93 47 -39 -114 -85 109 -59 57 -108 -101 88 -103 41 96 -47 97 -106 -28 90 35 97 -24 50 5 46 25 -108 -35 114 52 -71 -79 -74 -83 -49 -122 6 14 -10 -60 -19 -101 78 -93 35 52 40 39 -9 -93 -107 -93 101 27 13 -72 -22 126 -97 23 13 -11 -84 37 -50 -89 26 38 38 57 85 68 68 -41 -46 -70 -26 19 3 -108 3 -64 -61 -47 9 -21 -97 -108 -64 106 26 59 -48 -14 44 -117 -7 54 25 57 -105 38 85 -59 -22 -70 52 -69 -39 -5 -8 -30 -23 -51 48 -51 34 -99 -14 44 -54 17 -33 -82 123 111 -33 64 -45 -93 113 11 -57 98 71 15 116 -77 57 -5 54 46 -58 -81 46 73 46 -47 -15 -26 106 109 -20 -21 95 -19 19 29 -126 -43 -78 44 122 -45 -125 -20 116 22 22 -69 61 -14 9 104 115 -105 -76 18 -78 94 104 -30 78 16 66 -110 96 -83 -89 15 -45 125 50 46 -60 -98 71 57 -76 -102 -84 93 113 -37 -41 7 -56 7 96 -122 12 112 -79 77 32 -81 124 29 12 88 51 90 -1 -21 45 113 -110 35 90 -117 62 -94 -80 16 -124 88 -87 106 63 123 -37 -96 61 -84 53 44 17 -126 -47 -97 2 -72 -55 24
e 34 31 5 -20 31 1 20 17 -2 17 3 39 3 9 7 -9 -34 -28 -12 -23 -52 -14 -23 -33 23 3 46 -3 -1 8 1 2 -19 -2 -12 -12 -29 35 17 -7 35 -2 -7 -7 21 -7 -30 6 -15 23 13 -23 29 22 20 48 -22 -17 -27 29 -3 -27 10 9 10 -5 34 5 39 31 39 -48 14 16 -12 3 -15 13 -20 -15 -20 8 23 -14 12 14 3 23 8 16 7 38 14 -7 5 45 15 -3 13 23 -18 19 29 -19 17 -35 17 5 27 -5 -24 10 18 0 5 18 -20 -39 -19 13 -48 13 -14 22 14 5 15 42 -8 20 14 -2 -14 -14 -33 -3 33 14 19 -14 -24 -12 -44 42 -3 37 14 -13 11 -14 19 11 -5 17 5 7 5 7 -11 -14 -11 55 18 -7 21 19 -77 21 13 5 1 14 -1 -26 -16 2 31 0 31 -7 -14 -19 -12 -33 53 12 -14 52 -33 24 -33 46 -61 46 -8 -2 8 19 11 13 -22 36 -4 -36 -7 4 -2 11 2 -21 -37 -21 6 -14 -27 -21 -11 52 4 34 -33 2 -49 74 21 -20 -15 6 17 -19 -13 -3 49 22 28 2 4 -17 17 2 3 23 -21 -9 14 -6 -53 3 -13 -31 -1 22 20 -14 -39 -21 10 29 -24 1 35 -9 2 -7 34 -12 -7 -31 33 -15 -14 -7 48 -3 -41 -48 -1 -15 22 2 23 -27 -12 29 10 -23 54 -24 -13 -40 3 -7 10 -16 -15 -5 -12 23 -39 31 34 48 -20 -35 22 14 -27 -15 17 11 20 -5 5 18 -14 -39 -3 -3 -48 16 -13 22 12 -19 15 -3 -63 20 13 -5 -14 34 0 3 17 18 -16 5 19 12 -14 -13 -3 -25 -24 13 -19 -42 -19 -35 2 17 14 -14 5 -5 33 -14 0 -14 18 35 11 19 -33 -37 -13 16 -14 14 -24 11 5 -42 5 0 -2 -7 -14 11 -31 49 -5 -42 -14 38 -21 24 17 -5 -42 37 -1 -2 14 2 41 -5 8 5 28 -25 7 2 -12 11 -31 52 37 7 33 40 21 46 5 -52 -6 -1 36 13 2 -46 -22 -31 8 4 7 -19 -10 21 -12 35
s 001110011101001011001011010100000110110111101000000001001100100010100000
m -64 -100 48 13 73 -77 -123 115 -76 24 24 48 80 -116 41 -21 -14 -57 -31 -7 -83 100 2 18 -28 -40 127 98 18 -70 -13 -5 96 21 -99 -57 -23 -104 -64 -54 56 -35 9 75 26 -1 -103 45 78 -54 20 -57 117 -5 -64 18 44 -38 -50 2 -35 104 54 -57 32 25 -55 -66 -44 -98 35 45 24 52 -59 115 -100 -117 -50 111 84 22 -109 77 -16 28 15 -28 -112 24 121 89 29 122 -73 -40 25 -35 -60 52 -110 74 81 64 119 96 28 98 106 -100 -100 114 112 -108 32 60 116 9 -118 92 -73 43 -119 76 80 127 25 32 101 33 -10 110 -63 -119 6 7 -85 -64 -73 -118 -93 -57 38 -35 -55 102 99 -19 66 6 -91 0 28 -81 -93 -82 -115 88 9 126 -66 -37 37 -99 46 45 10 -48 -44 -51 78 -98 -4 30 -31 -22 -113 -50 -111 38 86 38 7 -68 77 13 48 117 -33 121 -97 -29 85 64 -4 -69 82 -92 104 -25 -109 -39 -12 75 50 122 -110 -45 -72 56 111 -72 -74 -100 -100 107 90 -20 113 -48 -13 -126 59 56 -64 -98 72 27 86 42 19 45 -86 115 39 -106 -77 -64 -113 6 31 9 -123 -61 -110 -104 81 43 -60 124 71 -60 -82 -121 41 -74 101 109 16 -66 89 -97 50 79 -105 -80 -102 36 -59 91 -108 -68 -19 127 -13 -50 -89 2 0 112 11 -75 17 119 -82 12 121 71 -120 126 -53 127 96 115 -24 72 72 -85 99 -97 -3 28 -34 -1 66 97 39 -106 77 106 -21 7 111 35 78 -104 52 -94 -77 -66 -109 -57 -67 -123 -8 11 -42 32 111 50 -8 -53 -36 79 24 76 -52 -62 -77 38 -42 -2 94 -73 124 35 -49 -15 93 -69 -49 -117 99 51 26 92 -38 -28 -110 -10 -80 -66 120 100 -105 -50 -119 -8 -44 77 11 102 22 -32 71 70 73 -89 70 -17 -58 5 -83 25 -38 120 -120 -120 -53 -80 -117 -89 -114 -107 -27 90 -90 31 23 56 -81 3 -21 -4 105 -127 -89 96 -58 -40 -54 51 -116 62 116 -119 -19 -27 -8 -107 -116 -47 -28 -33 -117 51 -55 96 -95 -35 -26 99
e -13 -32 9 35 32 4 -12 -21 4 -34 14 29 14 -19 -22 -50 -42 31 14 -2 -18 21 7 -7 -21 -38 26 35 -12 4 16 19 3 -5 14 7 3 1 -11 8 -1 6 -48 -1 -49 12 2 17 -2 10 -17 10 -3 -25 -12 25 0 21 -35 0 -14 35 -28 -19 -48 28 -13 -22 8 -32 -8 16 25 -21 -34 35 -7 -34 12 7 19 -5 -19 7 15 7 -7 -2 7 -46 -8 -7 -25 -1 -10 25 -2 -10 -17 -10 -17 -47 -3 -47 -21 -1 -21 -7 35 20 -32 -28 -33 -32 22 -33 40 -17 -40 2 -16 2 -37 0 37 -20 7 14 -43 19 -45 -43 -7 -9 5 -14 -5 -7 21 -7 -10 -34 10 -14 -10 33 6 -31 0 24 47 15 -35 21 25 19 7 -19 40 -25 -8 -44 -53 22 -31 43 28 31 -2 -9 -4 -37 24 -4 20 4 -29 -32 -29 -22 9 3 -12 -5 18 -7 7 18 7 10 7 -42 14 26 21 43 -4 -3 0 17 -5 25 -45 5 -19 11 6 -8 6 -23 33 23 -17 -6 -17 -17 19 -68 11 -13 7 6 32 26 23 -12 -4 17 -21 3 -18 14 7 5 12 5 -11 21 14 -31 14 2 23 -19 -21 -17 13 35 17 32 -12 -5 -12 -21 -10 21 35 -3 21 12 -1 -19 -5 -8 -13 14 1 52 -2 -2 -21 8 8 35 1 -16 12 -21 2 -5 -36 -35 -14 -3 28 2 -1 22 8 35 7 -1 -28 -21 2 22 34 10 -8 -7 21 16 -19 49 0 7 44 -7 -21 -28 -28 -23 22 7 -25 8 -7 -10 -16 21 -17 0 -34 47 -22 31 -68 19 17 -20 -25 56 -44 -7 -25 -33 21 7 -40 50 25 -38 10 33 10 17 -40 -28 -47 -2 61 21 37 9 -7 -20 -5 26 -32 -7 33 -9 8 40 -5 -33 -2 -9 -6 37 34 0 -28 -14 -25 32 -43 19 9 0 -29 6 25 -34 -7 -19 31 -10 -8 -9 -14 -33 4 43 -6 -4 0 9 -4 -25 4 34 44 20 -7 -8 -29 18 -33 22 7 6 31 26 9 -18 -24 4 12 17 4 -26 -5 -42 4 11 22 3 6 41 7 -23
s 111110111111100111110000010001011101011011100011111100101010101001010010
m 112 20 -27 -81 117 90 -50 16 65 78 -119 39 86 96 -26 108 122 1 22 125 112 -13 -93 -102 1 54 30 123 50 0 70 -126 106 62 -81 127 70 -126 94 48 -57 25 112 -107 50 -94 39 33 101 0 92 8 -85 -54 -95 -21 11 -67 66 2 -113 -6 36 116 118 58 49 -74 47 20 16 50 -17 -58 110 -38 -40 124 -65 -15 0 37 -39 -65 -127 35 -124 103 92 -90 -53 122 -123 -58 72 100 -85 18 97 70 103 11 -100 121 121 -45 -71 106 -25 -52 33 78 -55 99 79 92 -76 106 -101 -83 36 61 34 83 88 1 47 4 110 -101 -41 -57 -51 -43 -90 48 1 -60 -104 41 108 79 62 82 92 70 -84 -32 82 -84 100 0 118 56 -98 65 0 92 90 -19 -106 115 22 -40 93 44 100 -117 126 -77 27 9 90 -8 1 -71 -25 77 -19 43 -94 -77 83 17 -111 42 105 17 74 41 53 8 60 -123 64 -76 -17 -50 15 28 10 -99 -2 -85 11 109 52 84 -5 -23 123 39 24 -33 71 -66 22 35 -98 60 67 -109 -96 -122 -22 18 -115 63 -63 86 26 13 85 -84 -23 -93 -73 -71 25 109 100 -99 109 -61 -120 -115 -14 18 -121 56 -114 -59 68 -117 28 -93 -110 -92 -70 16 -42 -65 -59 70 -111 -10 122 8 -117 125 -99 -38 -73 -2 -127 -46 -103 106 45 -104 -9 -9 -16 -52 -42 120 84 67 127 -107 -44 109 -46 15 84 12 12 -50 34 -100 82 27 -88 -107 120 -35 95 -28 31 -106 77 29 71 14 -33 -43 -31 122 73 26 -32 -51 2 -13 7 -65 6 54 109 -41 37 -35 79 75 -57 40 43 118 127 101 -69 88 108 -63 48 -115 110 20 14 -39 42 16 -119 9 -43 -52 49 11 -124 -20 -63 85 14 -66 -9 85 -76 -100 -102 -80 -53 48 -72 -30 113 -126 1 -31 -99 122 -112 -17 -83 56 -38 -115 49 111 -113 4 75 -32 -43 103 95 95 123 35 -16 -29 90 44 -103 -2 -33 -74 5 43 -106 28 72 25 -57 22 41 -47 9 -21 32 -64 54 108 17 -60 -52 79 -18 97 6 -49 -1 70
e -13 -7 4 16 -7 19 16 -56 2 -14 -12 5 12 -20 -16 -20 -13 -43 -9 82 -15 -1 -87 28 12 2 -7 2 14 14 14 33 39 -33 9 -1 -46 -37 -2 -34 -37 -5 -34 -51 20 -51 -74 -8 -35 -7 23 0 46 -9 16 -24 -2 14 -6 -10 -12 8 37 -20 32 -11 -13 11 14 -7 30 19 -1 14 -2 -2 -7 -2 -14 -7 35 -52 0 13 9 -13 28 82 -28 14 34 0 10 -83 -16 -10 35 -57 28 0 28 -12 46 -10 -14 -37 14 0 6 1 -68 32 20 -29 -11 -20 -39 14 -39 -35 19 35 6 -2 6 -1 7 18 -1 0 8 1 13 8 1 -28 -8 -18 14 18 -36 -2 -36 4 -16 28 -22 -28 0 -22 -10 -14 -26 -14 26 10 -26 10 13 10 -13 28 -35 -16 -1 58 -4 1 35 4 19 6 19 -2 -1 -2 -5 -29 -5 16 8 -39 -1 -1 15 -1 18 -31 -28 -42 -28 -20 4 7 0 1 0 -39 0 23 15 26 64 -9 28 -2 -5 13 6 -20 28 20 -8 -22 -8 -23 -54 -15 2 -13 -28 5 7 7 -21 -21 0 -8 14 39 25 62 -1 -9 16 33 2 14 -9 -5 12 -82 20 20 -1 8 43 2 -23 -7 -14 -9 -16 -1 0 14 -2 46 -12 44 -40 20 33 -34 13 14 51 -18 -82 -35 -1 42 -14 -16 -51 -19 -14 -35 -2 33 0 6 9 62 -32 82 37 -11 -34 6 28 51 -32 -23 -35 -51 -2 0 14 -7 -46 19 0 -37 -2 13 -6 -7 -14 -32 0 0 -11 -31 10 -14 39 -16 19 -14 -28 2 -11 10 14 16 8 0 28 1 -13 10 -29 -28 14 -20 -14 0 39 -2 10 35 -16 20 -36 -28 39 4 -10 -54 -1 -28 -6 -36 0 1 -1 -17 29 -34 20 -8 65 -39 1 28 -35 -18 -22 -6 36 0 1 -4 -26 29 -37 -10 8 0 -5 1 26 16 -18 -10 -1 -36 -13 -24 4 -62 -19 -1 22 2 0 -4 0 73 19 44 -10 -7 1 -13 17 -15 -28 16 -28 29 1 -7 -4 15 -21 -24 -47 -23 2 -7 9 -5 0 -2 -23 39 -5 1 29 20
s 001110000010010000100000101111010100001110111111011011111000001110100011
m -49 -95 -75 -14 78 81 -102 94 -96 116 78 -66 124 -108 9 -29 -92 53 23 103 124 -42 123 17 -114 -44 97 -102 33 -29 47 -24 -82 -22 85 70 73 -39 -91 -2 -117 105 105 119 -69 22 -67 112 -73 -83 119 -81 -88 -39 -13 -86 5 -78 90 -44 -37 -90 90 86 118 114 104 -20 109 118 97 101 37 -78 2 16 105 -118 14 -58 68 -61 -13 48 -118 -86 -124 19 -77 -4 75 32 -127 -91 99 79 84 -33 65 -35 56 120 -106 -112 125 -84 56 -46 -4 122 -7 -40 117 127 -22 22 -84 99 124 -109 -52 -38 -57 52 -104 16 -56 -122 5 -34 3 -125 61 -11 48 102 58 81 48 -37 105 -74 -16 47 36 -34 15 119 49 71 -54 -50 54 105 -58 -43 42 -51 27 97 -47 -36 112 41 77 -38 67 -11 -74 -71 -96 -113 109 121 -101 -49 72 -77 110 -10 -61 -54 -6 32 21 30 67 41 99 47 -45 98 -104 -36 34 -12 58 -27 -75 -72 80 6 -42 -39 127 96 79 -5 -56 46 36 64 25 -109 -41 -30 100 -23 102 -49 -54 -111 -34 -113 -100 -112 124 -122 56 56 -82 -10 -123 30 -40 9 24 99 23 -84 -99 -113 56 -45 68 48 6 -39 -54 125 -4 -53 85 -50 -3 -4 -38 -85 -90 7 -115 108 -66 62 61 -8 -57 112 -10 -65 48 -68 113 110 34 -88 -9 -104 -9 -93 -80 -62 -85 -60 60 8 -64 -10 -53 -20 92 100 -124 -87 -107 78 26 -32 -69 -35 -6 -98 -91 -63 30 49 -7 -72 -68 123 -85 83 -6 -87 -1 -77 -18 127 -8 85 -15 -66 107 -28 75 -113 82 -45 -112 -118 27 -58 -71 100 68 125 79 -13 121 -108 -81 -41 -116 90 60 26 -98 -54 59 -109 -111 -64 95 78 -83 7 51 87 -40 -99 72 100 -78 57 109 105 -52 -101 -24 -19 -85 -74 17 -111 52 78 -75 -109 -22 52 69 -108 -88 74 -83 -25 68 -126 -80 116 -91 -107 75 42 -74 -90 41 76 -54 -88 -3 106 -23 86 117 -9 119 78 115 -33 83 84 -47 110 -1 -117 -104 11 -52 -62 81 -16 -17 -127 83 -79 117 122 31 92 21 64
e -6 -30 -1 12 30 -3 12 4 -43 4 -9 -61 -9 -26 9 -40 -6 10 7 7 19 33 7 -40 33 -14 14 -14 4 30 4 8 -24 8 7 6 -6 -56 -21 47 -35 -28 -2 -20 -41 -30 57 -22 57 -3 27 -3 6 15 13 7 -8 -4 4 5 9 -4 35 26 35 6 6 -6 61 30 61 -7 -37 -4 23 34 -31 -2 4 31 -12 8 30 -24 -7 24 -16 7 -16 -42 -2 -12 1 20 -29 -1 -57 32 -14 -3 -14 25 6 -25 -49 -35 -56 12 -7 -7 -35 -53 20 7 -6 63 34 61 -34 34 7 36 17 -5 17 -7 31 -42 -11 12 10 5 -24 -3 28 16 28 -33 4 59 14 -2 -42 48 -29 -32 21 -14 -36 14 -25 36 6 -49 -6 -21 -12 -21 -5 -1 5 -30 20 8 10 50 1 -42 34 -1 3 17 -3 43 7 -71 58 -7 58 -8 -3 -24 -19 42 21 6 -33 19 -15 14 15 14 -42 -14 -26 5 -26 -48 36 -27 -15 46 -21 15 21 21 -28 8 28 49 30 41 -36 -14 22 -48 26 -19 21 -6 15 28 -69 -14 -41 12 -26 22 4 24 -27 33 -6 -15 12 -20 37 4 7 28 9 -7 41 -26 -33 -22 43 -14 -27 30 -7 15 -12 33 -28 -49 -14 6 9 4 -35 26 8 -2 6 -21 20 30 -7 59 -33 2 61 14 -20 7 -4 57 5 8 -3 -4 -7 6 35 9 -35 -6 2 -4 16 -20 -35 -4 57 6 2 -3 -68 49 53 7 12 -35 -5 -24 -4 31 49 35 12 -12 -9 24 70 -61 -68 -29 46 4 23 5 2 -48 -31 29 -17 12 14 7 -42 -25 -7 16 -49 20 4 28 -34 -2 1 34 29 20 14 -14 34 -42 25 34 5 49 -17 3 12 -14 28 -1 -7 33 20 3 5 -34 28 30 34 33 -14 50 -14 36 -7 -42 6 7 5 -21 -3 -36 58 -28 -6 8 33 -21 10 -14 5 1 -42 -30 -3 -5 -14 -43 -43 1 26 -6 10 24 -22 43 6 5 58 19 30 -8 -15 14 -10 14 -59 -19 22 -3 15 -27 43 -32 27 -58 -26 -21 8 24 -49 10 6 41
s 111100101111111011011001001000100001101111101010110111100011001010100101
m 103 115 86 70 -57 -2 -111 115 22 -123 114 40 28 40 72 -48 77 -52 52 60 90 -52 -46 84 -41 -79 -124 -113 -21 24 26 -89 86 64 61 81 51 53 -119 -89 -40 70 -40 72 84 -62 61 -95 -93 -27 -55 39 -14 69 -1 112 13 6 14 29 -125 -91 90 23 61 62 92 118 -117 -48 55 -82 126 47 22 -21 -111 33 37 30 40 16 105 -119 8 75 70 -72 -67 115 -120 -71 77 -116 120 -106 67 -110 124 -43 54 30 40 -61 18 98 41 14 10 48 -64 -99 -22 -59 71 1 -119 67 127 -13 -122 65 87 -50 20 -57 -36 -65 -78 41 20 112 116 79 -22 -43 113 64 -44 -89 -44 43 48 -59 -30 -115 63 -5 -120 25 18 83 72 78 -52 -76 -122 -53 -107 115 62 -74 -70 42 -75 -25 26 87 -16 79 -117 -33 -80 -44 -71 0 -80 50 52 19 -61 -110 -93 -42 -111 59 -5 74 22 -98 16 -80 56 -33 77 -48 101 100 -70 18 -31 28 -33 -78 -127 83 -24 -18 -68 87 -88 -127 75 -12 -116 41 -82 28 -98 68 -127 25 78 -120 -97 90 -94 -105 66 -107 -50 -111 -45 74 -43 99 -85 44 -127 -73 -4 48 -19 24 -53 -89 32 64 -124 71 92 -16 9 -124 65 3 4 116 -106 -28 37 -48 4 -87 49 -123 28 127 71 -116 -6 60 81 -63 -31 12 91 104 108 -30 -100 98 -41 62 84 76 9 93 12 -118 44 107 69 -86 -119 -123 -98 26 -121 -71 -43 -81 33 -78 46 -78 -101 -84 -73 -56 95 -1 -107 53 47 -25 98 118 -64 -7 -111 -26 103 -70 116 127 -10 -26 -96 -123 -12 -37 -1 5 99 26 98 -82 -38 -6 127 64 75 -60 -127 -62 39 99 -19 -12 86 -19 94 -120 94 -106 7 109 -103 -47 0 -9 -1 22 119 -62 51 -83 18 103 -7 -109 -35 -121 3 24 111 -49 67 21 -40 74 88 91 -82 -107 117 -2 -84 -118 -52 -24 -40 42 -127 -104 103 27 1 86 93 96 76 -42 95 13 -21 -37 -115 86 84 -116 -95 -2 118 -123 89 -13 -95 122 -101 86 102 104 116 -20 -90 61 67 -65 -92 18
e 28 42 23 1 -42 12 -1 3 0 -3 -4 -19 -4 21 17 -21 28 57 7 -41 -25 -6 42 14 -6 -4 -2 -4 23 -1 -19 4 -54 -4 7 -40 -13 -8 -18 11 8 -21 11 25 -16 -25 59 66 -54 23 16 -23 35 14 -8 11 -23 3 -9 -12 4 9 -49 21 -49 -63 28 -55 22 -50 -22 -11 6 -7 6 -4 -27 6 -19 32 -23 -4 -23 -11 36 11 5 41 -5 -7 11 -1 42 -25 -27 -42 54 27 5 23 5 16 -13 -16 17 -8 16 1 -13 31 1 49 0 1 -55 0 20 -22 -20 -11 -11 11 -9 12 -9 -31 -27 46 -37 -23 8 37 11 8 -7 -5 7 5 7 -5 2 6 -2 46 66 21 11 -48 -19 11 17 19 3 16 -3 43 -1 43 1 42 -1 21 0 17 46 20 24 -46 -11 23 2 9 2 0 -31 20 19 -1 -19 37 -8 54 40 -7 25 -40 -42 -25 14 2 20 -2 -46 -2 -1 -37 -1 -54 -19 -36 -14 3 -18 -14 43 18 22 1 21 -16 21 16 -78 -16 66 -16 -21 -33 -18 28 -14 -21 42 -2 16 1 1 66 3 54 16 4 52 14 -1 -4 -18 3 -7 21 25 -41 16 21 -6 66 43 4 16 42 -19 -28 1 -6 -23 6 19 -13 4 19 -8 -21 -14 11 28 -7 28 42 -41 -54 -36 -11 -22 -4 -25 56 -19 54 -12 4 23 -9 -7 -13 -49 -41 -33 -55 -35 9 5 25 -49 7 -54 55 -6 -24 22 -27 13 -11 -23 8 -12 -11 9 -27 -16 54 -23 -13 55 11 68 49 5 -27 -11 39 -5 12 6 -16 27 -27 18 29 -5 -31 -47 -16 21 38 16 0 -7 -1 20 -20 42 11 -27 0 2 -5 -20 -46 -16 -12 37 -16 -9 -8 1 -31 20 42 1 -5 1 -18 12 -22 7 21 11 -5 11 -9 2 -19 -42 46 25 -1 37 47 8 62 19 7 3 17 -5 43 -46 7 1 -23 49 55 2 42 -11 0 19 23 -21 3 -2 -54 -43 0 -40 -1 35 25 21 17 14 -11 46 -29 23 25 -66 2 -14 -16 0 2 14 -19 -1 -29 -17 -76 -21 46 40 -17
s 101110101001101000111111011100000110000001001101111100110111000110110010
m -59 74 67 -54 -44 -30 -115 36 -54 82 -68 -22 -127 -83 -114 -33 -125 -123 124 -16 -35 102 -100 -91 -36 -17 5 -41 127 -77 49 -65 123 -101 -40 -12 -90 33 75 74 7 17 85 -85 -39 -47 53 -66 -36 -64 -71 97 -118 -17 -8 -55 -121 -67 105 -33 34 38 26 -110 49 105 5 -53 35 2 13 22 93 -63 -70 67 93 -73 -102 93 -35 121 -70 117 -77 6 64 -54 -56 -90 -40 47 70 -32 -104 -34 59 110 8 -86 -77 -49 52 85 38 62 -43 -4 50 -100 -122 -109 116 -99 -62 118 110 104 120 10 80 -13 -80 -56 105 61 61 118 45 46 88 -30 40 -82 -55 -120 56 41 -20 -15 75 5 -65 -107 103 -83 20 77 -13 -78 117 61 -8 17 84 117 -90 -12 61 122 52 125 -98 29 120 -54 87 65 49 104 120 -64 -16 102 -6 -46 98 -73 115 46 18 62 -91 101 -97 116 -29 69 -56 84 -11 -117 72 -127 112 -32 17 -117 -94 63 -114 66 -97 100 -23 -23 -56 66 -106 32 83 37 29 -9 -116 69 12 26 -16 -52 -44 -5 66 59 120 12 1 -99 94 -15 -57 115 -27 26 -57 94 104 109 -8 -32 106 64 42 10 49 49 3 -108 7 -77 36 -54 59 61 -71 114 27 -65 92 -36 45 -38 -9 114 108 -124 81 -108 20 -8 -32 -31 -17 -35 22 -89 10 -50 40 90 33 -81 33 61 118 -106 53 -119 100 -108 -120 5 27 -72 39 -107 101 -47 -120 21 77 -104 -25 44 48 56 115 -1 99 30 98 69 60 98 -69 -42 93 -85 -42 121 -93 -90 89 78 92 39 118 38 -50 -65 -12 123 10 -72 -92 -7 18 116 -94 22 -109 -43 -61 15 -19 -36 62 -48 1 22 -40 -45 -93 -8 90 74 -8 -83 85 50 -106 -122 -39 -64 -30 -107 44 -65 78 111 103 90 -34 -3 -31 -2 66 6 48 124 -44 0 -18 -41 -58 -6 55 100 3 110 -19 100 -116 115 62 -14 -102 101 72 115 -32 59 -15 11 -40 19 72 -81 47 -61 -119 40 106 -73 34 30 19 -25 20 -82 47 77 24 3 -121 -107 121 -107 108 -78 -53 78
e -3 -2 -30 7 2 -14 7 -59 10 -32 30 3 30 9 -26 9 -3 49 7 18 23 -28 14 10 28 -24 -52 -15 -9 1 -9 8 14 8 -7 24 46 7 -14 -28 29 -5 -28 5 28 5 7 17 -7 -29 -7 29 46 21 11 20 29 32 -34 35 -60 -44 24 9 23 -47 3 53 12 -39 15 -37 -28 -16 -5 15 -1 -5 9 -1 -22 -8 -22 6 -7 11 -49 14 56 -16 28 -4 30 5 35 -61 7 -35 32 -29 -7 1 -54 -1 15 7 -15 42 -34 -6 2 -23 -7 2 47 -7 -48 12 -48 12 -20 -9 56 29 -56 6 -1 3 27 22 -7 -28 6 7 0 49 0 -14 -16 26 -17 20 17 -3 -35 -42 8 7 -54 -8 -1 12 -16 34 7 -6 4 6 3 30 3 42 7 36 -49 55 -30 -49 9 -30 14 70 -22 -10 -30 10 -3 2 -3 26 -7 14 11 0 23 -11 14 -23 10 -17 18 5 3 5 -1 -27 -1 -14 -12 7 15 7 14 -15 6 14 5 3 5 -33 42 -28 -17 -18 17 7 -9 -27 21 -3 10 15 -2 -5 -28 -7 -15 17 -32 -52 -7 -30 11 -15 7 -8 -14 -32 -29 5 -30 -14 -28 -11 -28 -17 5 -15 50 2 -9 15 -7 -28 -29 -32 15 46 -30 9 7 9 57 -28 3 -7 -5 2 -14 -32 32 35 -12 -15 -5 20 -32 -7 -29 -8 42 34 7 -46 23 14 7 47 -28 34 49 -20 23 -16 7 47 5 -29 -12 -1 -46 20 -31 7 -29 6 -34 19 15 23 22 -4 -47 6 -30 -12 -49 35 20 16 -7 29 5 -1 -1 -54 -56 22 -7 -6 -6 -1 -2 49 -15 14 18 -4 48 5 -30 -9 35 -7 57 -7 -48 -3 -43 9 -27 -15 56 16 -4 6 0 -30 -2 -14 7 7 -3 48 0 -42 9 14 8 -56 -17 12 -6 -17 -7 9 27 -6 -7 12 3 -7 -7 -26 14 6 -57 -17 17 -30 -3 42 -14 27 8 10 -12 -30 -1 7 -14 14 6 -13 11 3 -3 23 73 -26 10 8 -49 5 -59 -23 -26 -14 -10 -7 -10 -5 -15 -20 1 14 26 -14 -5 49 11 -28
s 101110011011010010000100001111011101110001000111001111110011111100011111
m 86 -114 23 56 -16 55 51 -95 -65 102 -118 -92 -83 117 -40 -59 -30 20 -70 51 84 -109 62 43 21 89 -38 110 106 -59 41 13 57 -49 -69 1 26 48 -104 97 -122 -63 21 -13 90 122 38 -126 26 -20 -120 -41 34 -103 -42 115 -27 -85 -18 68 -86 -2 -111 -72 -61 8 22 -46 65 117 22 -116 22 -19 -79 45 29 -55 -56 -68 -62 -23 -40 125 -14 40 43 -67 126 -79 0 -79 4 67 6 -119 -81 -62 -53 114 5 -61 -85 84 114 -103 -46 37 88 -27 39 -45 -68 -97 -125 43 -33 6 22 -8 -54 15 4 91 122 81 67 -126 -112 -38 37 -39 56 22 43 -71 -99 -123 -113 46 38 -101 -64 -111 -48 -43 -82 8 -58 74 95 45 91 -16 -70 -43 -83 122 88 -99 70 80 66 5 -98 -34 57 -77 -70 55 -24 91 -126 21 89 108 -91 -45 64 84 27 -60 56 -81 -49 88 91 -89 53 1 -70 -30 83 -18 -67 -72 41 27 -16 127 96 -79 -108 24 111 59 12 -110 71 -62 -8 -125 -123 126 73 67 82 53 -87 124 -64 72 93 -90 -34 127 57 -83 98 -102 -39 82 -77 20 -57 -72 -44 -7 -1 -115 113 67 15 89 82 96 -114 15 123 -28 -56 -110 83 -82 -54 121 23 -52 52 14 54 -61 -69 -36 47 89 -22 -63 -48 -38 -75 35 -26 -91 -92 -8 86 -98 -94 108 92 1 30 -95 116 19 -125 122 63 -96 -6 87 -49 21 -90 -54 47 -65 105 22 -8 61 -120 112 -6 -35 -87 7 -39 -76 -89 -113 91 18 14 -118 -67 -107 58 27 -66 -60 -106 99 19 -91 -127 104 19 -12 33 124 -26 108 -59 -58 65 21 -85 124 -113 -20 14 -84 -125 -76 90 68 65 96 -22 5 62 56 -49 -87 92 118 -5 -88 106 -126 22 -110 108 91 -101 0 -106 101 -13 -101 96 -30 122 -52 0 -98 25 -25 110 31 -53 101 -117 75 -90 75 32 9 -59 122 -65 -8 88 39 5 59 2 -73 -124 3 -118 125 -97 86 3 127 56 -110 53 75 30 -78 -50 -119 82 68 -110 108 106 108 -122 19 17 -115 4 39 86 -123 70 74
e -20 -14 8 -37 -25 -21 -37 7 19 -7 -46 -3 -46 52 4 -54 20 -27 1 -17 43 19 -17 47 -20 14 -16 14 -13 2 -13 21 3 -12 1 49 -7 -48 39 0 42 11 0 -20 14 12 23 -64 34 -36 35 -18 -7 -18 45 -7 -6 7 -1 6 -46 -1 40 -52 40 -41 -27 7 -6 14 -6 7 -19 -19 42 14 -7 42 13 7 34 -12 34 16 1 16 6 17 6 -17 -19 -19 13 12 13 -4 -23 -6 -5 18 7 -57 7 54 -5 42 5 19 1 11 5 43 -38 -5 7 51 20 -20 -29 -14 7 7 -55 6 -4 -11 -7 27 0 35 -20 0 16 -22 28 -6 -28 0 -17 0 1 42 -1 27 -6 7 65 5 -5 -66 54 5 47 5 -47 -66 -19 38 20 -4 20 -7 38 -4 18 20 8 18 -7 8 49 -4 21 -35 -11 -19 -3 -5 3 -4 -20 -3 1 -28 -47 1 0 -43 38 12 -38 -16 -27 -27 2 0 -2 3 -5 -35 18 -47 39 18 38 -39 -56 -20 -11 -14 38 -14 -64 -65 72 -35 52 43 39 -20 -38 -11 14 -16 -14 -37 -2 -64 -7 -3 59 46 -1 21 37 -12 52 75 13 11 46 -17 30 52 -19 64 20 21 -35 -14 13 -18 -37 19 -18 -7 14 7 72 -36 -42 -52 -12 0 -20 -1 -12 -14 17 -23 19 0 6 -14 -12 48 -13 -23 -6 12 18 2 -1 7 -40 -42 42 -7 0 -1 -38 12 40 17 -23 7 -49 -18 -6 -7 23 -7 34 -42 -24 -16 -1 -17 5 40 34 -19 -7 29 4 6 -6 -6 -7 17 -5 -6 42 54 -7 -6 4 -34 5 24 16 54 -5 6 5 -38 17 33 20 -42 -4 -7 6 -38 -1 -5 -20 -27 54 7 0 -14 -4 -20 -19 11 28 4 -23 0 38 20 28 20 28 -7 -7 -41 65 -4 -1 -5 -11 52 47 -5 7 -38 -20 -5 3 38 -62 -4 0 38 18 1 20 21 27 -7 21 0 -65 -19 14 8 -15 -47 21 24 -38 -19 -1 20 17 43 -7 4 38 -65 -18 -16 -8 -43 64 -21 -38 -35 -19 16 -18 3 -2 39 -5 3 -11 18 1 14
s 100110010000110001101001111110110111001011011001101111010001011001101110
m -19 -105 -33 -45 -51 -16 36 -11 69 -97 -6 -80 79 62 83 32 59 11 43 -75 78 -81 -34 6 -21 64 -2 83 121 35 -52 78 7 10 5 -103 94 -19 -30 85 69 64 27 -20 -107 -26 76 -68 118 121 122 -53 4 37 68 30 -119 -102 -105 3 39 69 -13 60 95 118 -35 -108 -24 100 68 -45 0 -46 -50 -78 -24 -93 -2 -13 10 -83 -71 -91 -105 -48 76 -49 110 -20 -32 -107 57 108 -75 -116 74 60 47 45 -52 -108 103 101 85 -69 28 -24 -2 63 83 42 -65 36 28 79 110 -74 22 43 -68 -2 16 -8 -69 69 30 90 -93 42 119 110 41 42 90 -107 -117 14 -53 -59 -54 110 16 43 -20 -13 -81 21 36 36 -113 -8 -117 -79 -61 47 -98 88 -104 -77 39 14 -55 22 -93 87 -120 -21 -36 72 111 -74 -42 13 37 61 109 -122 -117 -61 -122 46 35 -119 70 32 122 32 -69 126 125 87 81 85 -26 112 -96 58 -36 2 118 71 -55 -10 -66 77 -94 95 14 39 -120 -100 79 -127 18 102 -7 -119 -11 -93 68 -20 71 -10 6 -32 57 39 121 -100 -16 -84 -76 16 35 22 123 115 23 16 -80 -32 -6 -27 -97 82 -119 -4 108 20 -120 73 -67 118 -47 36 -81 -28 -95 -46 53 -30 67 -92 117 -125 -37 -66 18 -2 -56 87 -25 71 -85 109 118 -61 107 -16 -48 25 106 -39 -53 53 -64 55 -10 -28 -119 -27 -99 -37 44 21 105 50 -32 27 27 -118 107 -29 -14 -73 69 -102 19 -36 86 -98 -1 -107 29 68 -46 31 -69 -30 -6 87 7 -119 -68 -34 38 27 70 -64 90 -101 85 38 123 122 -119 -92 46 -22 -110 -103 -82 23 62 -77 -100 -95 -88 55 98 125 -54 116 84 2 87 93 -64 117 17 -112 88 3 5 4 -94 -109 10 50 -49 36 -54 77 -35 -10 -67 -83 68 -34 -43 79 99 57 -87 -52 -40 36 123 63 -103 -51 -21 -10 55 35 -112 125 -38 -61 101 -75 -96 92 62 73 -84 -100 56 126 -21 106 -96 -12 -99 -29 55 -74 -29 109 -68 14 13 10 90 -42 -74 76 68 96 -49 127
e 31 18 56 -28 18 19 28 32 -12 10 -35 -9 6 7 20 7 -17 -19 5 -16 -26 0 -16 19 0 4 -9 4 2 -23 -2 9 41 14 21 -28 4 26 10 9 -17 13 9 -23 -6 -18 2 -16 2 -40 2 40 24 -9 28 40 -3 10 -2 7 6 2 -32 7 12 -1 17 1 -22 -18 21 -27 19 18 7 -4 12 7 -41 21 24 -9 -9 36 -5 36 34 -16 34 27 -9 -21 26 18 18 -26 2 -18 6 -42 -6 77 4 -77 17 17 17 -74 -22 -2 9 12 -15 9 -1 15 -3 -21 -3 -2 -27 32 -34 -3 14 -2 -12 38 -9 9 37 9 -42 60 -5 -34 5 52 18 -13 -14 -7 32 68 28 -4 9 6 -7 -9 77 30 -31 -17 -31 -46 -21 -42 -35 -26 64 4 -15 50 10 -3 29 10 2 -29 -14 14 14 -31 -2 -12 9 -9 -9 -20 -37 7 28 5 -26 31 13 -26 -6 14 6 2 38 2 31 9 23 7 7 14 -9 31 10 12 42 -10 -13 35 14 6 -4 -6 16 9 35 2 -24 26 27 17 6 -13 -18 -2 6 -31 -23 16 -10 -7 -2 -6 -28 -9 28 9 -10 -10 5 13 -6 -16 -6 -7 0 16 17 -56 2 -45 -2 -9 -28 0 40 -10 -4 -4 -6 -2 -17 -7 9 -9 -17 -5 -18 18 28 -39 0 9 -21 4 -18 27 2 -2 3 -9 40 2 5 -4 -12 16 17 -1 -24 -2 -34 -18 -12 18 2 -1 -7 -40 -21 -12 4 -27 9 17 -3 36 2 12 25 -12 9 -21 19 36 50 21 -34 -18 -27 18 -19 3 -20 77 12 18 -14 9 6 2 -36 77 9 41 17 15 18 -21 -3 7 -26 2 18 15 14 -6 3 -38 89 -2 9 17 14 37 21 -33 -5 26 -9 13 21 -37 35 -20 -70 12 2 -13 -32 -14 -14 -7 2 38 -54 -32 -9 42 37 7 -9 -5 31 20 -13 42 10 14 35 -29 -38 -4 14 -59 -9 -12 7 -29 23 -31 -14 -7 42 -12 28 35 -9 26 4 20 -6 -9 10 -2 29 28 16 14 -6 2 12 2 -9 38 -23 10 -20 7 13 -10 -28 6
s 001100111100110011101000101110001001010111101010010101111110101101110001
m -123 -31 85 122 -49 44 72 115 14 -113 -10 -68 -123 -57 124 70 -67 -80 57 -109 56 32 -108 106 41 54 -21 -4 -125 -74 -93 -98 -52 24 -34 113 -9 -74 -112 85 -117 -30 -15 -96 115 81 124 64 21 116 76 -71 -23 116 -70 -126 60 121 -85 -71 107 28 2 -33 -67 -64 -40 -95 24 -102 -80 -104 52 27 13 78 -40 -52 54 40 55 26 91 46 -64 -73 52 112 -24 125 -77 127 -24 27 -42 -124 19 -119 17 35 -99 4 96 101 74 -39 -96 -86 -8 20 -60 -117 19 -53 85 37 17 32 113 -22 -8 66 57 -125 -101 -46 -19 -76 51 -94 -6 35 -16 -71 47 6 1 -107 -117 113 107 -24 69 -113 88 110 21 -117 -51 27 52 -25 -48 116 -31 1 -82 -89 -21 24 -17 25 40 -71 21 54 101 60 103 -47 10 48 -60 28 28 33 -98 -69 -15 32 78 12 -107 -19 -106 105 -109 112 -55 -121 -47 125 27 2 -65 -112 5 -31 -73 -13 -60 -22 125 -47 -89 77 -41 104 -6 33 6 -44 -52 124 15 105 111 104 104 -17 -92 -85 -68 -122 -76 -60 33 -115 -97 49 -39 36 3 -62 -124 -90 73 108 -71 -116 -55 -102 88 87 110 -37 67 71 -93 26 -96 -37 -77 19 -59 83 82 13 95 49 -110 8 -120 36 -2 -114 75 -46 1 -125 119 65 90 62 105 17 16 -100 -3 -82 103 -55 -65 -60 -112 -48 85 -68 61 -24 11 36 68 -31 -25 104 -106 82 -86 -101 -124 0 -56 -85 86 124 97 10 32 -47 105 -81 -126 -8 104 5 74 84 -96 72 80 7 52 -19 30 -80 28 45 -104 -74 42 62 -89 -70 31 -57 -3 -9 -70 41 18 0 -48 58 127 -25 -1 43 118 116 113 44 54 28 -30 80 -57 -117 66 124 88 2 117 5 116 -44 -10 50 -53 -63 80 51 -44 -7 84 8 -113 34 36 -55 107 57 -6 97 16 -76 52 95 -82 4 -103 -51 37 84 71 114 -74 66 86 63 44 117 34 98 32 -77 92 0 79 38 -36 100 69 -67 19 -110 2 84 125 8 63 -3 91 112 1 -15 23 -86 -83 -75 -37 98
e 2 23 4 53 23 9 53 73 -25 -73 -32 -14 -9 7 21 -7 2 -19 -30 -1 0 -17 -1 32 -17 4 2 -48 -14 1 -14 21 11 -23 50 -3 12 -35 14 -14 -35 6 32 -24 29 24 -17 -2 -17 31 -7 -31 8 -33 -53 0 -3 73 7 3 9 -7 42 7 -2 60 2 56 5 23 -5 0 -17 3 -21 4 -9 12 14 9 40 -21 40 7 30 -7 -6 1 6 3 14 -8 -16 32 -42 -16 -19 -37 22 52 -15 17 -8 4 -28 -65 28 8 21 25 7 -2 -33 7 -56 -17 -1 5 -1 0 0 0 -25 3 25 -18 -9 7 31 -40 2 45 -7 2 1 -10 17 14 -3 -14 -61 12 -70 7 37 6 24 -15 22 19 4 45 6 -28 6 -30 8 1 15 16 19 6 -17 -21 46 -1 4 19 0 -4 33 -25 -9 -13 18 -13 -14 7 -60 21 -2 -28 3 -1 0 -3 14 0 -32 61 -32 -2 -7 -3 1 -31 -1 11 22 7 33 6 -14 33 1 -14 6 -15 27 39 22 -29 2 19 -2 -7 -7 0 -14 2 -32 6 23 2 -29 -62 -1 2 -73 -11 7 9 -28 33 -53 21 -14 73 30 6 -9 -1 29 -7 -17 2 -2 4 7 -28 -14 42 -53 -28 -31 85 4 -8 9 14 -35 -29 21 -14 15 30 24 23 42 17 -17 -14 5 4 24 0 43 17 7 21 31 7 30 8 -2 -1 35 56 -14 7 -6 24 2 -3 17 -56 12 31 -5 -9 8 7 -40 -35 -3 7 -7 17 -28 -2 40 8 56 -14 16 21 -6 37 0 3 15 -3 -12 -4 9 -37 -42 49 -15 -18 7 4 7 6 -28 17 -24 27 1 -12 21 9 -37 -17 -61 -15 5 -7 4 0 31 -28 -25 -2 8 18 -1 -16 -7 -14 -17 -6 -15 -1 1 -6 0 -14 -19 25 -61 -22 -18 24 -6 -47 -31 -1 -2 22 14 1 20 21 -44 1 19 -61 15 17 7 -6 9 31 19 -13 22 4 -1 -6 9 -11 -1 -13 -3 15 14 -49 6 21 -42 19 19 2 4 0 -14 9 32 -12 -13 2 -33 14 -5 64 28 11 6 -19 3 29
s 000001001011011001111101000110101100111000110111001000101010110010101010
m 22 -42 7 14 119 28 123 -40 112 17 96 65 7 51 23 98 -103 -1 -76 118 -65 126 10 3 120 -54 41 104 126 96 -27 8 124 -1 120 -102 75 -108 43 -60 56 109 28 -105 100 109 -103 67 123 65 -13 87 82 -86 63 65 -84 1 -118 -50 26 -112 115 42 -22 -108 11 -77 -63 -54 98 58 -95 83 101 123 -59 51 4 82 65 -55 -68 -108 53 -122 -96 -19 -92 48 -108 -118 62 -110 -28 -126 -4 108 -11 114 -15 -56 -74 70 -82 107 -114 118 -99 48 -39 115 -88 -50 -12 120 58 -103 20 -44 45 -89 -11 5 -98 -81 -113 -54 61 33 97 46 104 -125 -99 69 -39 -95 -110 27 -6 84 -82 65 64 81 14 -8 104 81 -34 104 -122 -47 33 -116 22 22 -50 107 42 57 -24 125 -112 91 70 7 -31 -47 84 98 122 -12 87 37 -107 103 114 -96 53 -25 -104 -47 64 66 -7 9 30 13 84 99 118 63 -105 -83 103 75 110 -88 -39 -24 -106 -10 34 -57 42 120 -125 66 4 -55 74 -118 -74 -119 66 -69 22 -120 -71 -111 40 114 -50 -46 -99 -28 62 120 36 54 -122 -61 35 -104 -86 17 82 -63 66 -6 97 -37 -60 -21 123 -65 77 47 -120 15 -118 -65 -1 -50 2 15 87 31 86 -74 -89 -48 -34 -81 49 -20 -103 93 -26 -115 66 67 42 78 -125 45 -34 -111 32 -123 122 -102 -72 -50 -37 -97 -71 71 16 -53 -127 -66 -23 -125 -24 85 113 112 120 92 -127 112 23 -113 33 84 -5 19 -10 -104 -36 -104 122 -93 41 -102 -44 87 2 123 3 99 -96 -87 105 68 -121 104 54 -16 -61 -26 -13 -102 -122 99 17 12 102 69 -126 10 74 -110 -4 119 1 -39 119 -108 118 108 51 -65 105 -72 52 -121 -52 105 -116 -61 10 -125 30 0 115 -33 -66 69 52 97 -4 73 -42 122 -35 -9 50 92 -8 59 38 121 55 -76 -2 106 -44 4 -119 110 7 -72 -51 37 35 107 50 25 21 108 -4 -121 82 -100 41 86 101 -56 81 -51 -103 125 -97 -57 78 -46 3 98 37 -17 26 -116 -97 67 8 120 6 -23
e -10 -18 -33 31 18 44 13 -1 -3 1 7 15 23 33 -52 33 10 -7 47 -6 -8 23 -6 27 23 -2 -45 2 4 23 -4 -1 22 7 -47 -4 14 33 -20 25 -33 -7 -42 -37 21 37 -4 19 4 -1 32 -1 14 -9 13 -39 -5 15 29 -5 7 29 17 33 -17 11 -20 11 -58 -18 56 -39 -23 42 -3 2 72 -3 24 -52 -9 1 9 -48 -67 -48 -14 6 -14 58 25 -20 63 -37 56 -55 -21 -25 2 -1 2 -1 -14 1 5 -33 5 20 29 46 44 17 9 35 32 -9 -4 -56 -4 27 -39 27 29 21 10 -42 52 39 -37 -9 -31 -37 48 31 -9 14 -9 0 -42 0 12 -3 6 -39 -25 -4 7 2 8 7 -1 8 -4 5 4 -19 45 19 -2 55 2 -4 9 -21 -1 -4 -7 1 27 7 25 -10 25 3 42 -3 -15 -35 15 21 -31 -22 -4 -9 8 4 0 56 3 -6 3 -36 -39 -36 -23 37 23 22 8 12 -9 -4 20 -14 19 20 -7 2 7 21 -4 -21 19 -7 -19 12 33 -8 -38 10 -3 7 18 -36 -21 -13 -23 -19 1 22 -12 7 -4 -9 13 1 20 1 -47 7 7 9 21 -37 -23 -25 -10 -2 -12 18 -4 9 -13 -23 28 -1 48 65 7 4 -33 -33 1 25 10 47 37 -35 6 4 -53 25 56 2 43 -39 -4 4 -5 1 -1 29 -47 -14 -17 6 49 11 25 -29 23 -37 -17 -42 -4 11 3 -1 56 -52 14 -39 9 -33 5 -48 -63 -52 12 20 29 -20 11 -48 55 -56 14 25 40 42 -7 5 -11 1 52 25 -10 -9 2 42 91 -1 35 -14 5 9 -42 20 -4 -3 55 -27 25 -21 -6 2 15 -39 14 27 -37 5 -10 -31 20 -42 9 -55 -35 0 9 -31 -2 4 35 4 -28 -7 7 10 6 8 42 -39 -7 -35 41 19 47 -45 15 9 -4 -21 0 19 1 6 -37 -7 48 -4 -25 -37 13 3 -8 -7 23 4 25 22 20 -3 -6 -2 15 -8 -4 -21 3 -7 1 36 7 8 -19 -25 3 12 -11 -36 9 -44 31 20 21 22 -37 1 4 -44
s 110000010010001001100001000001101001111010110010110000011000111100101100
m -71 -56 77 39 92 -94 22 25 55 -108 74 -67 -124 -51 -31 82 -87 30 50 -13 110 4 -59 -69 98 -112 1 27 -119 14 34 -85 116 -45 88 100 80 -97 -9 22 101 100 55 -83 102 92 -29 46 102 2 93 23 -27 38 36 -109 -69 -47 114 -67 -36 2 18 -58 -85 -89 -35 -126 62 112 3 126 -102 41 -50 -102 -57 -108 7 26 125 109 -48 -89 121 58 -35 43 15 82 113 96 60 -77 -122 -99 56 -53 -78 -112 109 -62 60 -40 112 36 -16 -33 52 25 16 -83 -91 -123 50 -1 55 46 -29 -29 1 -99 110 1 10 -51 -83 126 23 -55 -90 104 122 -7 -94 -103 -29 -12 -93 -112 85 -104 -90 -104 -85 59 -63 -27 -85 -70 74 87 64 -14 -28 -70 64 -119 2 95 -33 112 84 -34 112 -40 16 -65 -120 12 39 44 95 3 -56 -31 90 97 21 55 43 -63 74 102 92 51 117 -122 79 76 -69 -92 33 -111 63 -30 81 -12 75 -13 114 64 -122 21 2 -75 -53 65 115 -38 108 -49 -67 -105 -24 25 116 -75 -53 70 -85 61 37 -121 -50 81 -70 83 107 63 -77 -53 112 -52 -93 120 39 -127 -83 15 -59 -77 -57 -67 -107 43 57 -91 64 91 38 -92 20 45 9 41 15 85 -14 -19 -121 34 -100 73 -97 119 -127 64 81 -37 -20 -71 53 52 -53 86 85 -27 -103 14 99 79 97 -59 -67 -13 59 -71 108 -103 -44 22 64 9 27 40 46 -60 39 -125 -17 -24 74 -75 40 -28 49 -125 43 73 -108 84 -39 103 -21 -124 31 44 3 -26 1 94 52 60 -49 -36 43 -84 15 -37 13 -43 -82 113 -124 -45 -86 -68 64 59 119 17 -39 -64 35 116 -79 -84 112 121 -77 35 -115 -103 -24 126 -98 23 -32 -120 57 -100 -11 -118 -17 0 81 86 7 60 -99 -48 -21 118 -14 58 80 -116 -62 84 -21 -41 -19 -71 72 120 -9 -80 -44 -69 0 -126 87 -25 -9 96 93 -77 16 -1 109 -4 53 39 -15 -77 31 -98 91 126 7 -121 18 -114 54 84 -27 36 89 -95 -86 -43 11 118 -54 116 -80 -38 6 57 93 -48
e -31 33 11 18 -33 -32 18 36 -3 -22 -13 -19 13 30 -30 -30 -31 8 73 -12 66 -18 -12 -7 -4 -14 38 14 -7 -14 7 13 4 13 44 -14 -15 -32 35 -49 32 -6 -20 -20 34 20 -24 21 24 8 -12 2 15 10 18 -1 -1 -22 2 -1 13 43 -56 30 16 -35 -50 -35 -3 -33 -35 1 4 -8 -41 -14 23 -41 17 -43 42 -13 -49 -12 44 12 14 12 -28 -8 -20 -21 -19 -20 -32 19 24 -32 -1 -2 1 -35 -15 -38 -13 52 13 21 2 -19 -28 16 1 14 35 40 -26 -3 35 -15 3 -15 -9 35 -38 19 23 0 -22 -42 -7 -21 12 -38 -15 14 -15 63 8 11 -31 -41 31 0 -32 0 7 -1 42 7 35 -42 -1 14 1 2 -21 2 10 -19 -2 0 -1 -28 8 26 11 -8 -15 14 32 -9 32 -28 19 3 19 -14 19 28 7 -4 -14 15 66 -14 -11 -66 7 -31 -7 -1 0 -1 -13 21 -13 -4 -42 22 10 -1 8 10 -47 8 6 2 -6 -42 0 -34 -21 7 -24 -12 -30 -74 8 31 -7 -6 -49 -1 -34 18 13 21 22 4 12 13 -14 -10 -18 -13 -8 -22 -44 -6 13 -12 -34 30 4 21 31 -14 -12 -33 7 -10 20 -4 2 22 24 -15 32 -7 -32 -45 13 -20 -31 44 -20 -33 12 -24 4 20 -3 14 -20 1 7 -24 -1 -40 2 2 44 15 16 -12 32 -35 -20 -2 14 47 -16 -23 24 35 44 -2 -3 23 24 -1 42 -32 1 -12 2 23 -13 -16 -42 -21 -35 12 21 3 -14 32 1 8 14 1 41 35 23 -35 -9 -42 1 19 25 -35 14 -14 13 1 8 21 -26 41 -19 26 -32 1 -67 1 26 0 35 15 21 -13 9 -7 29 -19 -15 -19 14 11 -1 -7 -2 26 -26 -52 15 -11 -8 -9 31 66 22 0 1 -14 -21 2 -7 -42 -19 -15 1 -28 -11 -2 -16 31 -2 -11 -29 0 32 21 7 -3 -42 -11 -13 13 32 -11 -2 -3 45 -2 19 -66 0 28 61 7 8 -1 11 66 -21 35 7 12 3 -1 19 19 13 -8 -28 -4 -14 8 -14 -34
s 010101001101010100111110011011000011101111010010101000111100101000010001
m -49 109 37 -38 87 19 -63 -18 -115 110 -69 -79 85 -123 -120 -81 121 80 82 26 -80 -102 103 102 -61 36 33 -51 -11 -100 -43 105 43 116 13 -100 -105 77 39 -79 117 -84 94 49 17 111 -31 -92 38 -25 -41 -81 31 -119 79 -53 7 49 2 -36 -43 18 102 -51 -113 -46 93 69 22 40 -45 107 -109 28 -117 77 106 53 -9 27 28 1 123 97 25 25 -111 -116 -80 91 33 -125 23 -54 -56 -73 58 78 104 97 74 -53 66 115 4 94 -47 -66 96 79 62 -6 -3 103 -102 127 -38 -124 -30 -95 -21 26 1 96 44 120 104 74 -112 15 71 32 67 92 74 20 -40 120 83 115 -47 -15 102 -109 59 35 -43 17 125 38 -57 59 -123 -60 -87 50 1 100 -108 73 52 -12 -88 77 90 -117 -94 102 117 27 29 35 53 113 -86 51 -99 70 84 -71 -46 21 -82 19 25 -26 50 40 3 46 121 -49 117 -69 96 -119 67 -18 -77 -70 40 -49 -95 108 -52 48 0 -113 58 17 79 47 -100 75 45 -82 107 65 -70 64 -1 -76 -105 108 -127 -73 29 -70 75 11 -25 -46 -120 -55 125 44 -85 87 113 40 16 -102 120 125 -97 -92 -112 87 94 -94 -46 -53 -65 71 -10 126 -127 19 29 85 55 70 -26 -126 -36 66 -73 84 -92 -28 82 119 11 -4 105 53 -80 -31 -47 -21 107 -71 53 -84 14 57 -34 11 35 42 -65 120 -120 -49 86 -25 23 -31 -6 -14 92 -82 -80 -20 -16 -38 -22 20 90 102 -55 113 -93 15 -109 -108 65 48 38 59 127 1 -87 115 36 -113 -120 -88 -86 -35 -29 94 61 23 -49 58 -69 -23 86 -77 -49 103 18 -19 84 -28 113 32 -67 28 -16 -93 54 -21 20 -126 94 -67 -120 -117 -90 16 -66 -118 89 -25 -65 30 -69 3 -122 -26 5 -19 -111 -112 23 -18 -121 37 2 50 -48 -92 -79 52 -91 122 30 126 -61 -6 97 -54 67 54 -45 -123 93 8 -50 -59 -121 36 -126 -57 17 -52 -41 42 127 -60 35 85 -77 -57 -72 72 80 -91 71 90 84 -8 122 -120 -33 -28 -19 -78 -70 -97
e 32 -35 24 -56 -35 26 -34 -43 -32 16 14 -2 -14 -45 -29 -45 -32 31 12 50 -22 -54 23 -1 -63 -4 -43 4 -8 26 -8 -1 -10 -1 22 -23 -17 18 42 -29 18 0 29 -48 15 -43 25 40 -25 9 22 9 17 -35 34 -19 -1 16 -16 1 14 -2 6 -62 -6 10 -32 -10 -6 -74 6 19 -54 -43 14 -4 -13 -14 -10 -13 14 -19 14 -14 12 -14 18 -23 18 -25 31 -1 -43 43 -16 21 -25 16 15 -9 15 50 17 -47 42 18 -4 -1 -2 5 -54 -13 17 -54 10 -3 -27 6 -34 23 -34 -25 3 -1 1 5 -13 17 -14 25 -14 14 -14 -14 17 -21 -17 27 -25 27 -41 21 41 -17 16 6 34 25 23 -38 47 23 7 -4 7 16 18 16 -27 -21 27 -6 3 29 31 -27 -24 31 -23 33 17 1 17 32 -5 32 -2 -54 2 -29 14 -10 -23 35 35 -62 27 22 -1 42 -1 29 17 29 -26 -14 -26 10 -23 22 47 7 -35 35 -16 35 17 -27 0 15 6 15 40 -34 -62 22 45 22 -35 -32 3 0 35 -29 -15 -34 -59 40 16 -16 36 14 -23 -35 34 -1 -35 16 12 0 -26 -23 15 45 -54 40 32 -4 -22 35 -8 -35 -34 54 22 16 4 28 -14 8 18 45 1 -29 43 12 43 -35 -23 28 54 29 -6 32 -43 19 -8 25 1 1 -9 2 12 -17 6 23 -18 -22 29 -2 18 -43 -6 25 -25 10 -14 9 10 18 17 -19 -14 -30 1 14 2 -13 4 6 -14 1 10 -22 21 6 -18 16 19 -25 15 -7 14 -47 -13 -16 -1 -14 -15 -5 14 -47 -55 -18 -4 -3 25 -1 27 14 21 -23 42 3 41 -15 27 17 47 -23 -21 -4 1 14 1 -5 17 21 54 -27 3 -19 -27 -27 17 -6 23 44 34 1 -41 -33 31 -28 7 54 14 -44 14 23 7 17 7 -29 -27 16 -31 41 46 24 -17 -11 17 -14 -34 32 -23 -24 -26 -42 -17 10 -16 45 -23 -27 2 -22 -6 29 -1 34 69 -29 -24 -22 40 17 -1 22 32 -29 35 -2 -26 -35 -37 10 0 -31 -23 -15
s 000001110000010100010010111000010110110111111010101100001111010100100001
m -47 62 3 12 -64 32 -4 -69 34 -88 -17 -46 -39 53 86 -29 -33 -114 -95 -41 -89 64 -105 72 75 74 -53 -95 -123 63 49 64 -95 38 -69 91 -2 70 113 55 -35 -66 -100 103 118 62 -67 -27 -111 -29 102 79 -66 -73 0 45 -60 -27 -33 119 -103 -82 -57 69 -112 -35 -11 -99 113 105 -77 -95 -75 125 -24 122 -41 87 113 2 4 36 99 -84 -121 -42 24 -109 -82 -91 80 -60 43 51 -69 -84 51 45 -21 16 53 119 13 -8 -87 109 -10 -16 -112 18 14 53 118 -13 -41 93 43 109 -71 -108 50 -38 -59 -25 -97 -101 102 -34 79 38 -69 -120 58 -62 86 -31 98 9 -114 -125 -14 -55 13 -76 124 -36 4 42 127 -111 -27 75 117 61 -105 -73 95 -52 -21 91 114 -44 36 -99 -106 82 -26 46 -29 -11 109 41 -110 -31 -119 -81 13 123 22 55 -127 -79 68 122 15 27 -117 -61 -113 -58 69 -70 -14 98 -92 -23 -28 62 48 -124 -76 -21 17 -98 53 65 104 -28 -90 56 89 50 111 99 -3 86 70 123 -126 -113 -6 -40 62 -105 10 80 -63 105 -106 -71 117 -103 34 -110 107 117 68 -78 117 -66 -33 87 -100 -97 -36 -120 -15 -2 21 1 -29 74 102 -33 4 7 -56 117 31 -97 34 -81 -65 25 -47 48 -63 70 -83 126 -89 -43 45 -65 100 113 14 -8 39 -83 -98 72 120 41 -39 60 109 -58 -86 6 62 -64 -82 113 6 -114 2 -122 -126 27 24 101 -48 -13 39 -48 57 -115 -47 -56 28 126 7 -67 -92 22 74 89 -30 -59 -120 46 47 73 74 45 -27 104 19 71 -92 22 -14 105 -72 -28 -2 -56 123 29 -85 101 -83 -50 -81 42 0 93 4 -51 77 -85 -113 -116 -46 61 -109 49 7 99 78 -87 -25 -105 100 -34 -100 64 20 -115 -108 87 33 -40 96 74 -35 -73 -57 50 -62 80 -7 -69 -44 78 -40 69 -14 109 48 -124 44 122 -31 -127 75 -17 49 -47 84 -19 7 -31 77 -123 117 -61 -74 5 25 -30 2 103 -40 -23 68 -42 -3 81 116 17 -65 77 -58 118 -89 -33 -89 94 74 -127
e -10 1 10 0 -1 37 0 7 -28 7 28 12 15 -26 5 47 -10 -2 42 -53 -14 -29 -36 3 -29 -2 15 2 13 -25 -13 32 17 32 42 24 -12 12 15 -22 -12 35 22 -45 9 -45 6 3 6 -4 -19 4 -2 -57 -4 -27 -22 7 6 22 15 6 -35 -26 -35 7 -14 7 20 1 -20 27 29 2 -2 -2 2 2 -13 -24 25 34 4 -37 42 -42 28 -36 -21 -2 -22 14 -43 -55 -40 38 -6 40 17 4 -17 4 2 -4 -9 12 -42 41 6 -29 -7 35 -25 7 7 -25 0 20 0 26 -27 26 -24 -35 -24 16 -2 13 -21 4 50 21 37 50 70 -21 70 39 -2 -8 -12 -2 13 13 40 30 -18 -17 -42 4 -4 -42 7 9 -7 -7 -14 -7 -13 -38 13 30 -25 -5 -2 0 -3 2 34 -3 28 24 -28 28 16 28 -20 -7 -12 5 50 17 24 70 21 30 -8 -14 -3 -12 3 15 30 -15 25 31 43 -17 -44 19 -57 -7 57 -57 7 15 -35 -13 35 9 -30 9 -3 -4 24 -19 -26 14 -15 -10 -3 58 1 15 44 0 25 -3 7 17 -19 15 24 -57 0 32 15 7 -42 35 15 36 -9 26 29 3 -10 49 -71 55 13 57 0 32 14 -24 2 2 -15 13 12 26 -32 -38 -10 -61 45 1 -36 -6 29 22 20 2 -45 -27 -26 6 22 -32 -4 -6 -42 2 -47 36 12 7 22 -29 21 45 -35 2 -7 7 21 -4 -20 -2 2 -27 -4 -30 22 -37 -6 2 -9 -35 4 -14 -31 -37 38 40 21 40 40 -2 17 22 2 4 -2 40 -36 4 -19 -16 -37 4 7 21 -9 32 -52 14 0 2 38 -26 -40 25 -12 -17 -38 -13 7 26 -21 -9 -24 50 14 -16 -70 -38 -12 8 -25 50 -13 0 70 32 26 8 -4 -24 -12 -42 -16 13 7 -7 21 -7 55 -42 12 76 -19 -5 -8 7 -2 12 -19 3 -13 30 28 -21 4 28 -42 -3 -25 -7 28 29 46 28 24 -13 -12 -14 30 49 3 4 35 -15 -3 -14 -3 -28 -6 -19 -28 -47 -64 -12 25 15 -5 17 35 2 24 -9
s 111101010110010011100101110111001001010011011001100000001110100110011001
m 64 75 68 -49 -64 -85 106 -122 99 -106 16 72 50 -34 84 16 -101 119 76 -79 -106 -82 -78 -43 -31 44 26 -63 70 -50 48 -71 73 -45 13 106 87 60 -87 -50 1 -49 -27 41 8 -121 26 69 -103 -12 -68 44 74 35 -123 -6 -42 113 20 9 66 -14 58 115 25 33 -89 -63 97 -13 1 -117 -30 89 55 -54 19 126 94 9 -49 60 -64 33 44 -28 -58 14 116 24 -66 -17 110 123 -63 84 117 7 96 -82 -16 -20 33 62 -34 -14 82 -106 31 -71 32 -5 24 -23 40 -37 -14 -17 107 -101 -28 86 -57 -93 90 -77 -76 -54 89 110 -50 94 25 -49 28 -24 19 120 -127 -63 -121 -52 -91 35 108 88 -98 -47 63 73 5 62 58 -106 23 -14 107 -91 75 21 22 -74 53 76 95 27 -11 33 -34 -63 91 27 -104 -97 69 88 -43 55 -47 38 93 -109 -81 91 4 -84 -110 42 -63 99 88 -29 -107 31 89 -84 51 -114 -53 -69 -72 -115 12 44 88 95 -57 118 -24 -67 51 115 39 16 64 -94 -20 41 37 27 -40 -40 31 45 58 -29 98 -1 111 58 100 -50 52 -62 47 21 -35 -29 -84 127 42 22 -24 121 -11 122 7 -55 101 107 -49 101 30 -78 125 110 57 -78 72 -94 -94 -52 -47 95 -101 -72 68 -13 -8 86 -96 -114 -42 -65 2 -90 -127 -90 99 13 -43 -50 39 112 113 94 -17 -101 91 4 -19 127 -76 35 -64 -123 -81 15 94 0 74 73 -9 107 -124 -72 -4 -126 -68 -19 126 2 -74 -1 -116 47 -35 -47 -93 26 -65 -83 47 19 25 -67 -96 100 -93 85 38 14 86 -4 64 -103 -58 108 -126 -19 -23 -1 57 -8 111 -126 5 28 25 -83 -125 78 82 4 -75 63 -65 -98 -39 -32 126 -119 -105 -43 105 61 -101 93 97 -3 -68 107 87 -70 -75 -122 -113 69 35 11 -54 32 6 -92 -102 57 -9 -102 29 44 50 -87 -89 -123 0 -45 4 -72 44 102 -89 -59 52 -44 23 24 48 -105 117 -98 26 -104 -70 34 -64 1 -105 -94 -94 -102 -120 -49 83 -94 15 -22 -103 -79 -102 62 -74 -31
e -7 12 10 -26 -12 78 26 -26 -39 -26 37 -38 14 -14 34 18 7 8 -12 7 1 -10 7 -23 -10 -48 26 39 -42 -14 -43 -12 -51 -12 -35 -21 29 1 11 -24 13 -21 -44 2 21 -2 -56 1 23 14 -61 -11 29 -39 -26 25 8 26 4 -37 14 -4 -5 14 -5 35 7 -29 -1 -12 -15 6 -10 -21 17 39 0 17 -42 0 -8 12 -8 -1 -12 1 -4 -7 4 -23 -24 2 19 2 7 19 -23 -42 -14 11 42 -5 65 5 56 -1 -30 2 4 56 21 17 -7 -28 29 7 -5 1 5 1 6 -1 3 8 -3 56 0 25 -74 8 4 -74 -1 4 17 -4 25 -28 21 28 -60 -17 -60 -25 -7 45 0 14 4 0 13 4 6 30 6 -46 -2 -13 -20 21 -21 -45 -7 34 8 5 -39 8 1 -10 -75 -3 75 39 -56 -39 42 21 38 67 -4 51 21 17 -1 21 28 -1 -23 60 23 -23 25 23 14 78 14 51 -4 -60 31 -6 -20 -31 13 -11 -21 -20 -35 -7 54 7 1 0 1 -60 -14 -1 -11 -7 -23 -21 12 23 7 -27 14 -35 26 -52 60 -14 -21 31 26 12 11 -93 12 21 14 -7 -7 14 -27 1 -24 39 60 12 42 -31 26 -10 -11 26 -39 -29 14 42 -1 -14 -12 24 7 12 2 -12 13 -23 -10 -24 1 39 36 6 42 23 -8 19 11 -4 -12 29 -5 -7 -1 -29 24 4 -4 2 5 -21 23 -29 -17 -11 -1 -8 29 -6 -43 1 8 1 -4 0 30 5 8 -15 -29 22 -19 -1 -4 7 6 -21 14 8 17 5 0 7 3 8 14 -56 -1 5 21 -17 -30 7 21 -2 -5 -42 -19 30 -7 21 60 14 13 -31 5 1 74 -30 -3 -31 2 -61 -17 -19 -21 56 -7 4 20 -5 17 45 1 -28 0 24 -80 4 -56 25 -6 -21 74 13 -4 4 38 17 21 -34 28 13 -29 -60 -20 10 -25 -45 75 74 14 39 10 -10 14 6 75 51 13 40 -46 -20 -38 1 45 -34 35 0 -8 23 -10 -4 -1 75 -23 -60 39 -23 -31 38 39 11 -34 51 -21 8 21 -7
s 000111001001110100011000001011010011000110100000000001001001000110010001
m 20 -98 10 -16 -52 25 -112 92 9 106 -79 8 -31 83 -9 -97 88 -55 39 -74 -69 -98 -75 -55 -73 -76 -2 90 -90 33 -108 -39 52 16 -68 107 4 -116 27 -24 -58 53 -61 -17 -68 50 49 -113 54 39 44 -10 -35 -81 94 -126 65 -112 94 36 -6 69 18 38 -11 84 120 -38 -60 -50 -49 -106 11 43 102 101 87 123 -35 -98 -22 112 -5 -44 -120 67 -70 58 -100 11 -118 60 -60 -99 48 114 27 3 -93 116 -111 -79 52 -118 -80 -28 44 -103 -61 55 -5 -81 101 -3 -8 63 -108 -56 -9 -96 104 -5 46 119 49 -116 -83 38 82 85 77 -7 93 -55 67 116 109 -31 -19 -86 70 -66 -40 -104 -77 -110 -60 31 37 56 -100 -105 35 -97 18 31 -97 -86 -112 58 15 -107 -60 -25 19 9 -104 -108 -37 -33 -96 -82 -51 -29 -70 111 -61 -125 -3 -107 0 97 -73 -11 -42 -105 91 0 19 73 101 123 44 33 43 -42 91 -38 -49 -35 17 38 25 73 -44 -114 3 31 -121 -125 56 41 111 1 -116 87 -24 50 34 0 57 89 -36 60 54 -72 122 -23 -17 5 -42 -113 71 42 -92 -4 85 112 -125 11 60 -11 -31 -52 -26 86 31 81 79 -25 19 113 -118 -31 100 65 -6 55 66 -26 47 10 -92 97 74 -127 -120 -18 39 -58 104 64 -95 -58 51 58 -28 62 -25 -50 35 58 -119 63 -89 -38 -56 -95 -54 -8 126 78 -41 29 126 -24 49 -13 107 -23 -117 114 127 47 48 -116 45 53 -43 105 -81 74 -58 125 -71 -39 94 56 121 122 85 126 -100 0 3 -83 15 -36 77 23 -124 -66 -40 -42 -125 29 94 56 -41 -34 -91 32 46 3 -117 -52 -76 50 31 36 -118 111 7 -75 -33 -33 64 -63 77 118 58 108 -63 -16 93 77 51 28 61 88 89 -111 -46 -102 -87 -45 -54 29 -112 23 -86 -81 -75 80 45 4 -123 85 -17 85 6 64 22 -45 -43 -104 29 -88 -48 48 -71 -115 -25 114 93 45 58 -77 -41 -39 2 6 -23 -108 57 16 101 -81 -27 -67 -114 1 13 -82 60 22 -115 14 75 -32 -39 -106
e 0 16 -29 63 16 20 14 15 26 15 -6 3 -6 9 22 -9 0 -17 -60 10 0 -10 10 -2 -10 6 -1 -6 -17 38 -17 -4 -5 4 35 -35 31 -25 -20 48 -25 3 21 -44 -28 15 -24 21 -24 -9 -31 12 -4 -12 -14 -51 -22 -15 7 -22 -28 7 -10 9 16 7 0 -7 35 16 35 -51 23 10 30 -6 -3 30 -17 3 -5 4 -20 -59 35 39 37 -10 37 17 21 29 51 -15 3 -51 -43 41 -28 -9 -28 0 4 0 -38 -42 38 -29 -7 -21 3 10 -3 5 -21 -3 8 35 8 5 51 28 7 -22 7 21 3 6 -7 5 0 37 39 0 10 -37 10 -25 -10 -25 35 -30 -62 -6 -3 36 1 46 -21 -1 0 21 16 -38 31 -4 -29 4 14 -53 -15 36 3 8 21 -8 9 -17 5 9 -20 -7 -20 -8 21 8 -3 3 -7 8 49 -5 35 -56 0 35 25 -14 2 35 2 1 6 1 29 7 29 5 21 37 12 16 -20 12 4 20 10 -14 -3 -28 -36 28 -21 -6 21 -31 -9 0 -20 -18 2 3 16 1 28 14 29 76 -57 -13 31 -6 -35 12 14 -14 -20 15 35 3 6 34 -36 -9 -10 -21 0 -6 -31 16 23 12 14 -10 -9 15 51 4 6 -17 25 21 -4 -21 0 35 -15 22 -10 24 10 -21 35 6 15 91 -17 -24 32 -4 -9 7 35 4 10 10 -25 -7 21 -40 -37 15 10 10 -24 -7 30 9 -35 3 -4 51 5 25 -22 -39 7 -3 -39 -10 -5 29 -7 39 51 43 -37 3 51 10 28 -22 -30 28 -21 -3 7 -5 28 -29 -39 0 3 62 -38 -3 10 29 8 -43 51 -5 3 -26 -35 -28 8 6 0 -5 7 38 14 0 -49 21 10 51 -3 25 -3 0 14 8 10 -36 -5 28 -1 7 35 21 21 -6 -16 3 7 -4 0 -26 -3 -10 -16 -8 25 -22 -17 35 14 -9 34 -36 22 7 1 -8 -21 9 -29 16 -20 5 4 8 -35 -14 3 0 49 8 17 -1 -17 -1 -9 0 -21 -20 -2 31 -8 2 15 -3 29 -22 8 -5 3 -17 63 -28
s 110000001111010000001011110110010101101111001111010001000011110110110001
m 18 -124 -75 -69 125 124 90 -10 -113 -7 -6 93 -95 81 -123 81 -44 87 -60 61 66 -83 -75 40 92 54 -88 17 86 93 -49 69 52 -115 -81 87 6 12 40 55 59 -87 -47 41 -63 13 88 -111 -58 90 0 -50 -64 -17 -90 -111 12 17 119 -117 -127 68 -4 92 -5 10 94 -73 -95 -20 116 -22 53 -15 25 -10 116 -61 64 -13 -49 -54 -57 -12 22 -70 -106 -67 -35 121 47 0 81 -111 101 52 19 74 3 -108 -122 -19 62 108 -109 -5 -53 11 61 101 65 72 -82 112 25 -118 -93 102 -10 84 -1 -63 -50 -87 -95 -46 68 -49 52 -34 40 28 -20 110 -33 -95 27 37 30 35 -109 -81 -42 -71 85 105 -72 114 -19 -23 -2 -74 -24 -8 104 -23 33 -45 -101 71 40 -99 -8 -66 18 -41 4 36 74 -45 122 -25 78 -1 114 -46 115 87 -105 99 -18 -70 53 -77 17 32 95 -114 -23 -56 -102 -96 -4 -20 87 55 111 9 9 57 -105 65 -54 -64 55 -120 96 -5 44 -26 56 -15 78 -61 -14 -66 5 -42 110 -17 78 88 21 -23 -117 -64 -93 47 28 -126 111 84 58 39 -19 44 26 -37 -57 51 -107 52 -44 43 -62 102 -59 -61 92 20 -110 -52 -85 44 -44 85 -98 -1 89 -34 -93 22 -86 -16 88 -124 -116 -112 104 -96 -80 64 -70 52 -82 -75 52 58 13 -125 24 -3 -102 -104 -81 -61 -4 51 125 115 -64 95 -95 113 48 6 -96 -73 -110 96 -126 37 -46 -57 -13 -69 45 -73 21 -79 115 18 79 -3 -124 113 4 -89 41 110 0 105 53 -44 -85 78 -88 -102 -122 16 55 -64 116 120 -24 109 31 39 26 -13 -60 0 117 -80 47 16 7 97 121 -52 23 19 56 -66 73 -57 49 68 47 -60 -106 81 106 -62 -70 37 126 -34 16 32 -123 -16 -60 78 39 -72 -68 -27 -103 91 2 62 -100 -9 104 16 87 23 -123 77 81 -114 -48 -38 -106 53 35 98 11 40 -110 -4 -28 -43 50 -126 -16 61 17 -61 -40 102 113 -78 117 -104 91 60 74 -73 40 66 106 -24 90 -19 -125 -31 85 -97 76 44
e -15 18 -4 -17 -18 42 17 -7 -1 -9 -74 -2 -6 5 -8 5 15 16 -20 46 15 39 -46 21 -39 -9 18 -9 30 10 -30 -39 -4 39 -20 28 1 4 17 14 4 -39 -14 12 14 36 17 -13 -17 21 50 -21 -1 35 -17 1 12 7 -3 -11 -6 -3 5 5 4 6 -15 -6 62 18 -62 1 -39 -27 12 15 12 -12 30 -60 -30 39 -30 3 50 3 4 -46 4 14 14 10 -46 -12 -65 -53 42 -69 0 -21 0 -2 1 2 7 -4 7 0 -3 14 42 -4 -7 42 6 -7 -7 -62 -7 0 20 0 22 -11 22 -14 12 -4 -21 -41 -16 -21 3 -16 24 4 -29 -30 14 -30 21 -12 21 -4 -65 15 14 0 8 14 -17 8 35 17 -21 -14 0 -14 -5 -46 5 -15 -70 -8 32 -7 40 16 0 -4 42 28 42 -35 14 -1 -2 42 2 8 35 4 28 24 37 44 -30 -15 -35 21 -21 18 -43 21 10 -21 10 -4 -14 0 15 -21 -17 15 14 -17 39 -35 45 14 15 23 13 14 -42 0 20 -15 17 16 21 39 -18 18 14 -17 -10 13 7 4 0 6 28 -15 -56 -48 17 -7 -20 39 -6 54 14 5 39 13 15 9 0 -18 -30 15 -17 -47 -21 7 9 -6 6 -43 -4 5 39 -42 -15 -20 -12 18 46 -17 39 14 84 -9 -12 1 30 17 11 39 39 40 -20 -1 4 -46 -5 6 14 -3 4 12 4 14 17 9 -12 -21 62 12 -1 -1 -30 -4 -11 3 -3 -12 -7 4 30 0 6 11 46 -62 -31 65 -1 14 -3 11 12 -2 -12 -65 22 -30 0 41 -3 -2 42 -4 7 7 14 0 7 -22 46 -46 -65 -7 -21 0 9 4 2 0 -25 -7 -22 16 0 -14 -24 -46 57 30 -7 -16 5 -7 24 15 0 31 -21 -22 21 8 -14 4 -21 -42 21 -14 16 -8 -14 -24 21 -54 -30 21 16 -37 -5 4 4 -15 -53 21 14 1 -8 4 77 -21 -42 8 -14 -1 28 -5 2 15 33 -8 -21 -14 16 18 4 -15 13 42 21 0 1 -18 -15 2 10 -23 -8 4 39 -16 28 -14
s 111101011000010111000101000101010100101000101010010110101010101111000001
m 125 78 -125 -101 114 56 20 74 70 -97 37 87 8 3 -113 47 -28 25 -116 106 81 49 -60 32 -84 -56 88 -127 66 98 74 -26 -51 -53 -14 -48 -11 -74 109 69 -127 -25 -62 -12 -5 -31 119 12 63 -61 40 -51 -37 -81 -36 -36 85 89 -95 -81 75 4 -81 76 -47 1 -61 -109 -73 -4 31 -104 72 -24 -119 103 63 21 97 45 -69 41 -31 21 -61 119 -57 -13 106 -93 -52 32 -15 -46 -108 -55 53 69 -55 -27 125 -114 -7 -22 -40 -106 -87 -14 -89 -123 -112 49 36 -68 126 108 -48 -102 81 -105 -101 22 98 13 71 50 -53 33 -5 8 73 -76 85 -123 98 -106 108 124 -78 100 -66 36 64 1 42 117 109 -27 -98 -2 -37 -61 -66 -104 56 63 -63 127 1 9 79 50 47 -111 -38 44 104 115 16 -57 103 -95 14 1 92 -38 8 -18 108 -45 30 -77 -55 75 21 -20 -126 105 92 -32 78 122 -71 -126 113 -63 -37 -73 -15 12 -59 81 112 115 -72 17 -65 43 -59 33 8 -126 79 -41 3 -59 -121 -29 63 -44 -120 -63 21 -96 -57 1 45 -112 -8 -55 121 -72 37 64 24 45 -84 103 -12 111 16 -25 -25 33 -65 117 -126 -49 -105 79 96 34 -72 -94 -29 -85 -19 62 -98 -49 17 37 127 71 98 -4 79 -18 -103 125 120 51 -32 -90 7 -127 -86 -106 9 119 126 114 1 -109 65 91 50 -73 -19 49 -51 -56 -122 46 -77 -122 76 -12 121 100 28 1 103 14 -76 125 -113 -25 -61 15 -109 52 75 26 -45 -98 -21 -103 -14 -8 83 -9 0 121 -103 35 -118 -54 -61 -77 -67 -73 -37 -119 74 -98 -44 -101 108 -106 -118 -53 -78 -70 -104 118 -69 -102 -122 19 96 123 68 -125 67 -56 -19 -101 -41 -9 -90 49 111 36 -30 -77 -89 -58 -86 -81 -17 -42 32 97 76 101 -15 -43 43 26 -125 64 -75 -33 -97 -123 -94 72 6 -80 82 123 -82 32 -110 107 -50 -14 85 79 28 -111 87 64 87 43 -4 24 -83 22 -79 -64 -28 107 -81 -31 29 76 102 93 -29 74 -127 4 52 98 -19 118 7 -3 34 -13
e 25 -4 -13 -1 -4 -13 1 7 -1 -7 -7 4 -14 29 -17 3 -39 3 1 12 -19 -57 -12 69 43 -17 -65 -17 -43 33 -43 -36 -49 -23 1 -18 7 -13 -15 -17 -13 -7 17 7 12 7 47 -3 47 -11 11 -11 7 -30 -1 1 8 7 4 -8 -7 -43 14 3 14 -64 -25 1 28 16 -28 1 -43 7 0 17 -22 0 -43 -22 -7 23 -7 -23 1 -19 -19 -22 19 7 17 -13 8 7 31 8 56 -31 -24 -11 24 20 10 33 54 -13 35 28 4 28 16 -14 42 16 -1 32 -32 28 32 -14 1 14 -60 8 -60 -28 22 -1 -14 28 -27 -5 -19 27 17 -19 17 -8 7 -8 -15 0 15 -29 -31 -7 -2 -49 14 36 20 14 49 35 -58 -38 13 -38 -6 -14 -1 -7 32 -17 -3 32 13 3 17 -13 -13 60 -25 -26 -28 1 4 33 4 -17 -38 -45 -18 17 -21 -30 8 -19 28 -15 28 -65 1 65 33 -5 -40 -45 23 35 -30 -49 -15 30 38 -56 -7 -1 -7 -5 -44 5 -3 2 -11 -11 -3 19 -15 -25 -28 -7 -4 65 5 18 33 3 -65 -45 11 7 18 30 1 23 15 7 1 7 -7 -12 5 3 43 -3 -25 -17 -11 -4 -43 52 -1 43 -11 -7 -43 -7 7 58 13 3 23 -17 25 1 -7 4 -12 47 -43 -17 28 -17 -11 1 43 -47 8 23 11 -4 -4 7 -14 12 13 1 45 -4 -19 7 14 -7 -47 1 0 -24 -28 -22 -7 -13 7 15 -8 -19 4 40 35 -42 -7 -13 -1 -19 8 28 -45 31 1 21 24 -8 -19 -20 22 -37 60 -7 -24 28 19 20 16 -19 -35 -32 7 13 32 0 8 -14 31 -32 -15 24 -32 1 20 14 5 -35 -63 27 -13 28 -27 8 16 51 -32 -27 -1 39 -17 7 -14 8 2 60 -28 14 -44 -1 -49 -16 -5 56 -27 -14 -4 17 49 -17 8 38 -3 15 -1 -13 -1 -7 13 5 2 -1 14 -50 33 -49 -13 -45 -38 -1 18 -1 -4 -19 7 17 -28 2 -3 -65 -13 19 -3 -13 28 11 1 -77 -30 4 33 -15 -20 45 22 -22 18 5
s 111010001000110001010101010011010000011010101100000110101100010011011100
m -56 -61 -92 95 -121 1 -96 5 82 97 -31 -6 84 -54 -73 67 35 112 61 21 73 -106 121 -82 117 -42 70 -4 -21 111 -24 95 123 5 -88 111 -98 67 -19 4 57 14 -121 18 -58 118 25 52 -53 126 117 -120 109 49 27 25 -70 -13 -126 127 19 68 45 -86 76 75 108 62 69 56 -87 112 32 -90 -39 53 -58 3 -25 97 -105 -7 32 -122 -13 18 -21 83 51 -87 96 -120 29 1 25 6 111 44 25 -113 -78 -63 40 -108 112 -4 20 61 -6 12 116 109 -98 85 51 -50 -120 124 -69 91 114 50 83 81 -93 -62 -8 23 -88 -85 -67 -126 -88 90 40 94 -110 -45 -48 -40 -89 -101 -122 22 82 113 68 83 -39 -25 -100 -87 -121 57 5 -93 18 -76 32 -34 1 87 61 -16 84 -57 95 48 24 -100 -2 -12 7 111 -44 -12 -38 -57 -32 1 74 -112 64 -88 63 -41 -115 -114 -84 -32 63 118 123 -84 -13 80 -78 -116 82 -75 29 82 121 -53 -65 -40 -80 59 -28 -93 -51 120 -45 26 55 -68 82 56 97 5 67 106 126 31 50 6 -42 43 113 78 -68 89 6 97 -99 100 43 -11 -20 -104 41 -47 3 48 -10 86 61 71 -41 -70 65 33 14 -36 22 -11 65 -125 -121 -43 -17 -107 71 8 -47 -32 33 -14 83 70 41 9 6 -50 111 -52 83 -57 -70 55 -70 71 115 -92 -43 -47 39 -66 -3 89 -39 -63 13 -103 -112 61 -103 127 -41 -79 -36 -48 -31 -12 -11 109 106 79 19 -101 -36 -89 91 101 67 82 69 11 105 58 -1 -119 19 -42 -83 46 43 26 -124 -47 124 92 122 65 -112 52 29 58 49 -121 -111 22 -60 -20 -38 -103 -48 -116 -75 -81 102 -84 49 -63 -50 75 -41 -1 -54 95 -48 -60 50 -119 -52 50 -105 -48 -76 -38 79 59 -59 -34 -49 -98 76 -43 -1 -49 81 -65 95 92 -89 -13 -26 -46 -16 -48 16 -23 107 73 7 121 9 -88 -39 -119 65 -121 -32 -91 -107 -63 70 38 22 63 43 109 121 -21 -68 -19 70 51 -19 -46 -86 -65 82 -50 22 -39 113 -58 -84 -80 83 100
e 5 -13 -42 -6 -13 -2 6 10 11 5 17 28 -17 42 -1 -42 -5 23 12 42 17 9 19 -17 -9 4 -19 37 21 12 19 -5 -51 -7 -12 -6 -32 4 35 -3 4 -25 3 1 3 1 -47 38 22 -20 -36 20 32 -26 -6 42 10 -5 -6 -10 -28 6 -12 42 -12 -45 -5 -45 -6 13 6 22 -9 26 3 -4 -7 -17 19 7 23 5 -23 -16 -18 77 -35 19 19 26 -3 16 -1 16 -10 -1 -22 -10 -1 20 1 37 32 37 17 -11 17 -16 -60 -39 -48 -12 -18 -48 -54 -18 -42 -6 -42 -20 22 -20 -11 -10 11 11 -51 14 -64 23 1 -64 -16 -1 -36 19 35 -35 26 -40 -28 3 -28 14 -10 -20 7 -1 8 -7 37 8 5 17 -43 -12 -44 -12 -1 1 -14 -20 18 -1 23 -42 42 23 -20 -42 1 34 -1 11 11 -72 6 48 6 14 -1 51 -6 35 17 6 -35 -17 -17 -34 17 -19 14 19 -20 64 -12 51 -8 36 -29 -5 -17 26 -12 17 13 -1 13 3 20 -3 -38 7 38 36 -42 17 -17 -31 17 -13 13 -19 -3 -13 -12 40 5 -51 36 -17 -36 -26 6 -5 -17 -5 -12 13 -17 -19 -44 -48 28 38 -5 -4 41 -13 -19 -26 -6 9 -62 -5 -4 -32 17 19 -4 42 -5 -3 5 -12 1 -49 19 -22 -9 -3 -36 4 1 -22 -19 22 10 -5 20 6 12 -32 12 -19 4 45 4 6 -19 -1 -38 26 22 -45 3 -20 6 -7 -35 -22 23 -4 62 16 6 7 18 12 23 16 -45 16 -1 -6 19 -22 22 -26 22 10 -3 56 -7 -10 -11 -28 1 11 16 -37 -48 19 -17 18 -42 -16 42 3 1 -21 10 -42 -28 1 -43 -14 37 20 64 -17 -11 1 16 -11 35 6 50 35 -18 1 -1 -42 35 -20 20 -35 -7 11 28 -8 11 -14 5 48 64 -12 53 8 -6 35 -5 1 -35 -28 -42 -28 1 -60 20 20 -1 67 22 11 -35 -42 -12 5 -1 51 -12 -11 6 1 -6 17 -21 1 17 7 23 28 -42 -34 38 -1 -38 36 -11 19 -26 6 12 17 1 69 13 -23 -6 -3
s 010111110010011010001101000001110110111101001101011100000110111111010110
m 40 -42 -89 48 -72 3 111 -91 -80 -11 22 -69 -111 -10 43 111 -97 121 121 61 -98 75 120 28 61 -79 65 -22 71 -64 88 -105 -100 1 -69 114 -64 -115 -80 27 82 -121 -59 -49 -75 -80 51 -93 63 -16 -9 -13 33 75 -69 110 106 -122 -70 -115 -58 80 88 -60 -116 27 37 113 3 -109 113 -29 -94 109 96 16 15 115 11 -52 -18 95 -109 -47 123 -62 -101 0 -88 -40 108 -59 -96 -92 -23 18 -47 85 -34 -2 110 -43 -66 -86 -10 45 -33 88 -58 -102 55 20 92 15 -39 -65 -16 123 65 -13 -39 111 62 -106 6 122 -23 20 -62 74 70 -64 -13 15 -6 62 62 -55 -55 35 -86 -91 1 114 -110 -21 74 7 35 -112 -84 11 -19 -63 -6 -67 -126 -24 16 -52 61 -9 -78 47 9 -73 -127 -18 51 62 34 -35 108 25 -84 -79 52 18 91 -16 -101 -46 -93 85 -82 78 117 -40 -118 29 -21 80 0 -103 121 -78 -31 85 65 -39 -14 -105 94 30 -8 -12 -112 -119 78 -48 124 89 -101 -46 68 -77 33 2 -122 86 -110 -69 -64 -27 83 73 97 94 104 7 -29 -99 8 122 -109 -85 -62 -21 -125 -84 -56 -43 49 -5 -99 -55 -57 45 18 -126 -116 -3 -52 -123 82 108 15 94 -104 -73 -75 29 -126 -124 -12 46 -95 41 -74 126 77 -65 121 38 -26 124 -65 -9 121 43 36 -75 -78 12 104 76 62 -1 -100 34 31 12 -72 48 77 -102 75 -9 -124 -62 -34 -76 71 -121 116 29 0 47 -7 109 -42 56 -81 35 18 -44 28 -93 34 68 61 9 27 63 -49 -66 46 -88 -117 24 -101 92 70 -116 -53 -83 123 -103 105 34 36 -45 104 15 -100 -18 40 -107 53 -51 -77 -37 96 42 -94 127 -71 -38 53 -34 47 90 21 54 74 -86 -102 -59 -127 120 7 -12 89 -31 62 -10 25 -27 74 121 -31 -12 55 -107 39 -127 -108 118 -24 70 -27 -116 36 -115 -71 111 90 -30 -51 -127 -114 86 50 -19 -123 39 110 61 -52 -100 -41 -117 83 -2 -124 91 18 56 -24 -25 51 26 -113 -54 78 40 74 80 -99 38 102 -126
e 11 -36 -27 -46 -36 -30 -42 10 17 19 -49 -28 20 -5 14 5 -11 8 41 0 -2 54 0 19 66 14 2 14 -10 -28 -10 1 7 -38 -41 -7 -11 40 -11 52 -40 -61 -24 -11 42 -11 -8 -16 -8 -2 -16 -2 11 -3 42 -26 -8 10 0 8 20 0 18 -5 -18 -1 11 -1 -39 -36 -3 30 -54 35 24 -14 21 24 -57 -14 -37 -1 -16 -12 41 -12 25 38 25 -42 24 49 16 -11 58 -16 8 -21 -7 -8 7 47 -11 38 7 -55 7 -49 0 -21 9 63 14 9 1 -14 35 -3 -14 40 26 -12 6 8 31 21 -14 0 -22 16 -14 -22 -26 -37 11 -25 -6 -30 -35 30 1 -24 -7 0 21 8 -41 16 -10 41 38 -11 6 7 17 -7 49 -7 -19 16 -14 19 -14 14 16 14 -27 -8 -12 27 -3 -6 -3 -17 -21 17 28 9 28 -38 14 7 7 -6 -2 -7 30 -2 -19 -1 -21 2 -18 -2 28 -22 -45 -7 -10 -8 3 6 11 -3 -21 -35 -61 14 61 43 -8 -42 -16 63 16 -8 5 35 -11 11 -19 -69 -36 -2 -42 -42 28 16 -10 -41 -8 20 -69 -3 42 1 -11 10 -41 -61 20 0 -42 -9 -54 -16 -11 -14 8 -36 10 13 42 -54 2 -10 -14 11 20 10 40 5 1 -24 -33 61 -11 37 0 -8 54 -24 -3 -14 -11 -26 10 42 -8 -1 2 0 -41 29 18 0 -40 24 -24 0 -25 23 -18 35 -8 1 24 -2 3 -14 -11 26 16 40 -8 12 -30 14 9 18 -16 -52 1 12 -16 3 -28 21 -26 35 7 -93 30 -38 -14 21 6 -16 -7 74 -12 -38 9 25 7 -14 35 49 -14 24 -16 12 -21 42 1 -7 -14 0 -38 12 -22 7 6 -14 49 21 6 16 9 -31 14 -14 -14 -14 -6 8 12 -30 41 6 -1 10 21 0 -6 -14 55 -7 -14 -10 -46 6 -6 -14 30 -7 -8 -1 14 27 0 8 -3 -22 41 -17 -10 -55 -28 6 3 -7 7 22 7 -14 28 2 8 -14 -19 41 8 -23 -27 2 49 -3 -19 -8 -17 2 3 -28 28 11 14 -7 -61 8 -7 42
s 110010110010101110011110100111100010101001110101000010101010010010111111
m -63 5 121 -2 97 -37 -91 49 118 -7 -71 -40 72 74 -21 -26 -92 -110 5 104 112 54 -39 69 32 96 28 64 -115 -30 5 -69 54 51 31 52 -40 -68 79 45 -16 -123 -25 4 57 2 72 69 -30 -108 7 57 75 -23 41 -94 -97 -119 78 11 42 -106 -30 107 -49 -2 3 121 110 -79 -72 -119 -82 -121 -32 -24 79 -86 114 -80 42 50 49 -59 -45 23 -50 23 -102 104 -104 -120 56 80 -78 61 -69 101 -98 -50 -79 -34 123 -80 28 48 -35 -74 49 88 21 2 87 7 58 65 26 69 -63 47 -72 38 -36 48 7 127 -66 -64 67 92 43 50 24 108 79 16 -11 116 -37 103 -99 -15 31 -91 -75 11 105 51 -39 95 7 -81 -39 -116 -107 91 -23 -76 -89 60 -50 125 -86 -89 -47 -5 -84 -112 11 5 70 -102 -66 65 -110 -92 13 -34 117 -38 -115 60 46 -117 -53 97 -83 -96 -117 -63 -26 -57 -45 118 -62 92 -32 5 -113 -70 -88 -86 15 -42 110 -127 18 -91 -73 -55 -50 34 122 86 15 3 45 43 76 71 115 -32 51 89 -52 92 -3 46 28 87 -114 20 -5 -105 22 -60 -57 21 -1 20 58 -90 54 -10 88 -23 120 -110 -107 -9 -7 -97 63 -65 -58 28 -85 86 -89 -68 61 47 -42 39 -73 60 -54 64 85 77 115 -120 -16 -1 73 -35 -124 -40 5 -52 -69 -121 81 13 -88 -14 -118 78 -43 114 -97 14 -108 -95 58 84 5 34 -105 -118 -15 46 -105 28 -61 -23 35 74 -100 127 76 -49 -70 41 -63 -76 11 -38 119 -61 -117 28 -12 -1 -33 32 0 67 94 -53 -92 75 -95 -49 -111 -64 75 -100 -92 -43 4 -70 92 3 112 1 -74 0 75 40 104 -3 -94 -37 40 116 -125 -7 -62 100 25 -40 -81 -41 64 21 -39 75 74 -62 120 110 -12 -11 46 55 -110 -20 22 38 58 39 -87 126 -74 3 4 -22 -80 32 0 109 17 -27 97 97 -84 -90 -43 67 41 46 126 12 39 -76 102 -52 -99 84 -22 5 77 -109 75 -50 -39 72 11 -58 -47 127 26 58 113 -49 69 23 -114 -97 44 -16
e -3 8 -5 20 5 -15 2 -7 -11 19 -18 12 18 9 -34 -9 -3 -4 -1 -13 38 -28 13 10 -48 -1 50 -1 -5 3 7 -37 -5 37 -1 -5 12 14 14 -22 25 16 35 -2 14 -4 27 -14 -35 30 -3 -30 -12 -23 -2 31 -5 7 31 5 18 -31 2 9 2 51 56 -2 -14 -5 14 31 28 33 -5 1 -29 -5 5 29 -43 37 -37 21 1 -21 10 -13 10 -33 22 -21 4 -2 -28 4 -27 28 1 30 1 1 -12 1 -3 -14 3 -21 31 -11 7 -27 -3 19 -2 -3 -5 -14 5 -10 31 -10 0 5 0 -11 29 0 -24 -37 20 -24 -21 20 10 -10 -35 65 54 65 -20 -5 20 0 -28 -19 5 -1 -34 5 -1 -34 -41 3 -35 3 -35 -3 -44 4 -67 -10 3 -19 -4 23 5 -4 -34 -28 15 0 -15 -11 11 11 -35 -7 -12 -19 -20 -5 -5 -10 -38 -5 -65 -38 -10 -20 -10 -25 0 25 3 -24 3 -21 -34 3 -21 -35 43 -21 3 -14 -18 -44 16 -14 10 14 -14 5 -21 -7 9 44 14 3 10 16 5 25 -14 -2 27 -14 -7 -5 3 37 35 -21 -2 -37 -14 -7 5 -16 18 13 14 -23 -28 14 3 1 3 -5 -5 -21 -2 28 30 -7 1 -12 -18 -5 -14 9 -44 -22 -3 -1 2 5 -13 27 -28 22 61 21 -2 41 -5 -27 10 -37 30 -31 -1 -14 2 21 14 -2 22 31 10 -2 2 33 27 -2 11 -44 14 29 12 -31 37 -14 -5 21 43 -29 3 -2 -37 -21 2 -21 -4 14 -14 -28 -31 33 1 5 -5 7 58 34 7 -37 -1 11 21 -1 -7 10 3 3 -33 -21 5 -5 7 10 28 -22 20 -45 5 0 -1 -10 -24 25 0 -20 21 -11 -10 -4 -7 65 -3 -20 -44 5 10 -10 10 65 5 0 20 34 47 0 35 7 24 -3 33 35 -12 10 -35 19 -66 18 42 -28 -44 -5 0 -10 33 44 5 -11 -34 5 3 35 15 -5 3 -42 -5 -44 -12 -38 10 19 -10 65 4 -25 -5 -38 14 15 20 3 11 25 21 -12 -3 -14 19 -5 16 -4 -5 -30
s 110010110101111010010000001010110001011100011001101011001001110111010011
m -93 20 72 -50 -108 -30 -95 -24 -58 -60 126 50 -39 -2 -44 -112 -10 -94 0 -118 -71 -95 10 17 -15 15 69 8 104 40 -17 87 83 -120 76 5 118 34 90 -63 11 4 -70 -11 -99 -73 -113 -102 -57 -113 -72 26 -40 38 -14 89 59 -78 75 120 69 -90 100 24 28 -102 -65 100 38 51 6 25 -37 69 -72 18 -35 -93 -20 64 -52 19 -29 2 49 -76 6 -15 111 -57 22 -47 67 -91 17 -91 -61 7 56 -63 12 -12 86 94 20 -70 -87 109 -78 -4 -76 -10 71 -104 74 29 79 21 126 -65 3 -14 7 -54 -43 -93 125 125 11 58 -63 18 49 53 -93 119 1 -39 3 -59 9 -37 -54 44 -96 16 109 39 -17 21 127 78 125 11 53 87 33 -60 -69 -116 -80 120 34 -55 4 -103 -35 -66 51 84 48 -70 31 45 -50 -35 -6 -102 -22 -81 103 -11 11 -12 127 117 -100 111 21 94 -58 72 31 -30 -28 50 -97 15 -56 30 -28 -55 -118 -34 -24 72 61 113 -10 17 95 -32 -120 83 1 -105 62 -108 40 95 111 75 -73 -4 -71 22 117 -81 46 86 27 -126 37 -21 54 35 67 -43 -97 -57 -103 -105 -63 -13 93 18 31 -100 -12 -34 -23 -121 -31 7 37 -97 123 111 -27 -46 -46 -37 -57 69 -43 123 -36 101 -126 -82 34 -34 69 -39 -38 -69 5 -82 -86 23 -114 18 -66 36 -88 -55 -118 25 73 123 75 -65 14 -61 -114 119 125 36 -58 20 122 -90 -99 75 61 123 17 -100 13 -10 -110 -41 -19 -59 98 -113 -20 60 -66 95 -93 -103 -22 114 3 -27 31 98 17 -28 -83 -10 -34 66 -117 -113 -51 50 -64 -117 1 51 40 -14 28 10 45 43 -91 -77 55 -56 35 55 16 -94 33 16 -24 92 -33 -6 -43 -56 71 2 -17 40 -103 -119 108 -103 -63 -80 68 -94 -114 -86 -35 18 54 75 116 -90 108 -114 -57 54 21 82 -101 -51 -79 -81 -97 30 -21 -5 39 74 -121 -21 20 -12 -61 47 113 -39 -3 124 112 90 -46 -69 -118 72 96 9 -30 -75 107 32 -122 5 66 50 112 76 123 45 121 -81
e 9 -30 -5 13 18 8 13 -38 -11 -21 24 5 -24 -12 -49 -2 28 4 43 -9 -35 -7 14 -19 -7 -7 -4 -14 5 -25 -5 -17 -10 17 0 10 32 -10 -35 -20 -30 -9 -20 32 15 10 50 1 54 23 11 -32 -32 19 20 -3 -48 -21 15 -48 24 -15 9 2 9 -17 9 17 6 -18 19 -3 -7 3 20 -7 -3 20 -5 3 -26 -21 -46 43 0 -2 -18 -9 -6 -3 30 -14 -1 10 -7 1 50 -15 9 23 9 9 32 -9 -10 10 10 14 -15 -25 -21 -9 -13 -21 17 -13 40 6 40 13 -22 15 28 52 -7 -4 3 28 -16 26 6 -10 2 -6 1 -6 -11 -35 45 -35 -25 20 8 28 7 -2 -19 9 16 -73 -9 -15 -47 -12 -49 -18 14 18 19 1 19 -2 -13 -39 -40 -40 5 4 -13 -5 -8 -7 -8 11 -4 -11 -5 -21 -5 -39 -6 14 5 1 35 5 -35 35 -15 -8 15 -4 38 4 35 -10 25 -10 15 -11 -19 47 35 -19 18 -35 -4 -19 4 -28 -2 15 1 -19 -16 11 2 -35 -44 -9 -15 -4 18 27 15 -13 -25 1 21 -10 -11 -24 5 -25 -13 -17 -35 -21 0 4 -24 -9 15 -2 7 -1 -9 7 24 18 -5 -19 13 14 -23 -21 -7 32 -35 -5 10 -2 17 20 9 0 10 -18 -9 50 7 -20 6 7 10 3 15 50 48 -17 23 15 0 35 -9 -9 10 17 20 15 -6 10 9 -3 50 17 -20 -23 -6 3 32 3 -26 -10 -48 2 16 -3 -10 -9 -26 -14 -22 -2 -1 -6 6 -7 3 3 -9 48 33 -9 18 7 7 26 9 -4 -2 11 -21 -6 10 13 -3 14 -40 20 -14 -13 -7 26 -8 11 49 28 9 13 -10 10 7 -6 29 -4 -1 -1 -30 35 13 31 19 -40 -1 -3 13 35 19 -7 -8 15 -4 -28 -47 -21 10 18 6 -15 5 -1 -47 -39 35 18 4 -8 -38 -5 -28 2 8 10 19 11 15 31 -25 -47 8 10 -21 -27 -5 -19 5 -63 2 39 -15 -19 4 4 5 35 -1 -27 15 11 11 -4 -19 6 -25 -35 39 -10 -4 -4 5 15
s 000110100100100100000000101111110101000110000111100110011111000011100101
m 39 102 103 49 108 78 34 35 31 72 120 -61 100 24 88 91 -19 33 -80 -97 68 -4 69 127 110 18 -111 -32 73 -100 -75 77 59 -68 19 -97 -2 -61 -52 66 127 -104 -78 120 -99 -38 29 64 -12 -36 47 -59 27 -78 53 -119 -49 -56 -86 126 111 50 -53 -7 -96 15 103 -108 36 -42 83 15 -36 -99 -52 -97 27 43 104 127 -10 -122 -48 -43 53 104 -78 40 -105 -24 -94 82 94 8 120 -62 79 -107 40 11 -47 40 -74 90 81 -44 34 -67 -13 -121 2 -107 88 -20 121 -71 78 -21 16 104 -108 50 -23 63 60 70 -5 -2 -85 -106 106 22 24 50 27 85 98 -15 26 18 74 -107 2 24 119 -75 -36 -76 101 -68 -69 42 -64 -63 -85 74 -119 -16 37 -87 -121 -48 45 -79 38 40 -73 78 42 -50 -30 -20 -12 -110 85 -61 48 -78 -31 52 95 68 -48 -86 -57 -45 66 -4 80 121 65 46 66 -69 37 47 -45 80 -75 -77 -38 -41 -103 -18 21 -126 116 -105 36 -19 -121 -54 -66 -59 -125 -106 23 79 -66 -120 -2 -106 30 0 18 23 -37 29 -29 15 65 -20 -27 122 -89 9 83 -127 -15 9 -49 -46 -124 82 66 -72 -122 -74 -113 39 71 19 -111 -15 -39 2 -34 1 -14 -89 -13 9 16 3 -84 -63 67 -122 -13 -3 -117 -54 19 35 -90 -16 -89 -49 -15 48 93 -108 26 -23 37 -112 -90 26 -27 37 -116 89 32 -17 -114 50 2 -124 92 79 108 92 117 124 48 40 -44 -115 -57 -95 -82 -119 -34 -7 -41 -36 -31 88 -65 -74 115 -62 -110 45 82 -122 -17 79 -31 -14 99 15 -81 -41 79 30 -75 23 -95 -91 -59 -124 -49 -20 -43 24 40 -31 -25 -4 25 41 119 121 122 -1 0 67 -17 -59 -82 95 -34 -125 76 -127 123 79 127 115 15 81 -90 -93 -42 111 29 35 -109 62 -19 44 118 114 -81 14 -73 -75 -37 -52 22 -68 41 61 2 -26 -21 -10 7 -33 -117 -16 -95 68 54 -14 -17 28 117 -80 34 88 117 -62 2 125 -49 -47 115 -114 41 -37 37 107 -11 -10 -112 16 -121 105 82 61
e -17 27 2 21 27 -11 21 -2 23 -2 -13 15 -13 7 46 7 35 34 14 -12 4 14 12 -2 -4 28 0 -16 -63 -7 63 -8 14 8 -14 24 1 -12 -9 -3 12 8 3 7 -16 -7 3 -26 -3 10 57 10 -1 -16 21 -14 14 2 -12 -14 -13 12 -28 -8 -28 23 -17 -14 17 -27 17 14 4 -15 2 -16 -5 -2 -63 -5 -42 8 -9 7 -14 -7 -28 12 -28 -15 3 -21 -36 34 43 36 3 -43 21 -32 -21 14 1 14 -30 -12 -36 21 -33 1 15 -28 -18 -2 14 18 14 -17 35 4 -14 4 -15 -14 15 -1 24 -20 -20 -9 -44 22 -7 -84 0 28 0 16 15 -14 -2 2 -14 2 43 -42 2 -21 -19 2 -14 -19 29 30 29 13 21 -13 13 36 -13 -60 -18 -46 29 14 -2 29 4 -2 11 -15 27 -23 -1 -23 -15 -2 15 70 -44 14 24 0 -4 24 -14 -25 -2 -2 -2 0 2 0 7 20 -7 14 19 -42 -16 29 -9 -17 13 -9 -8 -13 -8 -16 -42 -16 26 2 26 -42 7 4 -9 17 30 8 35 33 17 30 -7 -43 2 14 42 13 40 16 -21 -14 9 2 17 -32 13 -12 -16 7 -4 26 17 -16 -42 27 -64 16 -21 4 10 -26 -16 -2 18 63 -39 7 -8 -24 17 14 7 -27 -35 -11 4 3 19 16 -7 -14 63 -3 42 -8 -10 -12 -14 1 28 -12 -12 14 3 12 -28 7 33 -21 -3 14 -38 10 17 -5 -1 14 9 12 -14 -7 -12 5 30 -28 -9 21 -14 21 52 -17 -36 43 -14 -15 21 14 2 14 -5 -43 -18 9 -21 1 -7 22 -2 -28 -30 -18 -15 -59 -14 2 36 -4 -77 27 2 28 14 -2 -14 -37 20 -30 15 -44 -21 13 -24 -36 -2 14 18 -44 -13 -14 0 -42 4 -14 -2 15 -2 -19 1 -2 29 2 20 13 44 -19 15 0 -29 46 14 14 -29 2 -13 -2 2 -42 -11 20 -32 -28 37 -2 10 36 11 -14 -13 23 -24 -30 17 4 42 -46 -2 -2 29 0 9 4 26 11 -2 -42 23 0 16 -15 -7 -46 -46 14 8 29 -24 16
s 011011110101101001000111010110001011101010111011000000100110010000110111
m -51 -82 83 117 -52 99 -94 -114 -32 127 -94 -58 4 68 -110 -122 -57 -53 49 -28 -14 -58 -90 -62 -72 98 99 -59 106 1 9 102 84 -100 20 76 113 -115 -97 126 -1 -116 77 16 30 -87 86 59 99 -12 -36 -77 -124 44 60 -56 11 122 9 -101 49 44 51 -29 20 109 77 21 68 33 80 -89 90 125 116 61 8 -17 80 -109 100 73 -40 45 109 54 -29 -38 52 28 -37 -49 124 15 93 -5 47 29 -35 97 -99 35 17 68 -32 25 92 81 85 93 -65 102 121 -20 -43 -71 -71 124 -34 -6 55 3 -70 -23 -82 -23 -68 -46 100 -7 73 66 126 -45 -109 -122 -90 -2 -25 -78 30 -117 0 -29 -59 80 62 53 -59 -5 -87 -35 15 23 -38 118 15 -4 57 -83 -102 -113 45 -103 9 -1 -111 55 71 -103 63 125 85 -24 -106 -13 -93 90 -107 12 49 -93 -6 113 5 90 -100 123 106 39 -45 -24 114 14 93 -62 26 -25 -59 105 77 -91 15 -95 -51 -55 60 -119 -101 29 99 -122 120 72 37 37 94 78 -86 -27 24 15 -15 -17 -35 -26 -44 73 -62 27 -53 42 89 104 33 41 59 -108 -80 -100 -85 27 127 -52 -12 -126 -63 32 13 -33 -117 92 40 -17 -58 11 76 -33 -21 31 -12 115 11 62 75 64 -87 -102 -61 96 -109 87 86 40 14 74 87 -100 87 -127 -56 96 118 0 26 -59 124 -85 30 -50 -92 -52 -6 -3 8 60 78 -81 97 -70 -83 27 -3 -112 9 -86 -26 48 -25 31 -77 43 -19 58 -41 -115 28 -29 -32 13 -6 106 -33 2 104 -53 62 -83 76 -104 -17 -23 -101 0 -101 16 -30 -51 -24 -39 20 -86 88 126 -99 -2 -34 -73 22 -81 64 -50 -46 65 57 -60 47 -91 107 24 -36 72 72 60 -112 30 -80 116 -50 16 -122 9 86 125 -124 -66 -91 -82 15 -35 108 -110 38 68 117 -86 -74 116 74 64 8 -42 15 -95 117 -76 45 -61 67 44 28 -17 -42 -85 30 -58 -58 -53 -71 61 91 -76 -63 83 98 -83 6 77 77 -35 -67 106 127 -43 97 29 84 -83 -4 109 -6 -39
e 24 -14 54 23 -14 14 -23 -10 -12 10 -4 -38 19 -26 11 26 24 8 -18 -24 5 -11 -24 21 -11 28 13 -28 -8 -23 -28 -10 15 10 -43 6 0 1 -14 27 11 4 27 -13 -26 13 7 6 7 49 -12 11 0 68 23 -24 -8 10 23 8 4 8 -6 46 -6 -17 -24 -17 70 14 60 -24 11 3 15 28 -42 -29 -8 7 3 -10 -3 15 -18 15 0 -24 0 3 -27 14 -5 -13 -26 18 7 -26 -2 -11 -2 -2 0 -2 -21 -1 21 -14 8 -21 -18 -6 -14 -57 17 14 1 60 1 3 24 -6 14 8 14 53 7 -7 55 -3 14 55 15 -14 42 0 42 -21 -3 -2 0 -15 27 -7 26 -27 -5 2 -8 44 2 -8 -34 22 14 -4 -38 37 -51 5 50 27 -14 11 -47 21 -54 -8 -3 -54 14 -14 14 -12 21 -21 -38 18 -38 -54 14 -15 -6 -42 -13 6 -2 -5 -21 0 21 -13 7 15 -1 -56 -1 -15 -8 12 39 14 26 -39 4 -14 -4 50 4 -27 -27 26 6 -5 6 12 -26 -5 -14 45 -40 -4 -29 -13 26 -29 1 6 -10 15 -12 4 6 39 23 -10 14 -10 18 4 -4 25 -26 26 -15 -6 24 35 31 -14 8 39 23 -11 11 55 28 0 -4 -8 1 -26 -36 27 -24 -18 13 -14 -24 7 -11 27 60 28 -14 24 -8 -7 -8 10 11 8 -18 -15 -6 -24 -1 17 33 -8 0 13 18 -12 42 -17 15 11 60 7 0 28 -7 1 -10 -15 -8 -7 -21 -6 -3 -14 19 15 5 -60 0 26 -24 3 -2 -8 -15 -20 -7 26 -14 -3 2 21 -40 2 -18 25 -21 -32 -3 14 1 -15 -5 3 -26 -14 0 -6 1 -7 -2 3 55 -21 14 14 -14 21 -79 5 18 2 14 14 -50 -1 42 -37 3 2 5 -41 0 31 -21 7 14 -18 -55 4 40 -8 38 42 -14 -11 2 4 8 0 -50 54 26 27 25 -55 -5 -12 8 -56 -1 -14 14 -22 4 -12 6 50 -38 5 27 -11 -21 5 8 13 54 5 33 14 -21 -12 -12 13 39 -51 -1 14 -11 -15 14 -8 -6 26
s 101101001000011111001111001101100110100100110001101001000011111000010001
m -55 -53 -60 101 -15 -31 71 -120 120 121 30 7 -99 96 125 104 120 69 -38 10 -106 76 45 -66 120 109 -55 -104 -100 48 70 -6 28 -65 -63 -88 32 -97 -61 -37 127 -118 23 95 -72 38 -39 -114 74 -45 93 -70 21 -51 46 -12 -99 -68 105 56 74 77 82 -33 -11 20 -122 41 46 -107 71 -18 114 -73 9 -122 30 -43 -119 62 58 -76 116 -122 -108 122 -69 -108 62 -59 -91 112 -74 82 -114 -26 -118 66 41 48 -95 108 46 101 -60 25 -88 21 -84 91 42 63 82 -46 31 -115 76 -67 1 11 95 -44 50 22 -38 -88 -123 7 101 -43 -64 -85 68 -89 37 81 60 68 -63 46 -127 -61 -116 116 11 88 127 60 -27 -104 -105 -31 99 -19 126 -97 -117 23 -65 106 74 -7 -78 48 54 -67 62 62 -7 82 -41 -24 -57 -38 -109 -19 -69 108 -94 29 -64 61 79 10 -12 21 -120 -87 18 -23 19 -100 15 -26 -39 -38 -13 56 -106 -62 -31 101 -11 -122 75 -3 45 -51 110 -91 14 44 29 80 69 12 -46 -78 83 -85 86 -32 19 30 -59 127 58 35 -125 91 63 -111 -124 -63 -84 -100 -52 -91 -5 -125 19 -121 32 20 -12 62 -41 29 77 -15 119 2 -108 -35 62 11 -48 -44 -44 118 120 93 -112 -110 -53 -38 107 -56 -70 -28 83 -106 17 -48 105 30 -94 -89 -76 71 67 73 -44 -37 -99 53 -16 -119 13 -125 -119 13 -37 37 59 -106 33 -15 79 -110 40 -18 -66 49 -92 -9 -106 18 -123 3 -124 24 -46 -123 -25 72 -11 3 -94 29 101 -57 -114 77 13 -78 -37 103 33 33 54 -12 -5 -84 3 -14 -123 -109 -89 -104 101 2 -56 108 -9 43 -113 0 67 -39 7 -8 -79 33 54 -20 72 -96 97 111 26 44 37 44 117 -116 -123 -34 75 -72 17 76 24 -66 18 -115 -109 106 121 18 15 -95 -78 25 90 113 90 104 -27 52 101 2 50 5 -120 -70 85 51 -1 109 25 -69 44 73 -94 3 50 -9 -25 -63 -69 45 122 -21 7 100 -85 92 -8 76 -101 71 -45 -126 24 -117 1 -21 109 122 -27 -24
e 36 -14 7 -41 -14 22 -41 -10 17 10 17 -14 -17 -18 1 -18 -36 -48 -5 -40 -8 11 -9 -7 11 26 19 -26 -62 -1 83 57 19 6 -5 -19 -19 14 3 -12 -14 -28 12 -12 -21 -12 25 -26 -25 -14 -11 -14 -28 -2 -63 16 20 -10 -64 -20 17 -64 -3 18 3 28 36 18 15 -14 15 11 11 -26 -29 -26 12 8 -62 12 -38 6 -38 -8 -5 8 10 9 -10 -26 -12 -19 -22 -12 -3 -22 25 3 -29 14 29 11 -19 11 -3 -14 -3 -21 64 -18 -5 -3 13 5 18 -13 -1 -15 -39 2 -11 -2 21 -49 -21 18 -12 0 5 51 -29 -5 8 -29 9 -10 9 30 -26 30 -8 8 -8 0 3 -2 -40 -29 -16 40 -11 -16 -16 -3 -16 -21 19 39 3 22 -3 2 -13 1 -55 1 -7 -48 -2 -7 22 -33 22 -17 18 -34 7 -5 7 1 -29 19 19 33 -8 24 -30 -8 7 -8 7 19 0 19 1 -5 1 19 -16 11 -2 -16 3 -2 21 10 28 3 28 -21 -2 21 31 -40 26 -55 18 -8 -3 36 7 -40 14 -19 -21 -41 -1 26 -10 19 -11 -17 -19 -2 41 6 3 -10 -34 -28 27 9 21 -29 -31 26 47 42 -11 -14 62 28 41 -11 14 60 -26 19 -17 62 -14 -18 6 -12 36 -5 -12 -14 9 35 11 -12 41 -26 -12 -11 -62 25 20 -6 14 -68 -5 19 3 -9 22 -18 21 64 10 -34 3 26 -25 -18 -8 -40 15 -12 -19 11 38 -14 20 -48 64 12 -3 -10 38 -19 -18 -8 -23 15 55 10 11 33 -29 20 8 11 16 -3 -21 -38 -36 -18 8 -59 37 10 7 -23 -26 19 1 8 22 7 -3 13 -15 -29 1 -7 11 -2 5 -3 -21 39 -19 21 9 -22 -5 30 13 29 -3 -1 9 2 -2 -41 -40 -21 8 16 -18 0 -69 5 -5 21 29 24 -7 -9 16 1 30 21 -48 8 3 -7 0 -7 -22 7 40 -17 16 -7 12 -16 -28 -19 21 17 -19 -24 -7 -11 2 -1 -7 -66 -48 23 -45 8 -26 -22 -16 -11 -17 -19 -2 7 -1 3 22 -25 28 -48 -19 -28
s 101110100001010011100101110011101110000100001110010110010000111001011011
m 9 127 121 62 24 -81 78 -40 -101 9 125 -38 -5 23 30 -44 118 -96 30 15 38 114 40 -32 -112 2 38 -11 -122 6 89 11 -123 25 -104 90 13 -96 -23 95 84 -91 53 92 -101 84 -2 119 8 -83 -14 6 -81 106 -76 -32 -33 66 -116 118 -87 96 -122 -62 39 95 9 -29 1 -105 8 -18 68 -22 -103 -70 -16 109 73 6 22 9 96 24 -65 -87 -103 30 10 66 -86 -63 74 -56 -49 34 -89 -35 -24 -47 -87 -119 -117 -87 11 99 50 -67 126 -53 -20 -87 -6 92 106 -111 67 118 -4 59 82 -77 77 47 28 -36 -34 22 -86 -96 45 75 -119 124 -114 -5 127 80 -112 -33 40 25 -23 123 75 115 10 39 -120 -37 75 30 -45 15 -119 23 52 105 -86 -43 -12 100 -110 110 106 -90 38 -7 58 127 -23 28 -45 90 81 46 -103 45 4 102 65 -103 53 72 17 64 -19 84 37 -48 -36 11 -11 -1 87 -67 -91 72 -94 119 47 42 71 71 -49 -41 -64 24 -30 -115 117 72 52 -100 -29 120 -60 -89 -122 58 79 76 102 -95 95 -35 11 -15 28 52 100 -107 96 13 59 -30 -16 29 -15 117 68 -48 -44 -63 41 -105 -67 -66 9 19 -86 108 -50 -82 116 -35 -25 -72 95 91 -17 53 30 -72 87 -121 4 15 -116 52 11 -1 -100 34 41 -43 91 -94 -91 104 -31 -10 -82 124 89 -4 37 -95 -92 103 57 -116 -26 113 54 -114 -35 58 47 55 -55 -13 50 2 13 66 116 88 35 47 60 87 -71 77 -2 -31 -80 -55 -22 -68 -27 3 25 -3 -61 6 -32 103 39 -31 -46 -83 -13 -71 -5 123 22 -46 49 -40 -22 -35 -36 14 -111 -40 -85 58 77 66 127 38 78 -110 45 81 46 34 -54 -111 -79 84 -54 22 51 93 66 -57 54 77 109 -92 111 -49 -101 -51 20 -74 -127 -42 -42 -19 123 -114 -51 -63 -97 -7 26 36 -34 25 34 -117 112 -98 -53 -67 -36 87 -94 -11 -96 -122 70 55 -89 14 -86 79 -99 27 -75 -19 76 -72 33 -7 101 -43 -127 15 -15 -87 -29 43 112 117 57 4 58 -109
e 8 -14 -32 31 -14 -7 31 -8 -41 25 5 4 -60 -39 -70 21 8 -4 -14 4 -13 -10 4 -32 10 10 1 -2 -64 -10 64 -8 10 -8 14 -47 -49 2 -14 1 -2 -27 1 -4 39 -4 7 -14 -2 6 8 -28 12 12 -31 12 3 8 9 -3 -5 -9 23 21 -23 26 8 -63 -7 14 -1 12 -10 -20 -22 -2 -6 22 76 14 44 -10 20 -41 14 21 -5 4 5 20 -1 -40 -2 4 6 -2 2 6 -24 6 -21 3 12 3 5 -2 5 -40 -9 28 -12 23 -13 12 26 -6 -4 -1 20 31 -12 -31 25 -3 25 28 -6 10 18 -20 57 -18 21 40 -17 -9 17 17 -20 -17 -7 22 7 10 -6 22 24 21 27 -9 -3 -37 -37 5 -37 43 40 21 -11 2 -21 22 -6 -27 4 4 -32 -4 31 -32 -7 25 -7 41 -28 79 4 12 -34 -27 40 10 -51 17 -13 -47 -29 -13 28 7 -28 1 -20 -10 -6 18 6 -10 27 -8 12 40 14 12 -21 -14 -27 11 -50 39 22 -39 -14 -9 14 -8 21 13 -14 8 28 27 -14 -1 -39 -44 -6 26 8 -10 -8 -5 -47 14 31 8 -21 8 27 27 5 -4 63 21 -10 14 -8 -2 -13 -14 -64 12 -31 10 -6 -8 -2 12 5 64 2 -21 -8 -1 8 14 -36 -17 -4 -2 -36 -47 1 2 -4 12 64 2 3 -8 6 84 14 -12 -23 -14 -2 -26 -1 -9 5 4 35 20 -2 -26 -22 -6 -1 6 12 16 20 -15 -3 -21 -9 6 5 -23 20 40 -26 -21 20 1 -5 6 12 -20 -21 -12 22 66 -6 -31 -25 20 21 32 21 3 -18 -5 -10 6 20 -40 -4 -22 2 -51 6 6 7 -21 4 10 -3 31 -18 5 25 -40 41 -28 17 -2 -12 -17 -6 40 -11 -4 17 22 31 -17 9 25 -7 27 -28 -10 -37 -12 -59 -21 -40 27 4 -41 37 27 -17 -21 -4 21 11 -34 -10 76 7 18 9 -41 27 32 6 37 -7 46 -21 -41 -47 11 4 -15 -22 -27 -28 9 -4 -1 -32 13 -14 -21 28 8 -41 1 -12 4 6 14 -27 -10 27 7 -47 39
s 000100001101101011011001000001000011101111110011010101010011001001011111
m -51 81 11 -81 -60 -66 126 8 -122 -120 -41 86 30 -106 91 -58 -24 -14 14 -78 91 -57 100 -69 55 -27 -26 63 -50 99 101 -23 7 49 45 103 89 77 84 -5 110 39 117 -15 78 -73 52 -11 -54 -115 95 1 -96 89 72 9 -3 -125 -120 -7 -73 8 -21 -5 40 77 -114 10 -24 25 105 13 24 81 118 -71 111 -44 112 -100 -102 68 80 97 -3 10 124 14 116 -79 95 21 52 -26 -13 8 86 81 -89 -73 -88 69 100 43 -36 46 -117 25 -74 98 -63 105 78 122 98 122 24 78 90 105 113 12 80 115 -77 26 -122 114 39 -124 -59 -52 -40 -105 79 20 113 56 -3 77 117 -116 19 -103 55 65 -127 45 41 116 -61 -87 -107 -29 -31 -81 29 36 27 -18 -37 -26 2 19 90 -18 54 -78 -127 -43 93 -39 -54 30 -122 -7 7 -119 -14 2 -110 88 15 105 -102 -101 -106 -59 57 93 34 -28 -25 -97 -2 -85 39 -24 -107 -25 -86 107 -60 -4 15 -105 10 -3 58 -30 -101 31 75 -124 -33 -28 41 5 64 120 -125 -6 -53 -67 8 63 59 -36 24 -31 -41 50 120 87 -111 31 -62 65 72 -90 -97 27 -11 -98 -95 48 113 -95 124 125 -46 17 -13 -94 -49 -109 -60 -38 -68 120 -22 94 -31 34 -70 -122 -59 105 -16 -80 -43 -94 34 120 -55 -31 58 8 -115 -26 49 -35 -36 4 -36 88 29 -99 -35 63 -5 125 78 -42 -73 -67 -59 -58 -18 36 -61 -77 -35 94 -4 89 -93 79 -54 -72 -115 -122 -16 -107 74 4 -119 47 29 -83 -66 -98 28 -31 -48 -21 51 -123 -62 -44 107 -43 -6 -110 -64 -64 -19 72 96 -66 26 -11 71 -10 -62 51 -41 77 -77 21 -77 -47 -123 57 -75 34 -21 -97 -88 84 -55 -62 106 65 48 60 56 -72 119 -117 -9 -92 112 103 43 12 64 97 126 -96 115 -122 22 15 71 17 84 63 -106 35 31 -66 -112 -48 -43 77 74 -25 -47 99 40 99 124 28 -27 48 -54 21 -27 -119 82 -95 -109 8 -71 -66 -11 -34 42 6 94 -46 95 -45 -122 -121 126 -118 94 125 70 56
e -21 22 -22 12 -22 30 -12 -21 -7 7 -27 -7 36 5 2 5 -45 -69 -3 13 -5 -21 -13 -30 21 -53 -7 24 41 -2 -41 -23 -21 21 -3 -14 4 20 53 -30 20 -6 5 23 -7 14 7 10 -7 -1 6 43 -4 -4 -12 12 -4 7 -7 -3 -27 31 -32 36 19 9 -21 14 -4 47 4 8 38 -3 -25 -24 -32 25 -41 32 31 21 -31 9 13 35 -5 -14 -5 3 5 -22 -7 14 -19 -16 7 12 -40 -1 -40 28 4 28 -26 20 -26 -19 -7 -23 6 19 2 -6 9 2 16 4 16 -10 8 -10 -35 3 35 -30 32 -22 -42 31 50 35 -9 50 -19 -5 -19 63 17 49 8 25 8 22 12 23 38 45 65 -38 -28 -36 20 -32 20 14 -19 -14 3 7 -3 -24 9 2 13 -21 -10 -13 10 10 -30 45 30 7 23 -25 -13 6 7 14 50 -7 -24 -19 5 14 -49 5 30 8 37 -7 28 -7 35 35 -2 7 -36 -6 4 -20 -55 15 -15 -53 -6 -24 -6 7 -23 -7 -10 38 10 -6 -5 -19 53 21 -30 9 -22 -7 -10 -12 -2 10 -7 7 -6 27 -14 -4 12 21 -53 -7 -3 6 -27 -13 7 5 -21 -10 21 -24 6 22 44 -4 56 -21 -1 7 -24 -4 -27 -41 -26 -5 -21 5 -21 3 14 22 13 -7 -21 -5 4 24 14 -8 -41 46 -3 -21 1 -7 3 34 -19 -13 20 -9 -5 7 18 -14 19 3 -7 -9 25 -1 -4 -42 -4 -8 70 20 -3 9 -7 -32 -26 -19 31 19 -9 -9 -7 16 5 12 8 3 -40 -3 -39 -38 32 -12 -35 31 -40 23 9 -28 11 5 -26 -2 3 -19 16 25 -7 11 12 -2 -8 40 -16 -22 -28 -10 35 -26 35 -52 19 -23 42 7 6 49 -2 50 3 16 -19 23 -10 -49 -38 35 -17 -36 -23 -22 -20 -6 -35 -14 -50 -36 -7 19 -28 2 49 -14 13 8 -3 -10 -22 -23 30 35 84 7 36 10 2 -20 -30 -7 -14 7 14 3 7 -5 -23 -2 30 38 -13 23 10 5 10 35 30 22 7 -7 -4 7 2 -53 2 7 -6 13 -14 -7
s 010111011010101100100111010010011100100001110100111010000100001001100110
m -127 -73 100 -5 85 -32 23 123 107 33 29 25 -62 -121 -70 -124 -63 -4 -15 -67 -84 -76 -69 88 91 97 -24 -5 -22 11 -52 -56 118 -34 -55 107 -35 -13 95 127 3 -36 -100 39 4 -13 126 106 51 -84 -13 19 -63 121 -48 -67 -44 -36 38 125 -41 115 112 -79 -123 -76 104 96 -84 -6 89 -7 -24 60 -74 82 61 73 117 -37 64 32 27 74 -4 90 113 43 -57 76 -70 -61 -67 82 90 -58 -7 -21 -74 -38 -33 -81 51 -30 16 -99 -86 18 -111 -67 -72 -8 -71 43 -82 -52 118 89 60 37 -126 -26 115 -90 -57 19 -60 -76 -9 -34 -10 101 -35 -105 93 -24 -79 -12 -65 123 -127 40 -33 -23 1 49 37 -100 88 -114 24 34 16 -27 -74 -124 -45 -23 7 -89 -104 16 -92 -117 86 26 -125 -47 60 -43 -41 68 66 47 -103 -73 125 -105 -24 -58 47 -104 -55 91 18 74 -39 89 45 28 111 -66 112 -23 101 67 -102 -54 -3 23 -115 -75 39 9 119 -64 -46 -72 95 -71 69 -59 -24 -11 -36 -3 -122 95 -98 56 -114 107 -60 -58 -10 47 -107 -67 89 -114 -6 69 55 125 -116 -34 -40 -66 -104 120 9 -78 -97 27 57 57 123 -112 -19 -4 -119 -2 -32 33 96 -119 92 -22 50 -93 13 30 -21 121 90 -84 48 13 16 114 -73 55 82 -3 -79 -120 -9 -18 39 -79 -120 74 -57 23 85 61 -99 -55 7 31 -10 81 -88 -51 -35 -13 72 62 -47 41 52 10 -104 -23 -103 -45 83 -3 56 -48 93 82 -118 88 85 4 -76 15 -35 83 -34 104 6 41 -103 -47 64 -37 -40 -119 28 58 -12 -110 85 101 -66 55 42 -76 -87 -4 -85 -66 -124 -54 70 -74 -46 -10 9 -108 55 -88 -45 -52 56 59 -19 28 -122 45 -112 87 -27 -46 -66 52 122 -95 33 6 123 66 -116 -30 27 111 -29 48 112 -78 41 53 -49 -78 -19 -44 -53 -57 -73 75 103 -5 56 -4 101 -125 -121 -80 -7 -43 127 114 -42 91 32 -4 21 -96 56 -47 52 56 104 -89 -85 -55 -75 23 -14 -114 -124 -125 61 -101 97 -74 81 103 -124 71
e 49 4 38 -21 -4 -7 5 29 -4 32 8 -21 -8 24 -47 24 49 17 4 14 4 21 14 40 -21 3 -21 -3 -8 -54 -8 19 -38 19 4 37 20 -3 -35 -7 12 -41 7 12 9 -35 7 -21 7 -17 3 34 20 -2 -5 -7 -35 -29 28 35 -8 28 7 24 -7 12 -49 -12 4 4 -4 -9 29 45 -6 3 3 6 8 -3 24 -19 30 25 14 25 -9 -14 9 45 7 16 -51 12 -1 -52 -16 1 29 -17 30 -21 -20 -21 24 -3 -14 -40 -28 -17 -11 -42 -46 11 12 -58 23 -4 23 4 -7 -4 49 -35 -49 46 -3 -21 -5 -24 26 5 -25 9 24 9 -24 25 -45 -11 25 6 25 -58 -14 14 -10 29 3 10 27 3 -36 -14 14 -21 16 -69 47 -51 -7 19 -46 -47 -4 37 -38 4 4 -50 -7 49 7 -4 -17 4 -21 -11 22 -47 -9 38 -37 24 -4 37 11 -4 49 -29 40 -21 21 -21 -10 5 10 38 -6 -3 2 14 -35 -2 21 35 -32 -7 32 -4 14 -4 32 33 21 6 24 -4 35 -56 -40 32 4 -21 -4 5 10 21 29 38 3 8 37 -2 -5 19 35 -29 4 32 26 14 -4 -27 -21 -21 -49 -3 3 6 -8 8 -5 -21 17 -29 3 21 8 -8 3 -24 28 -7 -49 4 12 -4 -38 7 21 -7 -4 -5 -12 -7 -20 -7 39 19 -17 28 4 -20 7 -14 -3 12 -49 34 21 12 -7 -53 -7 49 6 17 4 3 -20 7 -24 -3 -35 -25 28 -33 14 -7 24 -16 12 25 51 -42 9 -1 -7 45 29 35 35 21 -3 1 49 -24 29 -17 31 21 -17 9 14 46 -45 -16 23 -6 -51 -9 1 -46 25 29 23 -21 -21 -4 5 -14 50 9 16 -17 24 51 -11 -11 -46 -9 -7 23 -49 -14 -4 -11 -10 -49 -25 3 17 21 14 -11 5 21 9 3 -21 -24 -14 51 11 -21 4 25 -7 -38 -21 14 7 -8 -10 13 3 -38 10 14 -28 48 21 -4 -49 7 -21 16 14 -47 40 10 -4 21 38 4 21 -7 -40 -3 4 -21 2 21 -10 35 47 38 32 -4 -37 4
s 000000110110101110100100010001110000010001011100111011010011111011011100
m -42 -18 13 -119 -91 120 -75 43 49 -13 -110 47 -108 73 70 18 -2 -121 -46 -62 -86 25 22 -65 114 -66 1 119 32 30 -123 -44 -119 -64 -32 -30 -96 73 -48 -99 38 12 108 26 -32 -126 -22 -124 -118 28 -7 68 -6 -100 71 -16 62 2 83 -11 -11 -53 -33 89 34 33 68 127 112 -75 109 -29 104 21 -4 -41 117 -25 -127 73 -77 -89 -106 111 -119 -37 -123 -44 -72 31 -53 76 98 40 56 -124 10 25 -35 -7 -71 55 23 26 -85 119 4 1 -68 15 -81 -36 -107 63 127 -124 58 92 14 101 93 89 106 0 69 46 -72 -5 -57 100 -30 -75 -7 -76 49 111 -97 -65 -92 -110 -2 -46 -17 107 4 0 114 67 112 -11 -90 118 -60 -53 -100 -103 -81 14 -88 -46 103 -53 28 27 -116 -80 19 -117 104 74 37 8 -44 -25 55 -77 -96 66 99 -5 -71 -18 -109 -33 66 14 -8 -54 126 72 -5 -79 -20 -93 -1 70 94 51 -1 50 21 -12 86 93 14 26 46 -106 -121 88 80 51 -45 16 75 12 -96 -58 -111 -15 39 -17 92 106 -107 -22 0 -89 -116 -125 -2 32 -2 80 95 35 20 112 -13 -100 126 122 -98 65 -47 -127 -30 90 113 -99 13 -52 -124 -108 23 20 -13 -69 -83 33 36 13 13 60 7 20 -66 -30 45 -37 -31 76 93 46 122 -115 -31 -32 43 -11 -32 68 107 122 13 -77 -29 -22 38 17 -6 -23 -1 28 98 1 -26 -119 -112 14 -54 -122 53 -96 -70 -10 -101 -46 73 6 -83 -61 90 45 48 -120 -7 -70 -46 -116 99 17 -123 -66 -9 -90 15 61 60 -51 -124 107 42 -100 66 -92 -86 -116 57 -91 48 6 -100 94 109 14 -86 47 120 41 109 95 -89 17 -115 2 48 75 96 112 88 -28 -101 36 -18 123 50 -121 120 81 54 -58 -39 56 -83 -112 41 -117 -32 -42 -105 83 112 -115 -44 16 -79 69 64 49 -105 -50 73 107 -35 0 -8 90 -54 2 -68 25 97 -23 36 -60 -121 124 -80 -3 -23 43 79 -12 -98 64 -39 -21 -13 1 92 -38 47 -25 98 -104 8 -25 85 103 15 -47
e -2 27 -17 -20 16 19 -20 2 0 -2 -10 22 -10 -12 3 -12 -7 70 12 20 -48 28 -39 5 22 -12 -11 12 -12 0 12 10 16 10 12 -2 6 26 18 34 26 15 -34 -21 42 21 9 -35 9 7 -1 7 21 -19 20 26 0 12 15 0 -28 -15 1 -12 -1 -1 2 -1 -81 16 -81 14 22 -25 22 -12 -8 4 12 -8 -47 10 -47 7 12 -7 6 20 6 -19 34 1 41 -21 4 -41 -20 4 13 -21 13 23 -6 49 -4 26 47 54 -15 2 37 1 25 -37 -1 25 -13 -82 -32 6 -14 6 -7 10 -7 2 8 18 -36 47 15 -36 -9 15 16 -6 -16 -7 19 -7 15 4 2 -5 22 44 -10 -13 -1 14 -23 -1 2 -4 2 13 -1 -13 -53 -42 53 0 -77 3 70 13 -12 70 6 -12 19 -14 -19 0 2 0 -22 -37 22 -3 15 22 -2 -16 48 2 -39 -51 -5 -2 12 1 5 1 0 36 0 -16 7 1 42 2 -18 19 -13 -18 11 -53 -11 -28 0 -28 -35 -10 35 1 12 -48 18 -2 -5 -11 -16 -1 28 -63 1 -35 -2 16 -1 10 -13 19 20 -10 -23 2 18 -11 10 -20 28 -12 -22 -35 -2 12 1 16 -28 -19 -20 -22 7 2 -36 6 -10 -12 26 -16 -10 -34 2 -12 21 16 -20 9 -22 -34 -81 12 -21 14 12 9 0 12 -7 15 -12 -6 -1 20 -32 1 -47 47 7 23 6 -19 -9 -20 4 -7 81 -8 6 14 54 -26 0 -7 -15 8 4 -1 -47 -1 -1 7 41 81 6 -4 14 19 -13 0 4 -23 13 -4 -7 47 -13 -2 -7 23 -56 6 4 25 19 -1 -13 4 41 36 -4 -25 -2 -31 13 -5 23 6 36 4 7 -25 -1 14 16 41 -37 7 -25 15 -53 -13 -29 0 6 -7 -10 -7 -2 1 -2 -5 2 37 50 13 15 1 -22 16 -2 -3 -7 -13 70 -2 53 -12 5 0 19 36 10 -21 1 -12 0 -11 -19 -16 -13 0 2 -56 -22 48 0 -5 5 -10 -70 1 12 48 -40 -33 5 2 0 1 19 -42 0 18 3 16 11 -70 2 28
s 101010000110001101110010100100110110001001000110111111100011100111010001
m -5 -65 -39 66 -49 67 -27 68 -83 -74 51 -25 27 13 105 -104 23 25 33 -67 94 109 34 102 54 56 74 91 -116 97 -97 -41 12 72 -42 5 -87 -51 -11 74 -105 105 -110 -46 10 106 -10 -108 41 6 -86 -105 122 86 -42 -116 31 -38 -124 82 -54 111 -72 -27 -30 -47 86 -111 -36 -116 -84 -115 -63 72 -53 -20 102 16 -40 -93 4 -100 -45 -108 66 105 60 -68 93 -81 82 -84 -31 -15 -71 -47 -83 48 -62 -46 -50 -4 -122 80 97 87 -4 -93 -48 44 -42 -103 -75 -42 -97 8 7 -13 -110 -103 -101 -95 3 -98 53 -87 55 -49 -62 86 2 65 -111 4 -11 28 94 11 -109 -4 -20 2 36 64 -64 -12 90 26 -37 -103 -102 98 8 38 -119 15 63 -17 -83 -83 -2 -44 -63 6 113 78 -79 2 -88 -48 95 127 10 20 -120 91 -7 15 -114 104 -114 -33 -15 -124 2 56 42 126 83 14 -96 -100 -122 48 113 -10 -77 61 86 -28 -70 -43 62 37 -86 -124 -4 -66 -95 -21 -67 -55 -25 -73 -105 50 15 9 -111 44 121 54 106 66 -11 25 78 82 117 105 -24 8 -123 -97 -103 -108 2 25 -44 -123 13 -11 99 -10 -8 -87 13 48 33 70 -92 108 3 -32 -13 66 7 111 -79 30 92 -121 83 -92 61 -64 -84 42 -86 77 -105 36 -95 48 81 15 -26 -60 43 60 110 32 45 -121 5 -28 -28 -66 -34 -95 -15 110 44 116 -31 79 76 -56 107 -69 -121 115 96 -78 109 -60 -90 51 -86 -106 -110 2 52 59 -20 45 -28 -119 -109 90 -18 -64 -78 -86 -93 -2 107 -120 3 3 -90 -107 21 13 47 2 -99 17 105 69 3 40 -57 30 121 20 -116 65 88 71 120 -108 53 -108 -26 -76 90 114 -80 -33 118 -96 -93 51 -61 26 -92 6 -40 -23 -35 64 79 -88 59 -73 -39 -13 -31 -26 70 59 103 -6 -7 16 49 -96 52 119 16 -3 113 72 -7 -63 22 -16 70 41 -35 28 105 122 -94 -101 -91 5 7 -72 40 -45 -84 -95 70 -11 -21 123 -57 -85 -51 -68 -68 77 116 -66 55 -111 44 62 -94 -31
e -12 37 14 3 37 -9 -3 22 18 -22 -7 -7 -7 9 -6 -9 5 2 37 10 2 7 -10 35 7 -7 -42 -7 23 62 23 -53 -25 36 -29 -14 -98 25 -2 -30 25 4 30 14 10 -14 28 19 -9 -12 -21 6 77 33 -3 14 38 -22 28 28 7 -28 5 -9 5 -46 5 -42 -12 37 -12 14 -7 -71 -2 7 45 2 23 -45 -40 -36 4 -52 29 52 -12 10 -12 63 -30 -2 -3 41 -2 -3 9 2 -3 6 -3 -70 -77 4 4 -25 -34 -2 28 -3 14 5 -2 14 -42 2 45 -32 -7 35 14 35 -21 -28 -3 3 45 -14 9 -4 4 -9 -52 2 52 -12 -10 -4 63 6 -13 14 13 14 -2 3 7 3 20 -7 -4 -20 -36 4 7 12 2 -12 -2 -3 -46 3 -2 -6 2 7 14 22 35 14 -9 -3 -31 -45 3 -18 -22 -19 -7 -6 -2 11 5 10 5 -5 -4 2 35 18 -35 42 -14 -58 62 35 -62 -11 -20 -21 -33 7 2 60 -12 -2 -39 -2 -4 -9 3 -9 19 -7 19 21 9 2 -2 5 35 4 -37 -42 -9 3 62 -19 22 -11 -25 -12 5 -33 -3 -36 10 34 -29 -4 -7 25 9 -12 -28 19 5 -7 21 -37 23 33 22 -7 6 22 -18 77 7 -23 -25 -9 36 30 5 -29 14 -43 10 -9 -7 -30 -12 -7 -14 -89 27 9 28 36 -6 -42 29 -77 -27 10 45 -42 32 28 12 -14 -5 -63 9 42 2 6 12 -45 -77 -14 -4 25 28 -52 28 49 -4 5 4 15 42 53 -3 12 12 -2 14 -63 -3 -28 -2 -4 -45 -42 -3 4 16 -39 -52 -4 -14 -14 4 7 63 2 7 2 18 -63 -2 2 13 3 -7 14 4 -35 -9 -4 -3 -2 -2 3 -10 3 14 4 2 -2 -2 7 10 -3 35 -4 -7 3 -13 -20 -3 -14 -7 14 9 -14 -2 20 7 -10 -7 6 4 12 2 -13 2 -14 43 7 -9 -9 -35 18 -23 35 68 -7 9 -11 12 -18 5 -2 -7 2 -3 6 50 -7 -2 42 -14 -2 22 -9 -35 -21 18 42 -33 7 62 -2 -6 11 4 2 5 -9
s 011001010110001011001000110111100111010101000011101110111000101110110011
m 6 6 -91 71 56 -124 -50 -118 94 -53 -13 124 103 -96 -65 69 -10 37 -124 -10 -104 -108 87 -63 35 76 -75 -68 8 89 26 68 -22 31 106 -116 39 -103 43 123 -88 52 120 64 -109 -2 -11 2 -108 -126 -12 -76 -120 -14 119 81 95 16 13 -9 2 74 -123 90 122 105 28 -5 23 1 0 -62 -101 -92 -114 54 -94 -36 117 -127 85 -61 63 32 34 -78 -61 76 16 -86 69 54 -10 -105 36 13 69 11 2 75 -92 -41 -3 -118 -33 -35 26 -19 -28 91 -83 -16 -121 -20 -7 -34 115 -22 -83 50 -49 -32 91 -41 -105 -48 96 73 -94 -17 -125 -9 11 -29 -121 -31 43 2 107 -20 93 -39 107 -81 37 -108 -126 -15 24 18 9 126 -77 -92 -93 -98 22 86 94 -88 -64 82 53 85 92 -70 -54 -56 -43 14 -66 -19 -109 -11 -60 24 52 -61 86 -8 97 54 90 -80 -99 -50 -120 102 -74 75 -23 -101 10 -53 -10 98 62 53 14 104 120 -65 -111 -74 48 -12 -37 8 -4 99 91 5 115 -51 -122 -24 -45 32 -95 -105 122 36 87 -83 79 -79 78 -92 -33 -55 104 -79 -106 -1 64 2 -71 -112 56 -23 -100 74 24 -6 117 -41 -89 -4 -44 -28 123 -32 -26 -102 -24 -44 47 -103 78 -33 25 105 53 -34 42 -42 -54 -79 -115 -73 -35 -76 86 -80 -124 -57 -100 -67 41 -96 -33 -29 109 85 9 -117 21 -15 -93 -66 -43 -2 -111 -77 15 -69 -84 108 104 -52 -47 19 56 -29 -71 46 -57 -116 72 -33 -42 -82 -21 54 -100 99 -88 -101 -111 -12 56 -31 33 96 -45 73 97 -94 -8 -117 -115 84 -122 -21 -43 -79 81 -74 6 -47 75 86 53 98 2 54 72 -15 42 40 -43 -74 120 -21 127 -10 -109 19 -38 73 -28 48 73 7 44 42 23 108 124 -37 38 -38 21 24 -26 126 99 43 123 -62 -84 -94 0 42 7 112 93 -73 60 60 115 35 22 -3 -77 114 62 -6 -77 7 -48 -69 -122 55 -8 -16 5 -65 -100 61 -123 57 -14 -75 64 44 86 -99 117 81 50 96 -45 -94 106 -110 -93 84 107 -111 -89 40
e -9 -1 -6 -23 -1 -20 23 -14 10 -14 -2 5 2 6 7 -6 6 -13 30 65 -28 -31 -9 -21 31 4 -47 -4 23 -9 7 -2 -47 -2 -30 7 -3 19 11 -30 19 4 -30 -2 5 2 14 -36 10 -21 -21 -21 3 -1 -23 17 8 29 25 -28 12 12 -8 -6 8 5 -6 -7 0 -6 -20 -17 -31 11 -29 4 -40 -29 7 -40 15 2 15 10 -37 -10 -14 -9 19 11 -30 17 -12 2 10 9 -10 32 -7 21 2 -8 35 -8 23 19 -29 -20 -12 9 -18 -8 -25 -34 -5 -25 -6 0 6 21 -17 -21 17 -8 -17 -9 40 -9 3 -37 19 3 28 19 -38 -14 39 7 -11 -2 -2 -29 -2 9 10 31 16 2 -13 -45 36 -13 0 23 0 38 17 -38 -7 -9 7 -31 25 -7 -13 6 -6 13 -21 6 -20 -33 -20 -21 -9 10 5 -18 5 37 -19 20 -7 -38 -28 7 -2 28 -21 -2 -56 -47 -14 -66 55 -3 -9 20 -21 11 1 0 -11 -1 -38 -38 -4 -14 -21 -5 -31 -21 -2 16 2 -11 6 39 -11 6 21 4 -1 -47 -5 23 -9 2 -14 -20 11 -2 7 -13 -23 -28 -11 -14 -30 -4 -2 -9 -5 40 31 2 6 -42 -11 1 7 -1 44 -31 -29 -14 4 3 2 -7 -19 -6 -2 61 -6 30 2 1 9 10 -31 30 0 -4 2 -17 -7 10 8 2 -21 -12 -30 -3 14 9 -22 -5 30 -12 -14 2 -8 11 -10 -5 -29 21 0 -40 3 43 15 19 -8 10 -12 -40 -23 -8 -15 -17 -5 10 -9 0 -14 -10 -17 68 -2 -8 32 8 -46 10 17 -15 2 -9 -10 8 -18 -14 23 -25 -11 -17 -7 -29 9 21 10 25 -34 -2 -6 9 8 21 3 23 17 26 17 -19 -38 9 -18 2 -30 -19 -7 -6 38 -31 28 2 -16 -17 -2 13 9 -9 0 18 -3 -42 -19 13 -5 -38 7 -7 2 -38 -13 2 -7 6 -9 -37 42 8 16 10 -13 -13 9 0 -20 -20 38 10 44 7 46 -28 31 -7 -21 -16 33 -47 6 28 -2 -20 21 11 10 47 -1 -5 -9 -11 7 20 4 13 7 -5
s 000110011101100010000110011001000000011001001111001010110011000001100101
m -11 -39 -54 112 36 -86 -28 -105 82 98 -28 -62 30 66 118 -110 -48 -33 -102 -94 -113 103 -117 86 52 86 -7 -51 23 -11 33 -49 27 -62 -17 -112 -46 25 80 -65 28 124 -87 -16 -76 75 -56 93 47 -103 -114 42 -95 -65 120 4 117 -81 -66 -87 25 73 106 69 -21 -54 -46 39 -103 26 -42 84 -98 -20 101 -127 -91 8 -116 20 52 62 25 -43 6 4 -40 -33 106 116 -74 124 36 -114 38 -92 -89 -112 100 35 -86 -74 -89 4 42 -44 -125 29 126 -81 -89 -88 43 50 96 3 117 90 102 43 -115 88 6 45 81 60 -32 14 -6 124 -121 42 -87 62 -12 115 -27 -50 -55 23 122 -51 -89 -28 -64 96 120 105 -93 94 59 -119 -94 89 24 70 84 33 96 53 20 116 -67 -40 10 86 -4 36 -109 97 -121 19 48 124 14 53 -62 78 14 -67 -40 73 95 -107 71 41 -55 -60 -97 69 126 89 -61 -50 -85 103 57 -74 -8 -94 -83 84 -108 -122 -48 22 11 45 124 -99 43 -125 -114 -77 105 60 48 -26 34 -69 74 118 -22 58 -83 107 21 122 -97 62 -92 -122 -76 36 -94 -39 -11 -99 -71 30 44 6 114 -96 -46 51 94 7 28 6 -46 123 -105 51 -111 81 -69 -65 -29 -127 -23 -48 -81 73 68 -75 -99 -114 122 100 76 -127 99 80 -107 0 -106 119 -113 -20 -88 -62 -81 18 -24 116 -78 -116 51 57 114 108 30 112 -65 -30 -41 39 -76 -39 -92 52 20 -4 -108 -113 63 47 18 -1 -94 107 53 76 2 21 60 -10 74 122 36 -28 1 21 -76 109 56 74 127 73 -89 65 76 33 105 -85 -91 59 -25 -103 -68 -78 -81 -96 -14 -15 93 104 122 -94 27 -90 84 57 124 -89 -38 -6 51 20 83 -49 24 105 -43 -18 -34 125 -15 35 88 -111 -120 -19 121 33 -63 62 66 34 37 -112 -103 25 -124 -83 33 -126 -62 -10 72 -69 7 -79 73 -21 -6 -38 23 80 -126 13 -123 44 -114 -39 39 -101 90 -30 -11 78 97 -2 -84 117 -122 -23 -72 -27 -39 -104 45 47 -61 -91 -89 113 1 43 -66 37
e 41 6 -4 -25 -6 7 83 -71 19 71 22 -13 -22 42 -22 -42 10 -9 6 -6 -23 41 -6 -10 41 7 -2 -7 -29 19 -21 -18 -12 -18 6 36 -16 4 10 45 4 1 45 -66 -33 14 42 -45 -49 31 -24 -31 -16 -32 -25 0 25 -71 -50 -25 -25 50 1 42 -1 27 10 -27 -19 -6 -19 0 -41 49 1 -7 -18 1 21 28 18 18 18 4 -15 -38 29 -6 -29 -18 45 26 -2 -14 9 2 42 -9 14 -35 -14 4 -16 -19 16 -4 -16 52 50 13 -29 -1 -3 29 -27 -38 22 19 22 -30 0 -30 17 25 6 -13 -18 17 -24 18 35 6 4 -35 -24 -29 -11 -18 18 18 13 -1 -13 -13 -9 -16 14 14 6 14 -4 6 -21 16 70 29 26 42 18 -2 21 -16 3 22 29 22 -9 9 30 4 7 6 -7 19 -53 19 -13 29 33 22 43 -12 -36 -11 23 -58 -18 -23 10 13 -10 2 -13 -2 10 6 -10 12 6 -24 -32 21 -10 -32 -29 10 1 18 1 -33 -16 -33 45 -14 -45 24 42 -53 10 10 -10 1 6 2 -33 -25 -10 -45 -71 -12 -24 22 36 40 25 -18 -20 -71 6 1 -22 29 33 -42 -45 -82 -10 45 24 -20 21 32 25 41 31 71 -7 -16 22 21 -4 -42 -18 -45 -10 6 -14 6 6 -42 41 45 19 7 -14 4 21 -42 -25 -35 31 -50 6 41 -1 6 -4 27 -57 55 -29 14 1 -18 42 35 -1 -31 -19 -18 -16 0 22 -21 -25 4 50 18 37 -19 -18 26 -27 -4 -6 37 -29 -34 0 -18 14 -40 7 -4 -18 9 6 18 14 -13 4 -4 29 -35 16 3 18 26 -76 -1 2 30 -9 3 -61 -32 22 13 -4 30 6 -16 6 -35 26 13 -11 2 29 21 -3 35 18 22 -11 38 38 18 -64 6 13 6 13 -13 21 44 -6 29 -35 -6 13 -11 -21 -27 -18 -29 9 -13 -18 -4 13 16 -21 -6 14 -35 7 -4 -10 21 7 -24 -29 19 36 -18 13 -23 -16 22 63 14 9 -7 -4 23 45 7 10 -25 -19 -2 32 13 10 -10 22 -12 10 9 36 67
s 100111011111010111110110101010011111011000110010110111000001101000011110
m -36 -5 -86 -31 -31 105 -68 -54 -46 -43 -35 34 -18 16 -89 61 91 -4 -76 -64 -35 -18 69 -125 77 3 80 -76 -46 12 -93 -68 -76 73 -115 -34 11 -58 117 -51 -2 28 22 74 18 117 27 126 -95 -14 46 68 -14 39 60 9 112 88 16 36 109 -85 66 -102 -120 52 22 -28 38 -91 115 94 60 70 99 -1 74 39 89 26 26 45 -120 81 -55 67 56 -62 -91 28 -63 -82 -64 -23 -85 -27 -65 -28 -83 -8 -17 -47 50 -53 113 62 -67 -47 116 -58 85 -24 -12 -78 -35 -90 -112 -62 -102 -6 40 -55 -58 125 -119 -15 41 127 52 76 -48 86 -55 85 11 88 85 5 17 61 -119 14 54 -33 -107 85 79 -95 106 6 -52 68 -112 90 -56 -74 32 57 85 89 -9 -34 83 -24 77 -84 -90 71 112 -23 124 -66 45 10 -1 -26 110 -124 78 96 -77 -39 111 -96 23 63 -70 40 41 61 -29 -89 -61 26 -120 -41 86 -75 -21 43 87 18 -86 -100 -94 -67 -117 2 8 -115 42 -39 -48 116 48 34 -121 -98 -51 45 101 60 19 -39 89 127 -24 -118 -28 117 30 61 -67 -29 6 111 -84 101 90 -53 56 -41 114 -65 23 -5 -26 -9 94 6 -59 -90 -1 65 -6 -32 73 -25 -79 59 -96 65 105 -90 -89 24 -49 83 109 -22 -11 116 5 -86 -39 -79 60 -74 -14 62 -105 -50 -48 22 -52 71 -121 29 90 92 79 -99 -12 27 -86 6 -77 115 57 116 99 -113 -53 97 23 114 122 -1 85 89 -65 102 105 87 72 -75 33 -101 17 55 -10 -34 -111 -108 -19 -71 -95 69 -122 -60 24 -102 72 -26 -42 -82 116 65 45 -42 -24 -78 23 124 -4 -28 -51 29 58 20 83 -119 4 121 -92 -15 -1 -43 -42 -93 78 -124 -86 -48 3 38 107 -97 118 26 91 108 -55 -61 90 33 -123 -79 14 -24 -118 -24 -26 -78 106 -76 82 46 80 -10 106 32 -80 41 117 29 82 69 28 61 90 44 -115 -66 -58 78 124 -83 -19 -124 -94 110 -73 -38 119 10 -59 -127 80 -33 62 -117 -127 -47 91 -3 51 -46 -106 66 65 48
e -20 -6 -9 -1 -5 40 -1 -25 9 -25 16 42 31 54 -21 14 20 58 21 -36 -9 -10 36 26 10 -1 -23 1 -52 21 -41 -40 -35 40 21 51 -13 2 -3 20 51 7 -45 -21 -35 -21 -20 -5 20 6 27 -6 10 26 1 -15 13 25 -44 13 -16 14 -11 -14 11 6 23 -6 -5 -5 -5 -8 10 -15 -13 3 -1 -13 41 -1 -47 55 23 21 21 21 23 -36 -23 -15 20 -28 21 35 21 21 20 21 9 6 9 -46 -10 -42 37 -2 -37 -28 -14 -1 -29 11 69 29 -6 11 -40 5 -40 -18 -8 -6 -4 13 -4 -1 -1 26 36 -23 -13 36 -21 13 1 23 1 -54 -24 -5 -4 -35 4 -26 21 -17 -6 9 -19 -70 -42 -19 -16 37 -16 50 42 -65 -2 -21 2 17 -11 -45 -4 -40 -9 -4 6 -9 40 -4 70 -23 -14 9 30 29 30 21 -13 -39 -30 -1 9 -30 5 9 -26 4 36 23 -26 -34 -11 -36 11 -35 21 27 26 23 3 -26 50 3 -7 -8 25 16 -17 16 5 -6 -5 27 -14 -9 3 20 -26 7 5 23 -16 1 -11 5 -28 35 29 -16 30 -35 1 40 3 25 -21 -7 -16 -55 -16 -14 10 42 -20 1 27 5 -41 -26 -6 10 7 -25 -1 10 16 41 2 14 40 20 -20 -42 21 5 36 24 -16 -20 -34 1 21 8 41 20 -21 40 6 14 21 -10 11 36 2 6 -20 -14 23 21 21 -15 20 25 13 -6 -5 -1 -10 8 23 -2 13 21 -14 17 37 -11 23 28 6 21 -21 5 23 21 -8 -15 15 -13 13 -42 1 21 -4 -23 9 -1 49 -42 -29 -29 -59 11 -15 28 42 13 24 -6 -25 -11 -41 9 -40 29 42 6 36 -37 23 13 -28 -1 -3 21 29 5 -11 -13 2 -40 1 -17 6 5 -6 4 4 -19 -1 -26 16 -37 -36 50 42 19 -30 -1 -16 -21 -5 50 -4 4 -2 -21 26 -17 -40 36 -6 -9 -19 9 11 16 40 35 50 9 30 -2 30 -9 28 -21 26 -6 4 23 9 21 5 -40 -26 -27 -9 23 -26 -30 11 45 21 -35 -7 -4 -30 -16
s 101001110000011100000101000010101110110010011110110011000101000101110110
m 44 52 -35 -108 -41 14 -7 -88 26 -14 -73 111 27 -49 69 30 -59 -115 -24 -39 -67 112 5 80 -41 126 42 -64 52 -115 -27 -69 72 4 20 -114 33 -90 -117 -53 108 28 111 -6 107 -78 47 -29 43 -32 80 -12 -36 -18 70 -80 111 119 -33 -62 -70 103 120 43 22 -101 108 36 -45 110 -66 65 51 -111 -52 21 -71 -94 -97 4 52 -52 46 42 46 -54 106 9 61 41 107 99 109 57 57 -30 -42 -85 -114 16 -16 60 -41 94 -96 -28 32 30 84 -60 -36 79 -91 -60 97 -18 -112 16 -41 -38 97 120 74 -121 -44 -119 1 103 34 -68 39 -118 -39 -122 114 -69 93 97 48 87 99 -116 -100 -122 19 56 124 86 51 49 -6 -99 -8 0 -1 -41 -64 -80 120 58 -29 -1 102 35 93 106 16 33 -120 -21 -25 -17 -21 47 69 38 -37 60 11 0 -120 77 31 126 -22 57 -21 -78 56 -105 21 55 -35 -17 -122 -73 -50 102 90 16 -39 55 -120 -12 12 58 -68 -96 77 -57 66 -78 83 79 -7 19 -32 -120 121 14 0 -25 79 106 67 113 23 -103 22 -69 -45 122 72 22 33 80 23 94 18 -58 -15 -36 36 -86 -68 -23 105 19 -124 115 53 -37 -79 28 -24 117 123 109 105 -61 -17 29 110 53 -66 0 -122 10 115 -21 109 -16 69 39 -40 90 -67 72 71 -46 31 -34 -96 97 -5 3 -126 107 108 -65 -24 76 118 -33 -70 84 96 34 36 27 -20 63 -63 90 39 0 78 62 -5 125 87 9 27 57 -20 62 -110 18 94 64 63 110 -87 4 -48 -13 114 -38 121 87 -111 -4 -91 109 -1 -104 -89 46 60 14 -60 -46 9 71 -28 118 3 73 82 -22 2 -1 -54 115 19 2 119 -13 78 13 -102 -111 -6 -28 54 80 119 -108 113 121 -118 -69 127 40 -56 -105 -66 -79 -78 36 -10 -126 115 -112 -37 -26 -74 90 -103 -2 -48 -75 113 -115 -74 22 23 -101 -36 -12 54 -106 59 -9 100 -16 119 42 -3 76 -103 91 0 72 -81 34 91 1 -38 -16 -4 65 20 111 -122 -90 37 80 -28 47 -114 -56
e 13 9 2 -7 -9 1 -29 -13 4 -20 -14 -9 14 26 0 -26 -13 0 0 -3 -20 -25 3 0 25 17 -15 -17 24 -21 -46 4 61 -41 0 28 -18 -15 -21 -14 15 -22 14 35 -32 6 19 7 19 -11 14 -14 18 -11 7 56 -35 13 30 35 -14 -29 -5 -26 -5 24 13 -24 14 9 14 -56 -25 -29 -13 17 -1 -13 -24 1 -34 4 -34 0 0 0 -21 3 -21 29 14 8 12 -6 -8 -12 -19 8 -14 11 -56 -4 18 -4 0 -15 0 8 -29 2 -53 -5 16 -32 -24 63 -3 -32 -3 -20 -56 20 -15 35 15 2 4 31 2 34 69 -2 0 -35 48 21 48 12 29 12 -25 -13 25 -31 -8 1 43 14 -21 65 4 21 1 -1 7 -11 -8 -11 -6 12 6 -3 -16 0 0 3 -2 0 -20 2 -1 39 -1 4 -2 4 9 32 -9 -31 -35 61 -50 48 -30 -28 -12 -20 0 25 0 -15 -35 37 -21 -2 -21 61 -21 14 -11 -1 -21 -16 23 21 22 6 -22 32 1 32 -7 43 21 14 26 -20 21 39 19 25 9 -15 -32 7 32 7 13 -63 -14 14 -28 11 7 -4 51 13 0 22 -24 -3 -49 26 25 7 13 19 -14 9 24 -11 -7 -36 -11 13 17 -18 14 -24 -25 -27 -4 14 -13 16 6 36 3 -37 -25 -47 -14 17 6 -56 -24 19 -35 4 11 29 0 -18 20 5 -15 -24 14 29 54 -6 -5 -36 -19 -24 13 11 -14 1 29 -57 34 15 -55 -35 -29 1 0 -5 -34 17 -32 0 -12 -14 21 -8 -56 29 14 -35 -13 -4 -1 8 -15 41 14 -2 0 4 -32 -21 0 16 -29 8 3 46 -12 -20 -12 -16 79 14 25 31 -4 -34 30 0 15 35 8 -53 48 -18 32 19 16 -35 14 -3 82 1 20 -12 43 -15 25 21 -2 31 1 -32 -2 -11 -35 -21 10 -48 -1 0 -12 -11 0 -25 6 14 -31 -1 1 -2 -43 4 -32 2 -21 1 1 -61 11 -4 -28 6 -9 20 -1 0 0 43 -29 -15 2 20 -7 13 0 -14 -8 -15 11 -9 -21 -21 0 61 22 0 28 32
s 100110000011000100000010110100110101100011011111110011010111111110110100
m 80 32 -28 93 -117 -75 -88 -56 -116 -51 116 -47 59 23 -14 26 2 122 -15 107 61 -33 92 -76 -20 -83 38 57 -65 -73 39 21 84 17 -44 -6 -44 26 41 -67 124 103 -64 106 72 23 -44 -39 -27 108 -59 8 74 95 1 -110 53 117 -53 55 67 101 16 -91 19 37 -63 -6 75 -89 67 112 -95 -52 -74 -115 -6 18 -117 -64 75 36 111 -5 -112 97 80 -104 -12 -15 87 58 20 -46 -55 -38 -30 -108 -10 1 51 124 -101 -18 106 81 -92 80 31 -44 -71 -53 -28 79 -62 -62 -69 7 9 15 -118 -7 98 -65 -62 -74 127 11 30 -57 24 -94 -121 -75 -120 -77 -115 -95 -35 52 -3 47 -113 -11 67 -127 -36 21 -82 4 44 108 43 78 -8 -73 -58 70 -3 -60 61 -84 10 67 6 -108 -18 -104 20 9 37 14 0 -88 -60 -98 -51 -63 77 -86 32 106 -111 -64 -74 -46 39 -44 -35 -12 -87 46 102 55 -100 -28 84 -17 21 23 9 -9 -22 -24 51 -23 -53 -12 -68 100 40 -42 84 31 -83 -61 79 -23 -13 83 54 -29 -66 81 -115 -92 -84 -7 -19 60 111 56 19 -51 51 75 44 -7 16 27 -69 -39 31 15 -49 20 -125 107 -9 22 -18 31 59 67 -45 -61 -24 6 -6 61 84 -126 109 -59 51 -73 0 -104 74 -97 -80 95 38 92 14 -87 48 113 -92 127 -93 -109 -103 -62 -67 -126 -74 97 112 -4 54 -118 -123 10 30 38 -15 -6 -27 -3 37 49 -47 -32 -85 -87 47 -100 -27 102 -108 -115 70 124 34 -78 68 52 -7 118 -124 47 -120 -17 127 38 -118 35 -87 -6 100 -67 123 61 1 -109 -120 -106 44 34 -33 -113 -76 -99 -62 -60 87 99 84 79 -105 12 -100 -113 49 -49 79 73 67 -112 117 88 -47 7 121 55 -101 62 -25 125 -27 104 82 -104 -11 38 42 -90 127 -126 -86 -106 118 111 1 -31 -47 46 49 -43 -20 -79 19 76 -116 -85 103 -81 -31 -121 -67 -82 -123 -107 -101 44 -102 105 49 1 70 15 -111 39 -78 -53 124 -76 -88 -110 -9 43 36 43 -18 3 106 11 91 -37 -116 70
e -2 20 8 -1 -20 0 1 7 -8 7 6 38 6 -14 1 -14 -45 -6 -14 35 -21 18 35 31 29 21 -35 -21 16 -16 -16 15 -10 19 -14 17 6 28 3 52 23 24 52 0 28 0 -24 -7 -27 1 -8 1 -6 8 -45 7 -42 -7 4 -42 6 -4 -17 14 -14 6 2 -33 7 -20 7 -7 18 -9 14 21 3 -14 16 3 31 15 31 77 -14 -5 -11 -35 48 -9 -52 -43 29 0 -34 -18 -24 -34 19 6 -9 -15 6 15 -1 23 1 -43 -4 -6 34 14 9 -34 -6 9 -7 24 7 -7 7 14 -13 42 13 -6 -3 10 25 -31 28 -25 5 -21 56 11 56 1 -9 -1 -11 -14 -3 -10 34 -35 -4 -9 19 14 -15 -19 -7 -1 8 -28 43 28 11 -18 -3 -35 -25 -1 -33 -7 8 6 -7 -16 0 -55 17 -8 -6 -8 38 34 -38 1 21 -10 6 70 21 6 -1 21 48 -3 31 -34 10 -34 -16 -27 16 10 -72 8 21 7 -3 -8 28 -3 -24 3 -24 28 43 -28 7 4 -7 -8 -14 39 -3 -2 -31 -24 -20 -34 -28 1 -16 -18 7 -10 8 6 -6 -8 -1 15 3 17 14 26 -6 -65 37 -21 18 7 2 -21 -21 28 35 8 -1 -18 -1 7 50 -33 -49 -16 23 14 15 56 -2 -14 13 -20 35 -24 18 -52 7 -21 0 7 -16 24 42 15 -1 4 -14 6 14 -35 -23 6 -52 28 -11 0 14 14 24 6 16 -1 -7 6 -6 -7 -31 -23 42 5 -4 3 1 -14 -31 43 6 -5 18 -7 -11 34 43 9 9 -47 14 16 -3 46 13 42 9 -39 -5 15 -34 -11 -11 9 -9 43 7 -14 -18 7 -34 9 -3 9 7 10 -15 -7 -25 -1 13 -21 -51 -6 -56 18 -34 1 -9 21 3 8 -56 35 7 -1 -4 -13 -3 -19 6 -10 7 -56 25 -28 21 19 38 56 -7 -1 -35 -45 6 3 -3 8 -10 -35 0 25 -4 -8 -19 8 -16 7 0 10 -28 -8 6 -3 38 -21 35 -13 -31 4 6 -34 8 21 7 0 31 -8 -75 -34 8 -42 -28 12 -1 -15 24 6 6 28
s 000100111000010100010111010001011010101010101100011000001111011110110111
m -33 98 -52 90 -127 126 -74 82 103 -108 33 87 -110 -104 33 70 39 -9 -46 -22 -114 9 -91 -33 -114 -54 13 -31 70 -23 29 -5 -119 117 -106 -90 64 -60 -76 -111 -87 -52 -88 29 -67 -42 -54 -65 114 122 -6 -104 -22 -47 -111 -3 99 25 -122 45 -27 71 -16 -120 -41 32 -97 107 47 43 -92 -92 -91 -47 -92 119 32 -16 -123 52 100 7 28 -9 -92 68 36 -45 -6 -32 55 95 42 -101 13 101 3 -56 51 70 22 -5 -9 -6 -122 -25 62 -22 -15 -1 50 -50 65 -29 -2 -91 -124 7 -60 -90 -123 -54 52 44 26 -58 -70 -8 -126 95 -72 -21 22 -119 110 -8 -112 32 -15 -118 54 -88 35 -3 -119 -115 3 67 -84 63 -116 -72 -73 112 -17 -120 -6 33 78 127 68 -101 103 104 76 22 -67 87 -98 31 -113 -33 53 108 66 -66 -67 24 39 15 74 76 -40 76 4 -80 75 117 -32 94 -23 101 -29 -94 96 100 11 -99 -50 83 98 20 -42 -92 5 42 -49 115 25 -9 126 98 -50 96 96 62 66 31 -37 -105 18 -2 44 61 -54 -98 83 33 29 -87 105 106 -15 -63 52 90 -101 122 -103 -94 110 -19 107 114 -31 96 -25 86 -28 -13 -97 81 127 -19 24 49 -114 -69 42 106 44 -23 96 -23 60 95 42 -127 95 49 -79 -30 99 -31 -19 -112 -16 110 -73 -79 57 -62 65 93 53 -35 -36 57 25 105 75 -90 38 116 24 -97 -10 28 54 101 -46 -30 -20 -101 39 113 65 -111 7 27 14 -23 70 -38 58 -98 -89 -8 -117 -87 -111 1 80 -28 -10 74 29 -80 111 -77 123 75 24 76 -35 46 91 15 -109 40 -84 63 113 31 -105 92 -62 94 25 -113 26 -61 -72 14 -35 -101 -43 71 -49 -54 118 18 -14 1 55 -50 -125 -101 -113 20 61 96 73 28 -31 -43 124 -13 -26 -42 4 -54 -42 -126 -47 100 -98 -88 -95 -87 97 32 92 35 -21 -14 60 -120 -42 38 -21 -5 81 -36 68 -118 1 60 92 42 -37 34 124 48 34 116 -78 74 23 88 -78 83 66 87 -24 53 65 -36 101 100 103 -114
e -22 -12 -28 -46 12 19 46 -22 -13 22 24 1 -24 -21 14 21 22 67 -57 17 4 17 17 16 -8 28 42 28 14 -10 14 -7 -5 5 -41 -14 8 22 33 -21 22 2 -21 -17 -8 17 3 -29 -3 21 25 -21 -8 -56 46 27 1 -26 14 1 -29 -14 -24 -21 -14 2 -22 2 -7 -12 7 3 -8 -14 9 -28 -9 9 -14 -9 -13 5 -13 -20 -41 8 -6 17 7 -14 21 -6 -51 17 -7 -37 -21 7 20 21 45 6 -20 5 7 32 -7 6 55 51 -21 -14 28 21 -28 -28 -1 -42 -1 -48 3 -56 18 1 18 1 9 3 -19 -13 -13 -23 8 -13 -38 6 38 -42 -28 28 -31 9 -48 7 7 28 19 20 -37 3 5 -37 15 -7 18 5 14 -5 -13 -37 -13 28 28 14 -8 1 -28 -8 -48 30 -19 -18 19 -13 -1 13 -1 -21 1 29 13 5 -14 -38 -28 -14 -28 -4 16 -31 16 12 3 -12 10 19 21 -5 -37 -6 42 -15 33 -42 -12 -33 2 -13 -2 -48 -28 8 -29 3 29 -6 21 -4 37 -22 -21 22 -12 12 -8 46 10 44 -22 -5 -6 24 -35 -42 -65 5 33 -22 -41 2 24 20 8 21 -8 29 -29 -28 6 38 -14 42 -46 -8 25 -22 28 -8 24 14 -22 -58 5 -22 22 41 -17 12 -17 -3 -8 -21 -7 28 26 3 -26 -3 -1 -5 21 14 41 8 14 17 22 2 21 -14 -6 17 14 14 -3 -2 14 21 -7 -9 -8 3 13 22 1 8 -14 9 -31 14 -18 6 2 -8 -37 7 6 12 3 -14 -20 35 -9 5 28 -7 18 13 20 1 8 -5 -21 -6 7 28 14 -6 -1 -9 37 48 -7 41 31 20 -1 -3 -5 -48 19 7 -18 16 6 1 48 -37 21 28 28 13 60 20 -38 28 -48 28 -3 23 -31 37 -1 -3 15 21 19 5 -13 -44 1 38 15 -14 28 -5 8 31 13 -28 -3 -44 19 19 -3 32 37 -28 -10 -15 -47 -32 -5 13 14 13 4 -4 -28 14 16 3 -8 12 28 -4 -29 19 -16 -6 13 12 42 1 -10 -33 14 -5 -2 -8 14 -8
s 000001000110101001100001110000001010110111101101011110100101001011100011
m -96 5 -46 30 -104 -107 -122 -46 32 88 -108 113 106 -95 -91 106 98 -77 28 91 59 32 -87 -104 -109 50 77 -16 -3 40 3 -28 70 -15 108 -115 -90 97 45 38 33 92 38 115 109 46 28 52 -28 28 -127 -70 12 29 -7 33 -32 -60 -59 -119 -94 77 -78 -67 68 106 -48 115 -77 -57 109 -37 55 -108 9 70 -17 -104 -24 -30 -4 118 100 103 114 -10 55 45 -122 116 -113 77 -84 -26 63 -111 47 -19 99 -75 70 -75 95 -56 20 -109 84 26 -84 95 -115 -48 71 -33 94 -127 -80 -39 -37 80 36 -23 44 -52 -70 32 -111 116 -22 62 104 -9 90 -50 -28 66 116 -92 -104 28 49 -50 18 -27 82 76 121 41 74 0 -18 -77 70 95 81 -24 64 -13 41 121 -6 16 13 -5 -103 -22 -18 67 -68 96 63 -2 95 -108 76 -57 -35 -101 94 4 -31 -10 12 -27 44 -47 -43 105 -47 91 -79 -73 -82 117 124 116 59 -46 86 9 21 -38 78 -123 -79 -77 -62 57 -80 85 -75 -123 7 111 -120 126 -60 42 102 -113 -38 -55 28 -91 60 123 -88 -26 91 -29 -31 -109 -13 68 -4 -61 -84 -87 -78 -84 110 74 -10 -84 -19 2 -124 -8 88 83 20 110 -107 -1 68 14 82 57 -63 110 13 -49 -46 -1 -64 -14 -21 -36 36 85 32 31 -68 -68 104 -40 -121 11 81 87 42 -72 115 74 64 68 16 119 106 -86 -64 -81 12 -59 -27 -49 103 99 -33 -65 -106 -81 -37 7 105 16 79 98 -119 -16 -44 -5 96 25 -10 111 -29 -110 -33 55 -116 -49 76 -7 -93 59 70 -92 -123 -115 -120 32 -117 -45 28 -110 -23 36 2 78 -36 -5 -70 78 -15 -96 7 -41 32 -86 50 -50 68 -114 -24 -12 98 -13 -77 43 122 0 87 -55 -84 28 -64 40 32 43 -88 -10 46 116 27 -86 28 118 101 43 -122 -53 -95 91 -50 16 -32 -63 -43 -87 14 -4 35 -95 43 70 57 53 83 -101 8 -65 -86 41 82 7 -96 -103 -1 -35 112 -5 -86 44 11 -21 -100 34 -112 -84 14 103 -76 113 -21 92 119 115 -25 65 -5 -95
e 42 25 -10 4 -5 7 -4 13 13 -13 -56 31 56 43 4 -43 -42 28 -13 -32 19 -1 32 34 1 -7 -39 7 3 19 -3 14 -9 25 -13 5 -11 7 -68 -1 7 -22 -1 -19 -9 -19 -10 -2 10 37 -8 -25 50 -19 -4 29 43 13 63 28 -56 -52 11 43 -11 -43 56 -43 -29 -5 29 -29 -1 -21 44 -7 -27 -8 3 -15 33 -14 -4 9 -13 -14 26 -32 -26 21 1 -5 9 19 -17 9 -10 52 -36 -25 -36 7 11 7 25 -7 18 -5 52 -11 29 11 -12 68 -43 12 2 -29 2 -5 29 5 -2 28 2 -11 -15 -13 -8 -4 0 -20 9 0 -24 26 24 -25 -21 35 14 -8 14 13 -17 1 0 -62 9 -5 7 -9 24 18 24 12 -5 14 -6 -9 7 1 -63 4 28 2 -10 -28 5 10 -7 38 -7 -13 -11 -13 -83 29 31 -5 0 26 -5 -25 19 5 -25 19 34 14 34 39 13 -39 19 8 19 9 9 28 -26 -24 -40 19 12 40 22 -6 22 -9 -1 9 -2 0 2 8 43 19 -40 42 42 22 5 39 -9 4 -19 2 -13 9 -8 -56 5 -19 -7 14 40 13 13 22 56 -32 53 43 1 -7 42 14 8 5 -3 -19 -4 17 25 -41 -7 11 -83 -3 7 53 14 28 42 25 23 -5 -40 -10 -1 -1 -29 7 -19 -29 3 -24 -28 -14 25 52 -13 11 -11 -32 7 -43 -1 52 -26 19 -14 -21 10 83 8 25 -35 -15 -11 -29 4 12 -28 9 -52 15 -18 11 4 21 -43 9 12 29 -40 17 -29 21 36 28 8 16 -15 -17 -2 4 36 11 -9 -7 29 -26 18 12 -49 -5 -7 8 9 21 17 -12 -16 36 -2 13 -7 5 8 -18 -2 0 5 28 24 9 29 25 -12 28 -6 2 -24 1 5 25 0 -2 -14 -38 -11 -13 34 29 8 -12 0 9 -31 -24 -24 -4 -25 -12 57 -14 6 -10 -24 -1 -7 -8 0 13 9 10 19 -24 -30 9 12 13 -5 -6 -31 -19 -4 4 -34 0 28 -64 16 -37 2 -7 34 -8 28 -39 19 31 -35 -40 -4 -9 49 -28 11 9
s 010011111011100111101100001011011000111100010001000000110110111000100110
m 125 -70 -24 -34 -117 5 -2 -28 -15 -117 42 -7 -45 -17 42 58 -89 -121 -78 -93 -53 -97 124 -19 118 -111 88 36 109 -29 -76 37 120 -17 99 31 84 19 105 -4 -107 -114 -79 -73 -12 80 -32 122 -98 -53 -123 -80 93 50 -46 110 -27 62 127 108 -44 81 -116 -95 -82 39 94 -78 4 123 77 -59 81 -55 -87 55 28 -122 -19 -56 57 63 28 40 16 -62 59 -56 41 26 18 119 37 -2 -79 -30 -92 66 6 108 94 -46 7 -33 -103 -49 15 11 19 72 50 100 -127 -55 114 -97 60 -57 -126 96 37 -46 -75 -113 7 -104 -8 -33 -70 101 10 105 78 -66 -78 -42 107 -32 4 121 55 -51 59 -114 46 -56 73 30 -20 -77 60 84 55 25 -24 -16 118 -69 -111 -69 -97 24 89 14 -29 -52 43 25 102 -34 91 -43 109 91 -54 -68 -109 -16 48 -86 -38 102 -116 73 -23 -72 -46 -73 -125 -125 -93 75 -9 107 84 34 10 89 -45 -110 -49 77 -61 -110 40 -14 84 -122 -28 126 -124 57 47 98 39 67 -100 96 98 112 -105 2 -124 -47 17 -10 19 117 9 -2 55 -83 44 -72 62 4 3 32 88 -42 24 63 -61 -23 -120 -47 -11 -118 -7 -121 117 -117 -49 -1 121 -125 10 49 -56 -36 85 59 116 -52 -99 60 56 -118 -72 85 -82 121 -110 64 -116 46 88 -72 -37 83 114 -124 -121 -51 -34 -21 -12 -5 81 18 -101 -123 -108 -68 -87 2 16 84 -69 112 115 45 34 -116 -67 -25 112 -66 -67 -116 78 7 25 -119 59 0 116 93 -25 13 67 -14 -100 36 -73 48 84 -19 12 -57 28 25 -31 -29 -99 33 -40 120 -2 -59 100 -56 48 42 -27 -102 57 39 -50 90 56 -82 10 49 93 -117 26 -97 116 51 104 90 94 70 5 93 55 -72 55 -30 8 52 107 5 47 -68 -127 -33 -86 115 112 48 103 4 -47 102 105 81 1 -15 72 -72 35 91 -52 -67 14 56 -13 -47 6 -5 75 20 97 17 -42 -53 -69 76 41 -82 -59 25 78 -117 -58 -23 -110 -51 54 4 96 32 77 73 -28 101 -121 32 125 -28
e 10 -103 -14 2 -62 6 9 -8 18 -8 21 -28 -21 -21 -4 15 -10 22 14 19 -21 1 -19 -36 -1 9 4 -9 17 -9 -17 -4 2 4 -14 39 7 -11 -3 -16 11 -2 -4 -2 15 2 63 -35 28 70 7 47 7 43 2 22 13 8 16 -13 -21 16 30 -15 30 -2 10 2 0 62 0 -22 -1 -4 -14 -9 7 -14 -32 -7 -17 -4 -17 22 -53 -22 -26 19 -26 4 4 7 -27 -49 41 33 28 -41 11 -47 6 -22 43 -22 -14 11 22 7 16 48 14 -30 29 -14 -2 29 2 0 -2 -41 22 49 -7 13 9 -48 -25 5 30 -17 -34 -30 22 9 -5 26 5 -41 12 28 7 -14 7 5 -42 -21 -46 6 -13 46 22 13 21 14 -42 29 7 14 1 27 1 49 -29 -4 22 -2 14 -26 -41 -14 5 -7 5 -14 -50 14 -7 -28 7 4 9 2 -28 5 -47 -28 -28 -21 -17 -7 -17 4 5 4 9 -49 12 2 -13 7 -44 21 3 -43 -14 3 2 1 -2 -11 -21 -11 -35 -46 -42 -7 -15 21 -3 10 -17 25 -62 -4 -11 2 9 -35 25 -5 -7 -21 28 -43 -2 -15 -13 8 -14 -2 37 -19 11 -15 1 35 -78 9 45 -62 17 -43 2 71 -47 -8 -32 7 -21 -17 -11 15 -4 -4 -10 -14 2 -62 19 -28 1 4 0 -9 -2 22 17 28 13 -4 -47 -16 14 -7 72 49 17 2 4 17 26 -2 30 -4 28 -5 45 -47 0 7 7 22 -17 11 13 -25 16 -7 -14 30 -17 10 -2 -22 -27 4 -26 -41 -33 4 6 24 -14 22 -7 -41 7 25 6 -48 22 29 -14 36 -14 -37 -4 7 -46 -14 -27 41 -41 -29 -7 -6 2 -5 -22 -41 -30 -14 7 -9 7 -48 5 27 14 28 -29 -9 -1 2 23 21 -41 -28 -46 -7 24 13 48 -8 21 -14 30 14 9 13 7 5 21 -13 -28 -14 -22 7 -15 -21 -5 -21 5 -30 49 14 18 14 -9 -21 5 -2 -14 -14 28 -1 -7 -21 -21 -4 17 46 22 4 14 -21 35 -5 -17 7 -14 22 43 7 9 -3 4 2 -2 -22 28 11
s 011111001100100001110001100110111101111101001011101001011101111001101111
m 46 16 16 111 121 -52 87 -102 28 70 -4 -126 69 -11 -24 21 -102 -45 42 -44 54 -40 -32 119 -17 -39 51 -55 -68 112 13 89 -101 -90 67 77 -106 -84 40 90 -119 -25 33 30 80 113 108 42 98 -106 111 -103 -79 77 -60 114 -81 -58 99 -17 -123 -47 -19 -81 85 -22 74 -24 81 22 39 8 -60 127 96 -22 9 27 88 84 -47 127 29 94 -80 106 -123 95 -54 47 61 7 -88 -8 -79 22 127 -56 -63 82 82 -8 -92 -77 101 18 -6 120 -80 -51 -38 -95 9 -87 -122 -85 -64 74 -52 -28 -92 110 -77 15 43 93 -109 52 96 23 124 15 -12 -66 -119 -20 -97 -115 -51 -106 78 -2 104 118 -36 -94 -105 -57 78 -41 119 -17 -67 43 -100 60 -99 46 92 -23 -51 38 -34 -27 -103 96 -68 -127 -94 -96 -65 27 84 85 31 -117 -122 -85 123 110 -45 -92 53 93 -124 117 118 -62 96 78 -126 121 111 -34 -123 27 39 -75 -42 -87 -124 77 4 -105 -99 -51 -114 81 -78 9 12 2 87 60 67 -7 89 31 -5 -95 -62 33 106 -75 61 54 -5 85 0 -73 -36 -27 64 41 -125 58 87 -96 32 -37 -12 92 26 83 -8 -46 -91 101 20 127 -85 77 -127 -10 62 -112 -51 6 44 -109 69 -33 63 -96 -2 64 12 95 -70 95 61 -70 34 -68 -109 21 100 38 -30 6 99 -28 -68 102 101 107 -121 76 -123 -23 -23 -79 31 -55 79 -69 -25 -109 -116 -13 79 -52 10 -73 -91 39 34 24 -75 -52 -14 -100 -7 87 31 -83 -55 -119 56 65 21 6 -36 10 43 -37 -22 68 -80 -23 -16 83 -54 94 -93 -97 -126 114 32 77 44 15 -87 115 59 -37 28 -32 69 88 68 -66 -73 -5 66 -20 -116 -17 87 25 72 -98 16 -74 -109 111 120 91 -113 111 -106 62 -103 20 71 17 -14 104 -52 21 111 4 33 -92 66 65 119 35 -91 78 19 -87 -6 105 111 -100 86 116 85 -27 -91 127 -103 42 75 -92 12 -15 -60 24 17 -91 -96 75 -84 52 4 124 -116 2 -33 90 -72 48 -70 -33 -68 -40 57 72 -18 -61
e -2 -20 -60 -48 -14 6 -48 0 29 0 11 11 -4 -19 -21 10 2 63 28 28 14 7 39 15 7 20 -30 20 -12 -5 60 6 35 -6 28 16 6 16 4 29 16 -29 54 -7 2 -7 34 4 34 55 2 55 6 36 48 7 6 0 -21 6 4 21 -28 -10 17 7 -2 7 30 -14 30 19 7 42 -2 35 -12 -2 12 -8 -9 6 9 11 -28 11 -18 -28 -18 45 29 58 -15 11 32 15 34 32 19 -55 -19 9 6 7 -6 -61 38 7 21 -18 15 -17 30 15 7 -8 -25 30 -25 14 -7 -14 -20 -6 20 18 8 17 13 9 -5 13 -14 5 -4 -21 -4 22 -42 22 -31 22 -31 17 33 11 36 19 -15 53 -7 19 24 -6 24 -41 -7 -53 -14 -15 14 -11 -8 -21 40 25 14 40 14 14 6 20 -6 25 18 -25 11 15 -11 21 5 35 16 4 -14 16 -22 -14 15 -31 -15 -30 17 45 5 13 -5 35 15 -2 -36 -24 5 -36 41 -4 -22 -14 -22 2 -34 8 4 -36 4 -2 10 14 -4 2 -15 22 -14 30 2 -53 35 4 -51 35 -2 4 16 63 48 6 4 0 37 -22 4 -28 2 10 9 -4 2 -20 2 -14 -12 36 48 7 -72 0 20 -70 -4 -12 -16 -10 6 -29 41 28 -7 -14 28 34 -7 -29 35 20 7 7 12 70 6 51 -55 21 -28 -6 17 -28 16 -7 -29 25 -18 7 17 -42 34 7 2 55 -30 8 -6 -7 13 16 6 11 -21 -8 6 -17 -9 -7 20 11 15 -30 -18 32 7 42 -33 -14 2 -7 -8 32 -24 9 19 -18 -11 -7 15 18 6 -8 -42 7 25 -2 15 -25 32 8 -31 19 28 -17 -7 -14 13 6 -20 40 7 -21 -4 -20 -15 -58 8 5 -45 -25 -4 -11 -14 -22 36 20 31 -15 -18 17 -24 -34 -14 -41 5 -15 -11 82 -24 -21 -22 -41 -40 -52 14 -14 18 11 46 13 -36 -25 -15 -14 -5 29 6 -35 41 25 16 14 -42 -28 11 21 55 36 40 -30 14 14 37 -6 -15 7 -25 -30 -36 -11 5 -4 -21 64 22 -40 -47 -2
s 111000001001010010111101101110000110011010010011110011001110010010110101
m 48 59 17 49 119 -103 -114 77 -93 66 -58 7 -116 86 4 86 -111 -16 -82 -62 -43 -102 26 -74 -112 -97 84 114 3 49 30 47 101 49 -19 -90 -111 -111 81 71 27 -43 -79 45 26 8 52 30 -113 -5 -102 125 -2 -53 20 45 -104 -14 82 -33 11 -58 77 -109 109 100 -76 -4 72 6 -93 95 24 -103 -69 -34 -25 -99 -19 -123 123 33 127 41 -44 39 -117 -107 116 -57 -115 56 9 89 -64 42 -91 42 -6 89 -78 15 30 -13 119 91 99 -127 70 122 -81 -14 99 39 -79 127 5 112 -28 20 -108 5 73 55 113 95 -102 -51 90 -55 92 14 -40 121 16 75 -75 -46 37 -118 -39 -54 99 -71 98 89 105 -28 -83 -117 -42 14 91 35 105 14 127 -2 -46 58 -111 113 -75 -60 31 -39 -38 -94 -2 89 13 117 -40 -118 -76 56 -70 90 4 -56 116 -63 13 -126 -35 -123 -81 77 -91 37 51 -87 -10 26 22 -94 -50 -31 14 -82 102 -58 -105 -13 -73 30 -71 72 60 -66 105 50 3 33 -102 109 -79 89 -47 -16 112 -79 -127 -108 -45 63 126 15 94 -114 79 -5 57 -87 71 10 94 122 72 -15 14 -52 29 58 -98 41 -45 104 -72 -71 88 -111 27 63 -121 95 64 20 63 -105 101 -122 103 -15 -6 4 -117 117 -71 -93 103 -127 71 46 26 107 -63 -28 -127 -32 55 52 120 69 15 54 117 -102 77 -91 30 -45 -10 -95 -67 104 -50 68 104 62 47 22 -5 11 76 58 126 42 58 20 50 -7 49 79 -85 -82 -95 7 -6 26 106 -92 -83 -7 -7 22 -23 -113 120 24 -26 127 -126 70 -102 89 41 103 -65 -32 43 -80 -127 3 -56 -117 -6 66 31 -95 73 -27 -81 65 -34 -29 -26 57 -94 -30 -87 124 39 -94 101 -83 6 -55 -11 109 -111 100 5 99 42 -51 58 30 120 120 -37 100 -101 70 40 101 96 -108 96 -37 -36 120 123 -113 -37 -118 89 83 31 24 -28 -76 -8 17 54 83 3 39 -68 -98 118 66 126 -87 -57 84 81 -35 61 75 -72 66 -116 30 46 -83 -54 38 -12 34 -51 14
e -6 6 -33 18 6 -12 -18 13 15 13 -5 -3 -5 -51 -48 -51 6 -28 4 23 -31 21 -46 45 21 -30 -23 30 17 -20 3 -9 -28 -9 4 12 2 10 27 14 -10 -11 -14 -7 13 -23 -25 3 25 -49 63 5 18 -12 24 6 29 -58 -46 49 5 46 -9 51 -9 4 6 -43 -63 52 63 6 -56 -23 -28 -41 7 -28 -3 7 -5 -9 -5 -23 4 -23 27 23 -27 -23 -14 7 -37 -7 -7 -8 25 7 -25 5 -6 -7 -2 7 -24 -10 -24 -7 -46 -5 -35 9 3 45 -4 3 6 -63 -5 2 -6 2 21 -29 21 -5 7 9 -13 5 57 -51 23 57 23 -27 -14 27 23 27 -33 -28 33 9 7 -60 10 -6 -13 -10 7 13 -21 -24 -21 -2 7 7 -35 -8 -35 -60 -3 4 14 -5 15 -14 -5 -15 25 21 -12 15 5 -15 3 35 -3 4 57 28 -45 -14 -35 12 27 31 45 35 -54 23 32 -58 -28 13 20 34 13 63 12 21 -27 -47 2 42 -11 35 11 -13 -60 13 14 10 -3 -63 51 31 -27 6 -45 -11 -6 23 -13 18 -20 3 13 28 -63 -10 -12 -12 18 -28 27 13 -4 -11 5 23 13 -70 21 3 6 30 66 -6 3 -12 18 -21 -5 13 30 -2 5 -3 -10 51 -9 -63 14 -17 7 6 23 25 -21 -14 -63 30 -7 6 -3 46 29 9 5 -51 -4 -2 -9 -23 -10 -4 14 46 -62 7 13 -23 25 4 -28 5 -63 -7 -2 6 44 -24 -29 -23 -46 -7 -24 -9 -5 -30 4 -23 8 63 27 20 -20 33 6 29 -28 12 22 7 -64 5 6 -5 35 -7 -35 -27 24 3 23 7 -5 -44 -8 -2 -7 66 -33 -6 -5 -9 -7 -2 -13 31 -21 81 -7 5 -14 -8 -35 35 -3 57 41 -5 14 60 2 27 -29 21 -33 13 -21 -9 -21 -35 -13 -2 57 13 3 14 21 -4 -27 -2 14 -33 35 15 9 -60 12 13 -10 15 13 -15 -20 -37 -12 28 2 -49 -12 35 -4 31 73 4 -45 10 14 23 15 31 3 -12 -45 -63 15 -23 -12 -3 -20 -27 4 -28 -14 14 12 23
s 011001011010110011010011110010110110001110110101110100000000101110001100
m 86 32 -60 111 -50 -21 30 -66 88 114 -5 80 78 -47 -105 -90 -39 83 -65 95 -21 117 126 10 -45 -97 -41 16 44 107 56 87 78 17 -96 112 1 -52 -38 -126 124 -28 -35 127 -103 20 -63 127 36 100 103 -74 -110 66 -76 -88 22 43 116 -70 25 93 -2 101 -38 86 10 17 6 74 56 82 -24 127 88 10 78 125 125 -92 112 -62 -41 76 -27 19 19 114 -107 -108 34 4 11 70 114 -72 61 64 -96 25 -14 -21 -31 61 26 -67 101 -106 18 -18 90 -60 -74 -116 -3 12 124 84 -17 -13 -54 104 -126 73 -9 76 -8 111 19 107 -92 -103 51 -81 -39 47 -95 -116 -30 -101 -101 92 -80 30 -27 8 -28 119 74 -98 -75 -99 -74 -111 -17 110 105 90 -11 103 -78 -55 111 -61 88 -99 112 96 -78 -70 -13 20 45 64 -117 84 124 -44 -88 -104 0 102 124 18 -98 45 -104 100 30 94 -28 -7 -48 46 -26 -55 -82 93 49 -110 65 1 -78 53 -51 105 -64 -60 -54 64 92 124 2 103 60 56 -97 110 -86 12 108 87 96 58 -68 -58 -98 -63 108 -45 -18 28 -16 88 -37 68 113 75 1 61 79 2 -68 -11 -95 75 36 -119 -69 -68 60 117 -103 49 -84 -94 64 -92 -99 32 -96 32 120 39 90 -61 40 -19 -30 52 -20 -13 -75 73 -25 110 110 -121 13 -9 108 10 -82 -42 -19 122 -91 45 80 -40 32 -65 -76 1 -72 -127 -82 -69 17 74 -84 64 -79 69 112 26 -80 42 -45 40 -27 -25 36 -36 -23 -123 -40 63 -95 -124 117 14 -7 -90 -37 117 78 59 -102 75 62 55 -1 72 117 -112 45 -90 -22 77 -93 0 22 -6 -59 40 125 93 21 10 99 -32 106 9 3 -115 -56 -99 -77 -52 -63 125 111 -39 22 -101 92 43 58 87 -45 11 90 -3 -117 -6 82 -54 81 101 -79 -74 23 31 89 -23 -6 -6 -104 -21 76 78 12 120 -3 -60 -14 96 -8 24 118 -44 7 -32 -15 -107 123 114 39 -10 45 -19 127 75 102 -114 -42 -24 -2 -2 -7 43 70 -13 -87 112 20 80 -6 124 -36 47
e -9 17 19 27 -17 11 33 38 -7 -38 22 -12 -5 -10 -9 -10 9 -6 -1 -2 -86 18 -2 2 -18 9 7 -9 -28 7 -28 8 -39 8 -1 -14 28 59 69 -12 -46 -6 -12 -18 -42 -22 32 -2 -46 -22 2 22 -1 47 -27 -48 12 -58 9 -12 -5 9 -17 10 -2 3 -11 3 15 17 6 48 -18 1 7 -14 7 7 -28 -7 24 -8 -24 -17 -1 -23 28 -2 -17 -1 12 3 21 -18 20 -10 -32 20 -13 -61 -35 19 -1 -19 28 46 23 -3 9 -66 -1 -2 -6 1 -15 6 15 6 -20 0 -56 0 8 12 18 16 -33 3 -49 24 0 17 -17 0 16 17 16 -38 -1 -38 -6 7 -6 3 -20 35 -3 13 -10 -3 19 10 -1 -23 -1 -7 3 -7 -53 10 -10 -7 6 -9 -6 -15 -19 -6 0 19 11 -8 -11 -7 -16 -7 -12 1 12 -9 -8 -39 -14 -20 -19 -14 -38 19 2 6 -2 36 -3 -7 -7 17 -7 -39 -10 -2 47 15 34 57 7 -34 -6 -10 -6 42 7 42 -37 3 -2 2 -10 19 34 -9 2 6 17 -7 -42 -27 -7 2 -38 39 -2 -5 14 47 -27 8 -34 -38 24 6 -5 -27 -42 -28 -18 -2 -9 9 -2 -17 -28 47 -27 18 22 38 -9 -1 5 -39 46 10 8 12 -9 -1 -18 -28 2 -32 -21 -30 -6 -9 18 48 -28 32 13 -15 -22 16 -1 -1 -2 -2 46 3 12 -9 17 18 -2 27 32 -3 -7 22 6 7 -1 48 -24 -46 12 -17 -9 7 -23 2 -36 -3 3 17 -10 -6 -17 20 -48 -1 13 12 -68 19 -7 20 -8 24 -13 16 -17 -19 6 17 23 -6 1 -3 -15 7 -10 -9 24 -11 -6 13 15 3 -19 0 -17 -23 -8 0 4 -16 16 -10 1 -38 -6 0 10 -15 -16 -7 0 46 3 -8 -6 -13 16 -27 -1 1 -17 7 0 -10 12 16 1 9 38 7 73 -40 -10 53 3 7 -12 -17 -17 7 10 -19 -23 1 -11 40 -21 7 14 -10 -12 19 7 -18 2 -3 -6 -7 -19 -19 2 11 -9 -16 28 -7 47 70 -7 -34 9 -39 -25 -6 14 56
s 110011111001111101111011101101111110100111001000011001110101110010010111
m 27 6 20 -100 -8 12 64 -54 121 7 71 14 -30 84 40 -73 -113 70 106 69 87 106 -97 -93 -14 75 89 -85 122 -44 -53 59 77 35 53 58 91 -106 -10 82 -118 -12 -73 -124 106 24 -65 23 15 -41 38 -48 -45 127 7 -39 -122 68 59 -71 122 -59 -53 40 -49 82 26 93 22 -96 55 47 114 17 -90 -22 -106 -27 114 -22 -89 84 41 95 48 21 -2 14 -52 9 103 116 -115 77 33 50 -107 96 -78 50 -30 -100 -120 -59 1 103 -51 9 62 97 -84 -20 59 5 83 124 -1 59 -33 110 71 57 -17 -87 41 -99 -65 -87 -79 96 -18 85 -32 62 92 -48 -23 100 -35 47 -87 -42 -63 -88 -102 -99 -112 46 77 -125 74 -55 93 42 -78 -102 48 -38 38 -117 85 70 -60 10 -100 11 114 -61 37 65 0 74 116 -115 22 119 -102 15 80 -106 5 -94 -63 94 11 124 91 -13 67 -34 31 113 66 106 68 81 -43 -65 55 78 73 -108 29 117 102 -64 94 -104 -59 65 12 -45 -108 13 55 -58 -8 19 56 -85 -80 77 -13 96 -105 -27 0 -127 -97 -105 30 109 61 -50 50 68 83 60 118 99 -107 7 78 -104 -91 -97 -35 77 -9 -87 2 10 25 -62 41 -43 69 -49 68 9 50 -43 17 34 64 78 125 1 24 -65 11 -70 -58 29 55 67 78 -14 84 -117 100 92 42 -30 52 -92 42 63 -62 29 26 71 63 -33 18 111 -52 122 81 3 89 -9 93 31 -76 -40 -33 52 10 39 -67 33 -27 3 50 28 -103 -33 48 -111 67 2 -111 -81 30 3 30 108 2 -55 -114 -34 12 45 -68 -107 44 78 119 -3 62 -85 28 -93 99 66 -84 26 -52 -18 28 -64 34 36 84 -72 -96 -1 -99 68 -114 56 -40 56 -103 104 -56 -126 116 -40 81 121 -106 -24 -108 -125 -51 -18 103 -73 -14 57 21 -89 92 -39 42 17 -105 8 -66 -109 121 91 120 -8 -59 -88 76 -12 -38 69 3 -34 -15 -70 -46 -86 -116 -98 -6 39 21 54 -56 -62 6 8 30 -87 -59 -97 -93 -66 113 -83 77 43 -21 54 33 82
e 23 -1 -7 7 1 0 -7 -7 7 38 27 -13 -60 7 -9 -7 -23 -19 37 -7 10 10 7 -6 -10 -20 -48 20 2 0 -2 -15 38 -15 37 14 27 28 26 30 28 -19 -30 -21 40 49 13 6 -13 36 8 36 -27 -9 -22 8 2 7 -26 2 27 26 -18 7 -18 24 24 24 -25 1 -20 -8 10 -8 3 26 -3 3 2 -3 -36 -15 59 3 37 3 23 -7 2 -15 30 -8 1 21 -3 -1 13 -3 2 -36 2 -30 -27 -30 9 -28 -1 -29 -26 -20 -5 -35 -53 11 24 -52 10 -20 1 -16 -8 -16 27 2 -15 20 -3 -21 -25 36 5 25 -3 -5 -21 2 50 42 8 60 15 3 15 -21 3 11 12 -2 -49 12 30 49 -11 1 11 3 -8 3 35 1 34 -11 52 -35 19 -1 -7 19 -16 -7 7 -15 0 -7 -49 7 13 5 -13 9 -16 -38 -14 -21 12 14 42 -10 6 15 6 -48 21 -48 0 25 0 -38 -49 8 -9 11 -9 -9 -3 9 11 -34 -11 40 -62 -57 -6 -35 6 -8 -35 10 -9 -23 -6 11 1 -48 -40 7 38 -6 -7 -38 8 27 14 9 -7 -15 -9 7 37 11 -27 -13 40 -7 -10 -6 -23 -20 -27 1 8 -44 -7 -10 -36 -7 -20 -27 27 2 -28 -7 -31 55 23 37 21 -6 -7 13 13 -30 20 -20 21 -8 2 14 -2 15 -36 -26 42 -40 18 7 -28 24 -30 -29 -2 21 18 8 -13 24 3 -36 -20 20 27 35 36 -37 2 -3 26 3 1 18 -36 -8 -56 19 -1 -20 2 3 -8 8 -2 -63 3 -30 3 -25 -15 36 -27 20 -3 -46 5 -2 -1 52 -8 -8 -1 24 -1 16 -3 52 -15 -2 1 21 -30 33 45 -1 -15 -5 -8 20 21 44 -5 42 52 -5 -34 -1 21 -11 16 -42 -12 15 -15 -49 20 -23 11 -5 -25 3 -5 49 13 -21 -11 9 42 3 -19 -30 -34 -18 -21 11 0 25 -12 -30 49 7 0 19 0 38 -16 -7 -29 -34 13 -10 11 9 -27 -12 -37 -78 7 -10 21 0 6 -8 -7 48 9 13 0 9 -9 57 -11 -19 14 40
s 010101010000101001011110010001000100101011001101110100000011111100111101
m -57 -81 -98 2 -81 -92 -91 -64 -48 17 16 -34 112 32 5 -78 -29 -50 -75 -54 120 79 101 -95 117 -104 114 -90 90 6 82 107 -121 39 -71 70 121 99 -105 91 2 46 -15 92 13 120 -81 -106 24 -28 -111 -62 -25 63 107 97 46 -108 84 108 15 -86 -47 -61 56 -126 126 6 -21 -63 -103 -24 -101 28 75 -10 126 -34 103 10 -78 -100 -51 99 23 97 112 -56 -13 108 -124 78 117 112 63 -111 1 109 122 -47 -64 -28 58 90 -95 20 5 79 77 72 68 100 -119 -44 -44 -45 14 -14 -88 20 53 74 103 -80 91 61 -98 -47 85 -99 8 -88 -91 62 -122 95 116 29 9 -37 -81 -80 35 53 102 23 68 54 127 6 121 -7 -53 -47 -106 -22 -119 35 -58 -111 2 -82 75 -70 -2 23 -113 116 60 76 79 95 -19 44 -75 -79 116 54 125 74 -90 -121 -99 -16 -88 50 6 43 -61 94 86 -106 66 -50 116 35 61 45 18 -12 -69 19 -2 -56 -114 -28 -91 99 -79 76 -65 91 101 -26 48 63 4 -116 3 -46 -75 81 -54 97 76 -114 -109 90 42 120 80 60 -113 -103 99 95 52 -100 -87 -125 -104 -79 -40 36 -112 126 126 47 66 -121 126 67 77 -2 -55 111 -117 -85 121 -35 76 -26 15 8 -20 -116 -36 0 -43 -70 -122 -43 34 -78 74 116 113 15 23 -96 -60 -108 92 -11 45 88 -66 96 74 -31 -12 120 -73 -38 -22 -59 14 3 48 16 -16 -98 50 -81 -42 1 -1 -119 -57 23 30 103 -54 15 -97 58 96 20 35 -9 98 0 -6 66 23 -2 99 -123 72 -84 42 -70 -97 -5 100 76 33 -92 14 62 -58 106 -16 -86 -31 -90 105 -111 38 9 115 13 -118 88 -90 -105 -40 -90 19 117 -41 17 -39 31 -100 -63 116 -45 -123 -85 74 -53 -46 51 -122 56 -52 -117 -113 7 -18 -64 -43 -74 1 -32 123 -81 -32 52 -15 -29 -57 -122 110 98 105 5 -100 -68 83 -50 -59 -43 33 -110 -61 -99 -68 106 14 69 112 -124 -51 63 23 4 -122 -16 -10 -119 116 -6 -21 -44 -31 -75 2 -59 -83 108
e -18 0 5 68 0 4 -2 -15 -9 37 -14 -6 -14 4 28 -4 -18 -2 -21 -38 38 2 38 13 2 -9 -44 -9 -31 19 -31 14 -40 14 -21 -29 10 -2 2 7 -18 2 -7 -32 35 -32 -1 -21 1 3 11 3 -10 49 2 -21 0 -15 1 0 -14 -1 21 -4 -21 6 18 -39 -13 0 -13 31 -2 8 6 -42 9 -6 -31 14 27 -14 27 -1 63 -1 -5 -38 5 8 -7 -70 -51 -32 2 51 14 2 48 3 -48 -34 10 25 -5 -2 12 -69 1 -41 -17 -21 36 17 6 36 -13 -19 13 -8 -21 -8 75 0 75 -41 -9 14 31 27 15 -31 1 7 14 -5 -14 -1 8 1 -28 -6 28 -14 2 -26 6 56 -7 23 25 7 -17 -5 -17 28 69 -20 2 51 -28 21 -36 -5 -44 -13 5 2 -8 -5 -4 75 4 9 41 -9 6 -17 6 5 -7 -40 29 35 -38 -29 -1 56 13 28 -13 44 -14 85 6 46 6 44 -7 14 -49 38 3 -56 20 2 -2 -2 -2 12 21 12 21 -6 21 -11 23 -38 -2 -18 13 2 0 -44 12 -2 -6 21 15 40 -11 -14 29 -49 2 14 -2 -15 -21 -2 14 -38 -12 4 -2 21 18 9 -11 0 -31 49 2 -70 3 15 -9 -10 -14 72 -2 -4 35 14 -26 -21 65 48 -48 -1 -2 -7 13 -9 -32 -21 -31 1 0 -14 3 -1 21 -14 -21 38 2 -6 7 -1 5 -32 21 -8 -1 6 6 -25 13 9 -10 21 -27 2 0 -14 -28 -9 -5 -40 -44 -69 6 -1 51 13 -5 2 -21 -8 48 21 -13 25 9 -14 75 27 48 41 -1 -25 17 11 5 -36 8 69 -13 6 79 -8 -2 36 -31 -48 -13 14 25 -18 31 5 -75 7 69 41 14 51 -39 -1 40 7 2 -13 14 21 -8 1 -6 -80 28 7 54 -14 -17 -17 -31 20 -7 -7 -6 14 -17 -5 -6 20 2 -28 2 -5 42 21 4 -31 6 9 -7 -45 -6 -17 -4 -40 20 -9 -44 2 -6 -38 21 5 -54 6 2 44 5 38 42 -17 13 11 -38 44 49 -16 -6 2 -5 -40 41 -2 29 12
s 010100001011011101001111101101011100000101100000111100011110001110000011
m -79 -90 49 -70 -85 123 -86 -122 -17 2 77 41 61 -123 12 103 117 99 -20 -54 111 14 -93 29 23 -17 77 24 25 29 40 124 -116 119 41 -38 50 108 69 36 -49 68 44 124 54 49 -106 -25 35 -5 23 -119 -42 37 43 108 90 22 -23 -34 52 -10 -14 -91 -65 4 -40 -31 -90 -69 32 -27 -89 -74 -78 -104 51 72 74 24 -50 -85 -2 45 -90 48 127 116 112 -38 -10 -109 -109 67 -97 -53 -76 -123 -115 -108 -16 -27 -29 78 5 -59 50 -60 -27 59 -21 -29 -20 33 32 74 -63 -90 120 -40 78 -113 102 56 -59 -118 -42 59 99 -127 93 33 123 8 -122 -101 56 103 -83 -72 -127 -122 36 125 69 4 -59 -39 1 -31 -116 96 99 -96 -1 102 4 106 -47 36 99 -42 -122 17 106 -109 -101 62 108 -80 86 107 -59 34 36 -80 31 9 -17 30 -44 -73 -60 -113 -19 -46 50 14 83 -95 -76 115 19 114 82 84 98 117 -94 -43 85 107 -38 9 -78 -125 86 32 117 32 -118 65 -30 -32 -95 -15 55 32 107 -26 -69 67 30 -32 40 86 117 18 -57 -26 -123 -95 14 41 -18 -39 -119 -34 74 -3 -28 36 -42 25 -106 48 10 -14 40 -97 102 66 -50 -38 112 -14 24 -93 -53 105 -100 65 -31 -29 -64 26 17 51 53 18 65 115 51 -73 44 -34 -50 -114 -108 -49 -97 33 -116 -49 -36 92 -85 -78 126 -111 -29 117 18 -58 -20 -67 30 -30 -75 91 -46 -24 92 103 7 -32 115 -73 -86 30 90 32 -14 110 41 72 101 27 39 45 88 26 -58 7 -28 -1 -105 -68 53 22 -7 75 32 -13 42 -55 83 50 0 51 51 45 31 89 -2 46 88 56 18 -95 -56 -31 58 88 -49 59 64 73 -127 31 14 -93 -36 -20 -33 12 123 -42 80 -58 117 50 54 50 108 80 -54 -43 -48 26 117 22 -120 72 -5 -75 -103 -127 100 25 -92 -43 -109 -107 -111 -86 -8 34 -116 -55 -113 -30 102 24 87 -81 -44 106 44 -89 38 123 107 80 60 -92 53 115 -4 30 3 73 107 -65 22 4 67 25 -51 100 15 15
e -9 -27 22 -16 -27 52 -16 2 -3 -13 -25 15 -25 22 15 -22 9 -55 -23 32 13 -21 32 -4 -13 -13 28 13 35 20 22 28 22 28 18 13 -26 -43 -4 9 52 3 9 -15 -14 -15 16 16 -16 -27 14 -5 26 -8 16 21 -7 -2 -9 7 -25 -21 -16 22 -13 -13 -9 4 -28 -27 45 -21 13 -34 -27 -13 21 27 22 25 -2 -28 -44 -7 -18 -7 12 -32 12 -40 -26 4 -32 -15 1 -32 16 1 -14 -5 -35 7 37 -7 28 43 5 4 -9 -20 8 -13 13 -8 -4 -13 0 -28 0 40 21 35 51 -7 -51 20 -21 -17 -29 -2 7 -48 -7 39 20 -12 -20 -5 -34 5 -2 -27 2 -17 -1 -11 -28 -14 -7 -28 7 -1 1 -5 -49 38 -28 38 -28 36 28 4 13 11 -55 0 -22 -87 -35 -22 52 51 -76 3 -20 -3 15 -19 -28 11 -7 22 13 20 -13 13 -5 17 -4 -2 4 28 -44 28 20 -29 20 -22 1 -14 -8 1 4 -33 -38 4 3 32 3 -14 4 -14 16 -28 16 -21 -22 13 -4 -9 4 3 45 -64 -14 16 20 -22 2 22 -14 25 -14 -8 -38 -28 4 2 18 -45 46 -47 14 -49 13 -16 23 -15 14 -27 22 -8 -16 13 5 2 13 26 25 22 43 -22 -35 -9 -9 18 -39 27 -32 -18 -13 9 28 -13 -15 -21 -22 16 7 -28 -5 9 -18 26 -13 -32 43 4 9 -9 -12 -15 13 -34 16 4 45 -5 -28 21 26 -24 2 -43 -23 7 9 -21 -5 13 2 -4 4 -7 32 28 12 -1 21 34 14 -7 -27 -16 -21 24 -51 -2 14 -32 28 -7 -8 -26 5 13 34 -4 -18 27 32 -35 -1 -13 -32 14 0 -17 -7 35 29 -5 51 7 4 -20 -20 32 8 -5 -18 -7 -28 0 20 -4 -35 5 28 -51 2 -1 -20 -17 1 -8 29 -66 -7 -1 15 -29 -1 11 28 -38 55 -2 28 30 17 4 -52 29 -28 -3 1 22 -20 -1 -52 22 38 3 -13 -28 -15 13 -4 -11 -4 28 -55 28 22 -13 -16 52 26 14 15 28 -8 -15 26 -34 11 -23 -3 -55 -13 -28
s 011111010000110101100100001000111100001001111001010010100010111111010000
m 5 120 91 -75 84 -83 -7 2 64 -31 97 -51 17 -123 -12 5 24 -78 50 26 -83 47 -40 63 93 -66 69 38 -96 -13 -83 -29 107 -87 -21 -105 104 74 -60 -79 -11 40 -60 -84 109 -63 103 98 74 70 -105 -81 -29 -118 -89 24 58 67 -55 -111 -30 114 98 104 15 -82 74 -94 -20 62 19 -28 49 -97 -16 113 -76 -84 -88 11 113 -82 97 29 -64 92 25 -92 52 -54 -36 -123 -123 -81 -113 -38 127 -45 102 -127 -68 51 -83 90 -20 55 17 -105 86 -60 63 14 -117 -85 90 24 -76 56 -80 -120 109 122 102 -126 106 66 41 -97 37 -57 72 117 -10 18 126 91 -115 -102 -68 68 -31 35 -27 -109 123 19 115 55 30 -15 -60 -109 52 -13 55 -46 124 106 -63 -23 126 59 -93 59 42 86 95 92 87 -33 -61 -89 11 116 -22 -35 -104 -37 96 29 -97 108 -22 -100 116 -108 -116 109 -5 -65 116 -24 -66 -100 54 -115 -9 -74 123 38 97 -99 -15 67 -33 -67 -125 -4 6 -45 -9 72 -96 111 0 -30 65 30 -104 9 121 -23 19 -90 36 22 117 99 -92 123 32 -19 28 60 4 54 -115 26 77 -66 7 111 -110 105 66 15 43 11 -3 122 16 -18 -94 -44 -52 -30 -98 -83 113 63 -107 19 -30 -81 54 111 -117 98 11 41 119 59 -39 -58 24 -39 124 -52 38 62 43 -59 73 54 -2 122 114 115 -4 -121 95 -39 -33 89 -26 43 -95 -49 23 -119 -66 114 84 -97 91 8 92 -48 94 -123 -63 -69 -39 -49 20 54 -87 33 28 37 27 18 76 -90 -99 83 -127 -49 127 -97 119 -72 13 -31 -2 69 85 67 -4 63 120 -30 86 -91 -60 86 10 73 40 11 89 -90 -101 93 -75 -70 34 -24 7 45 68 31 23 103 77 -47 -116 78 -51 -119 -95 -82 -62 20 92 -105 41 68 -7 -12 113 90 -42 26 -99 8 -61 -112 9 82 44 -69 74 -85 -79 -123 24 81 -53 -18 -62 -1 -71 -43 34 -19 -62 101 20 92 65 28 89 -52 -50 56 -41 -91 -111 17 72 -102 43 61 -126 -21 122 17 -67 -81 101 -117
e -8 -17 -29 -4 -17 -10 -4 23 -31 -2 -7 54 -7 -5 -23 17 -5 37 19 10 -27 -39 -10 -5 -39 -10 21 10 14 8 14 -27 -1 -26 -44 -20 26 10 -14 -4 -49 -6 -4 -21 -32 -21 23 0 23 -38 3 38 -48 -16 -4 25 16 2 -52 -16 7 49 -2 5 -2 35 -5 35 17 -17 -18 -21 -39 33 31 10 -10 14 14 36 -43 -26 -43 -7 -19 -7 28 -10 22 33 -4 -59 -18 -21 29 -18 23 29 24 38 -24 35 -26 35 2 10 -2 -59 49 20 7 -2 21 -7 -35 -60 4 -17 4 -10 21 10 78 -16 78 -20 10 18 -36 43 -7 -33 7 -7 -30 22 30 -40 33 40 -24 -14 -28 18 -29 8 -14 24 -11 25 -35 11 16 2 16 7 59 -7 4 -18 -4 8 21 11 -54 -4 -29 -37 10 44 -10 -89 54 -31 53 38 45 -7 -45 11 7 -1 -25 30 27 -20 -40 27 56 -24 -5 -46 18 -21 -8 33 12 1 -11 -3 16 -16 -19 16 7 -14 6 8 -21 32 -17 -32 0 -14 14 3 5 49 -14 -5 -5 6 -55 -21 -40 4 -8 0 -2 -1 -3 7 20 16 7 26 -14 2 19 6 -15 10 32 5 -39 0 -5 34 15 -17 -56 -38 -4 42 38 -2 -10 -26 -7 -14 -10 5 -26 -4 -5 19 -21 -17 23 23 -39 4 17 -10 35 -21 -14 -23 16 26 -43 -49 19 26 13 10 10 -35 -32 -49 22 -21 2 -33 -36 -35 14 38 -17 -10 -26 21 -43 -10 16 -9 49 -10 -2 2 43 -59 38 7 21 -17 -22 -40 21 -48 49 34 -14 -35 -10 -29 -78 50 24 20 -7 -35 7 -22 12 -21 -33 61 9 -14 18 -10 -29 21 -24 24 -4 -18 45 27 -33 2 -78 -7 -59 20 -68 -18 12 60 -21 -7 -4 -4 -30 -8 -10 40 14 -78 -24 11 20 -39 16 -7 -33 -7 16 21 -45 -30 -16 11 -40 -29 37 -24 -4 -29 -18 -8 10 33 14 31 -11 -29 8 -37 -10 15 7 31 20 4 45 27 8 11 -5 -14 -37 -21 29 27 0 -10 5 -3 -31 -21 16 -45 8 -14 11 -1 6 37 20 32
s 110000011111000100000110101001010011000101111010011000011010011110000000
m -16 -95 52 -21 97 120 41 -103 9 58 -54 -63 -76 -80 -35 80 9 -118 -8 40 -114 38 115 -47 12 116 -94 -20 -111 5 89 7 44 122 19 -116 121 70 58 53 -121 89 112 111 -64 16 21 100 -52 53 88 -21 87 106 -89 -90 -76 -13 93 92 -116 6 -28 81 -58 70 -88 123 -113 -29 59 -113 115 -1 100 -98 -20 102 -48 99 95 -54 -108 11 74 -66 -70 125 -105 105 -28 -24 60 -71 119 52 -11 -70 -56 -38 -16 -87 66 1 -73 43 -6 -68 30 -112 -56 -111 108 -33 -93 73 -58 -76 -84 32 55 -115 44 35 -50 11 68 118 16 71 -13 117 -88 -68 57 101 -14 108 -100 88 -112 111 -103 -19 11 72 50 -61 91 14 0 18 -86 96 -51 -80 -65 36 -71 -49 127 8 36 29 -68 -16 -41 25 76 117 -118 11 12 63 -115 -10 -96 35 -25 56 110 -125 75 121 -3 -4 -79 71 -35 16 -52 63 -119 -4 32 -60 -127 56 -89 15 6 -118 27 -86 -91 -120 -120 3 39 66 79 15 -46 -41 112 -23 -127 110 -54 40 96 13 106 -28 -77 -9 -124 -95 -66 8 -96 97 -35 -1 -31 -36 108 -9 -53 46 -48 -109 59 -49 -35 64 19 -45 1 11 -122 126 -76 26 -95 127 -9 -1 125 -113 -6 8 -56 68 -93 -50 70 75 -112 -42 13 -15 -1 -29 95 60 57 83 -20 69 23 -84 90 -62 91 88 -84 78 48 -28 -82 -45 -3 96 -7 -28 90 -99 4 84 38 -29 43 -91 -35 -47 -98 -114 -47 79 -64 63 109 -82 62 -62 94 41 -65 -104 96 68 77 17 29 40 -74 110 29 -101 -82 57 -36 121 22 -116 125 36 68 65 20 19 7 13 84 -59 106 -111 -52 82 98 -122 109 32 -5 -13 -102 -127 -20 -108 -93 -45 -60 -123 -126 63 -28 8 -117 -5 -114 32 107 -8 -101 -54 12 32 92 -28 -3 62 76 53 -46 -46 72 104 -78 -94 -32 -19 -30 -32 -1 -35 -64 -53 49 58 -25 77 -80 -8 0 106 -7 56 16 48 -108 15 -78 36 -92 -95 -51 -17 -90 -36 106 -88 54 -81 -36 74 70 18 -13 124 72 -19
e 8 -10 36 -8 10 -11 8 8 7 -8 -42 -3 -42 7 -26 -7 -14 22 -17 -77 3 -11 -35 -31 -12 8 4 -8 42 28 -42 32 7 7 7 0 1 6 24 14 -6 12 14 14 14 40 7 -41 -7 -19 -1 21 1 1 -8 26 18 8 -6 -18 -42 -25 -3 -7 -3 25 8 25 1 -10 -1 26 -11 84 -57 -8 26 -57 50 -18 38 -7 -38 42 7 -10 72 -35 62 -1 -14 5 -18 -14 -7 -18 -7 7 14 19 26 0 1 0 -6 6 -20 5 -6 -10 -18 -3 12 -18 -25 12 -14 1 -14 17 -26 -17 5 -18 -5 12 -18 7 11 38 -28 11 -10 -12 13 -62 -50 7 1 7 14 -57 14 -7 -7 -7 -1 14 -16 -1 1 -25 45 6 51 28 5 -28 3 18 -3 -14 12 31 22 -51 -46 -60 17 36 11 5 -15 7 -10 -7 -3 18 -3 26 12 -7 0 13 49 0 -7 -3 -42 -74 -31 -4 -7 25 5 -11 -5 7 16 -1 1 45 48 -1 28 -24 -12 -53 12 -14 -7 -17 45 1 -41 1 7 -3 -24 -8 31 12 10 4 14 -19 -5 41 8 16 1 42 0 -6 -8 -7 24 12 -7 12 -48 35 -14 7 11 -41 -8 -8 -14 26 42 1 -8 -11 19 -8 -18 -34 42 42 -38 -43 -7 14 8 -7 14 10 35 -7 -11 -25 4 -8 14 -26 -42 7 31 7 -19 6 7 -1 3 -35 -6 25 14 6 62 -14 -25 -1 -10 -62 -57 19 -1 -18 1 49 56 -6 18 -10 6 18 -6 3 -38 -5 25 -10 -18 1 -62 -7 26 1 -14 -18 -57 0 -18 -7 -5 38 -14 -10 -10 0 -18 -62 6 -12 -1 -5 14 -68 -43 25 -10 32 -14 14 14 -7 0 17 11 -6 5 12 21 -10 -13 18 -29 -7 -12 -12 3 -14 -13 -7 -17 41 1 -10 14 -16 10 -17 45 -18 14 -32 12 16 -7 13 -45 26 -7 28 -22 -14 3 -36 -7 7 11 -11 13 -7 16 -36 5 -45 11 7 28 -8 -4 -3 -3 -3 -7 26 -31 -1 22 -4 -36 3 41 11 -31 1 7 4 1 -3 -5 24 26 7 -12 -22 0 14
s 101010110010010111001110100011100111011000111010000011101100110100000010
m 101 19 31 -92 -37 53 -80 100 -121 -47 113 -33 -34 -30 -12 70 20 53 -62 -56 -96 -29 65 31 125 -89 93 -26 -51 38 -39 121 -75 85 -74 37 -62 68 -27 32 31 -73 82 -12 58 -101 48 -126 17 108 77 -6 -26 56 -49 -87 46 -32 64 5 100 29 -46 -19 -46 85 -49 96 -43 0 -88 102 101 39 42 -18 -119 -46 85 11 -81 122 -58 -84 -104 -107 6 -52 83 61 6 125 30 -24 -116 53 -126 97 112 8 9 70 -30 32 63 -96 82 64 -24 56 -111 -86 55 -93 -28 -70 -26 47 42 -80 99 -60 -73 14 90 -89 28 -35 -117 82 -31 -67 -115 126 17 -66 -103 -60 94 111 -42 -26 -32 34 44 83 83 83 -23 120 -37 11 98 -99 94 -18 81 -96 104 -36 -12 123 8 -15 -50 74 -69 -23 30 -104 43 -1 -19 61 -124 -125 53 96 81 -97 16 -56 49 -90 108 29 63 47 1 84 -117 -22 -112 -7 -66 44 73 0 -77 -48 -106 -55 100 12 77 76 15 3 121 -21 92 -61 88 -127 -37 47 54 -32 64 -111 77 -111 -70 37 125 37 -93 56 -113 75 48 -69 -82 -52 39 -66 -94 -23 48 122 68 -125 -63 -7 103 -95 -67 -61 -26 -36 38 33 -67 103 74 54 -45 -94 -100 -96 -43 16 39 -68 -17 57 -31 55 102 -126 120 105 -35 25 -67 60 61 78 -106 -120 0 -29 -55 -29 57 -101 -21 105 -85 56 -101 -122 45 -62 23 90 69 79 18 113 -35 111 -122 84 -39 -73 -15 -52 -103 15 52 -56 118 16 -57 18 122 48 -86 -113 -75 92 -41 -62 -39 114 -3 -89 -125 -21 -100 -5 36 42 -37 115 -66 51 -52 -123 -48 78 -63 -38 -109 98 74 -119 -87 100 -5 -11 -75 -20 127 -36 -20 83 112 118 27 84 -99 43 40 -114 -77 30 93 -101 -73 -126 89 110 14 -34 89 -79 -17 -51 -32 114 -18 -30 -57 25 -97 6 -58 -94 -28 65 52 -22 3 18 -14 58 30 -43 -108 86 45 -46 102 81 23 -114 69 -47 22 -126 -32 -51 80 31 27 -55 -44 37 -26 42 22 -80 -119 -47 -93 10 -114 104 55 -81
e -15 0 51 33 0 -17 33 21 16 -21 30 -21 -60 7 -14 -7 -15 21 42 -46 -28 -89 46 -1 26 -16 -7 -16 34 27 34 35 0 35 42 -26 23 19 42 6 19 14 6 21 19 11 15 24 21 0 -23 0 26 11 33 53 5 -21 -14 13 30 -14 14 7 14 25 15 25 -16 -17 -16 -53 26 54 -23 -22 -10 23 -34 25 -46 35 -46 14 42 14 37 -49 6 35 28 45 32 11 39 27 -15 -39 8 0 66 5 23 5 -10 -19 -10 45 14 19 30 14 7 30 -75 -7 37 16 -23 -27 -53 -27 1 5 -1 -19 10 25 -5 46 -14 -5 14 14 18 -6 -15 27 35 -27 -6 36 -6 -25 -42 57 -3 8 10 -3 -5 -13 -13 10 -13 22 45 16 -3 -27 3 57 24 -11 -21 -23 -28 -28 53 -28 -17 3 38 -16 -19 16 21 -30 21 -11 15 0 -26 -15 28 -33 -27 28 -20 6 1 7 25 20 -27 5 27 9 10 23 -11 13 -24 20 -16 -24 -64 -11 -14 -51 57 -19 -24 3 24 -23 -7 -28 -24 15 -1 14 0 -7 19 -35 -27 -24 -21 0 -23 -30 26 -11 -33 -35 24 -28 -49 -14 30 -46 -19 14 26 24 15 -16 33 0 -35 11 33 26 0 21 -16 23 -30 34 -19 -7 58 -6 18 -42 11 0 46 -15 26 6 -16 16 11 -76 -34 15 -5 -35 6 14 42 23 -14 -46 -28 25 -6 -14 -6 11 -14 -35 15 25 -23 0 16 10 23 -53 -46 19 -5 14 21 -10 10 -40 51 -45 25 -64 -27 16 6 -39 53 -35 -8 5 23 -5 -10 -39 1 -46 -8 -32 14 -28 -30 6 10 7 -35 49 23 23 -27 27 39 -7 -6 8 -23 25 -5 27 -20 33 1 -14 45 -19 -15 27 -30 -27 7 14 3 -23 15 -57 -27 -50 -3 1 -6 10 19 -25 -16 32 5 16 -14 10 -21 15 13 -11 27 -16 -21 28 3 -28 30 61 -17 -5 -73 -23 10 28 34 13 17 0 -16 16 -26 -3 28 -28 57 -11 -1 3 -21 7 28 28 -33 17 1 -23 16 -7 11 -21 -27 24 -11 0 14 21 -26 -19
s 001101000110110110010111110001010110000000100010010001010011111001001100
m -68 37 13 -117 47 124 127 69 -56 44 5 -4 -49 115 -38 58 -7 39 -54 13 -6 30 11 54 -70 -91 81 -12 78 -34 106 -127 -68 87 2 -20 -46 66 -87 -71 -108 -55 -104 24 106 17 88 -121 -124 -59 13 -7 66 41 -93 99 6 -60 72 -19 96 -5 -70 97 -74 36 -95 43 -64 -42 86 -114 -123 -99 66 39 -60 127 -54 82 47 -69 35 125 16 -23 -42 -63 67 72 112 -29 -4 -17 -27 79 -84 102 -19 -111 -30 96 54 -121 15 -100 37 117 -62 -52 -121 25 -110 -82 -51 73 78 105 67 -10 98 71 124 -114 85 35 -87 46 34 75 -60 11 -7 39 41 19 15 35 51 51 122 -115 29 -97 110 59 -28 14 97 82 -70 -10 -34 -40 17 20 -112 -126 -54 -104 -91 90 95 -33 -52 73 -88 46 55 59 -42 18 41 112 -55 -67 -99 -20 -39 81 83 -125 103 -6 -59 -52 88 110 114 -14 103 -79 75 -100 121 76 -107 -27 68 11 103 -41 71 91 102 39 11 79 79 95 94 22 79 -23 100 118 -38 -81 34 10 44 108 -114 102 -69 -103 105 37 86 64 -18 92 -51 -116 -88 -123 -63 12 115 68 -115 -98 -1 12 102 -119 103 -126 -41 -58 -54 64 -115 -51 -118 6 92 -38 -116 -60 45 40 -125 108 22 -107 54 36 -35 47 -25 120 -10 -111 -42 -77 52 127 -116 109 36 -38 -78 88 -62 -120 -121 -88 24 11 18 62 -88 19 103 -41 110 12 -48 -28 52 41 42 -44 115 -27 -120 -44 -77 103 -44 -57 109 -37 -32 60 -90 -13 4 -96 34 99 -125 -104 -42 66 53 -117 97 -71 -91 78 90 -124 78 -85 99 32 -71 -20 38 -11 -82 -103 -122 44 34 -75 46 94 -71 -81 103 44 52 -71 -19 12 92 57 -87 14 73 -121 -81 -23 6 -54 124 -14 -53 -95 -79 114 -80 -77 97 -16 102 97 69 -49 -109 -111 -115 -38 -101 96 40 62 18 73 -117 31 44 53 14 43 -116 86 74 -51 -59 53 110 -106 -81 -104 56 -83 -46 89 -116 116 114 7 65 57 -81 10 -109 67 21 112 85 122 -71 -49 -24 -121 106 121
e 7 32 -38 77 32 -36 -77 -6 47 -6 43 -35 -5 11 -29 11 9 -41 -2 10 7 22 12 -39 -22 -11 -59 -35 -46 75 -46 61 24 -61 14 -45 34 39 -30 21 -39 -10 21 -15 -1 -15 42 33 -42 7 9 11 -34 -19 77 -4 17 6 5 -6 5 -10 22 11 22 -36 7 -32 -9 -32 9 4 -22 -17 18 11 -25 18 46 25 -31 77 -37 -7 2 7 16 -10 -16 17 -21 -28 11 15 12 -4 -42 -12 13 7 13 -41 -34 41 33 -39 14 26 -5 31 -18 -55 -64 -18 32 75 30 9 30 -6 -4 6 -13 -6 -13 -46 -25 -16 -10 -31 -13 -28 21 13 6 -16 6 45 17 31 -13 -18 -13 16 -12 -21 21 -17 9 -21 41 -13 15 -14 -30 14 -26 -14 35 4 35 -21 64 -34 35 30 12 -35 6 -12 36 -13 -37 -47 31 47 -4 -68 -4 29 13 24 18 -14 6 -18 31 -6 -39 26 -39 59 -16 59 -30 -10 30 43 9 9 -19 15 30 -19 14 30 21 -35 10 -1 -21 -1 -33 25 -33 9 -11 6 35 -7 -41 10 -32 -59 1 77 -30 -57 -6 -24 -9 5 -18 19 82 61 -30 -6 2 10 -5 -10 20 34 22 33 -7 -11 -9 -32 46 -19 77 -22 7 -11 11 41 -5 46 39 11 61 -21 -7 -2 -15 33 -10 74 -27 -21 -42 -11 15 4 -48 42 -6 -61 -7 -5 -2 -34 22 -10 -39 32 -63 5 -17 -15 22 45 42 32 18 -7 -9 -37 -34 -4 -31 -40 6 7 -5 -25 -14 -22 31 -26 -32 7 4 9 16 24 -36 -17 -13 6 -18 41 -25 -12 -13 31 -13 31 7 -41 18 16 14 -64 17 26 -30 -58 -4 -6 12 -64 13 -13 59 16 -62 6 10 -14 -13 13 26 31 -6 -4 18 31 -64 35 -35 -30 -6 49 9 -31 -21 16 13 -9 31 -16 15 -18 -10 -18 13 9 4 -6 15 -29 -31 -14 35 -13 -48 -12 -41 -21 36 -10 -21 -47 9 -12 30 -15 -36 24 -14 -47 18 35 -4 6 -21 -29 39 -21 35 -59 -12 -6 -33 -36 39 10 47 -70 -36 4 -30 30 -29 24 -10 35 18 -1
s 110001111010110110110011101010110011010010001000110001110010001010110011
m 99 -124 120 -22 -35 -110 116 -63 12 -70 126 24 -38 42 -56 60 120 -89 -63 -41 -34 -50 96 -93 -34 59 -68 28 69 -64 -116 -107 30 -91 113 -32 -46 -7 3 -13 -97 125 -112 -33 -57 89 -107 -1 94 51 -117 15 -124 7 -109 -21 89 -11 -111 64 -81 -82 91 -106 -94 -104 -8 63 104 8 100 31 24 -74 -32 53 124 124 107 -108 2 114 83 -11 100 119 -17 -11 70 -19 -75 -9 30 120 50 -120 29 -97 -114 -76 86 82 20 16 16 -33 66 87 -102 -58 23 -56 44 -66 -125 49 -78 75 -66 90 13 84 -19 -85 -126 39 -42 49 119 6 56 46 -73 -99 58 26 -51 -67 -66 -22 54 -47 0 -72 15 -126 -8 -53 -115 0 -99 76 94 -33 -16 -25 -82 47 -14 85 124 -24 70 -38 60 -23 -50 -52 -46 33 95 74 -85 -69 -14 -73 -78 -34 -46 66 52 11 -28 -122 -25 45 -85 -5 111 113 81 41 -7 46 -37 -43 -45 -20 -63 -127 119 114 -28 116 -19 98 -118 118 -86 -48 61 -47 29 -74 -20 78 -76 101 -126 116 9 82 -118 86 102 69 -59 26 91 -97 -70 39 68 92 -61 -11 101 20 89 -6 19 113 53 -72 -78 -123 34 94 -74 108 60 -76 45 -67 72 -86 90 41 -5 -103 119 -56 62 83 -41 -9 21 22 -121 -43 -49 -74 51 87 -73 85 -86 120 -61 64 -108 54 -71 -30 -93 -7 -75 -76 -92 18 23 44 14 98 -57 -39 -62 28 82 126 99 78 33 -97 94 -91 -126 -56 -105 -13 105 -24 29 107 61 102 -127 118 68 -112 -106 -36 102 -108 -79 51 -6 10 12 98 -127 -29 22 -16 105 68 2 -5 -74 -80 127 -96 -25 60 120 -60 -112 -122 -10 -24 60 127 120 16 73 57 35 14 -61 123 53 34 69 -29 119 113 42 -112 -35 30 -39 116 107 56 -6 -20 -27 56 103 113 14 17 -111 -31 -65 38 -85 -95 89 37 51 24 -124 -85 118 -32 -115 -32 -6 -101 -39 68 79 -85 -89 -112 79 39 113 -121 26 44 -107 75 48 -70 17 0 -14 -113 -34 -91 102 -46 67 -113 -123 -91 -72 84 24 -12
e 7 -7 -28 -40 -7 0 20 10 -28 10 -5 -13 5 49 -28 37 7 -46 -8 -7 -5 -21 7 -8 -21 -25 36 -47 53 6 -53 10 10 10 8 21 -18 29 25 -65 7 -6 -12 19 -11 -19 26 15 -26 -14 -62 -25 -18 67 -20 -12 32 18 16 32 5 16 -12 -37 12 -26 -30 26 45 20 45 12 30 2 -42 -25 -37 28 53 37 6 -10 2 64 8 -10 14 -7 -14 2 -12 5 13 -19 -14 -13 -38 14 11 14 -11 9 27 9 29 7 14 -5 16 13 18 12 43 -18 -26 39 21 45 21 -21 19 -21 6 -32 6 -13 49 -7 -24 2 -14 -24 10 14 15 -14 -15 -20 2 -57 0 -28 35 7 -22 -21 0 11 -56 7 -9 56 -6 -14 6 -17 5 17 -61 13 13 -21 39 -28 46 26 28 -53 21 -28 0 -6 0 11 35 11 13 -18 13 28 -14 18 21 -15 -5 -21 -20 -22 8 0 8 -41 43 -36 6 24 6 -10 -67 -62 7 -6 -3 7 -22 3 6 13 6 -11 21 -11 -1 0 1 62 -37 5 -3 7 13 -6 -7 -36 11 20 6 -1 -10 -10 -65 -5 -21 7 -20 55 3 -10 8 63 -5 7 11 -37 -21 1 7 -25 -62 7 61 -7 20 -21 -14 10 -25 18 17 -53 -7 -37 -10 12 -7 -56 -29 7 -7 26 -21 -12 66 -25 19 12 -53 -26 -32 -10 14 -16 -8 -18 12 -10 7 -26 -12 -48 -14 -19 -12 -2 26 -26 -28 -14 45 -37 18 12 2 7 32 10 16 37 -14 13 2 5 35 -10 13 45 14 -14 12 2 11 -54 28 -9 37 -14 17 2 -47 -13 10 -9 18 15 14 39 -17 8 21 -28 13 21 14 39 0 11 21 7 -14 37 -24 14 -6 -30 -5 -13 15 27 -18 20 39 -14 13 21 15 21 -21 -20 0 -6 0 56 -13 -7 14 -20 38 17 -14 56 -21 31 6 -34 -20 17 -46 0 13 -28 -7 21 0 24 0 11 -56 29 33 6 0 10 17 11 21 -13 -13 5 21 -28 8 0 -46 -36 -28 -5 -1 -35 -8 -62 11 36 7 13 -6 -3 -28 -10 6 46 -25 -42
s 101000010100101101100010110111111001011101111111101101010111010011110000
m 118 98 109 -83 71 -82 -74 58 25 27 -110 20 59 123 -8 43 19 4 83 86 -46 -47 -50 -40 -119 -99 -106 -54 -36 -14 76 54 -43 33 -79 -51 -81 115 54 90 74 40 -26 45 41 57 -35 83 118 -72 36 21 -37 99 25 -13 -70 61 -76 -35 39 -82 -110 -39 -120 63 -100 121 22 22 52 -103 88 9 58 77 -119 -11 47 -84 -96 -93 -36 -60 -26 -81 -55 111 88 -35 39 112 -21 66 10 -91 105 -2 19 -68 16 48 -126 -15 -91 90 0 -64 -35 23 47 -27 -119 126 70 84 -73 99 42 -19 -123 -27 35 53 -5 97 38 -14 19 -62 -59 -1 -44 -7 -88 24 107 0 80 58 118 64 -46 91 31 116 11 64 -2 -100 -29 49 93 120 -54 77 98 23 -67 50 -123 127 85 83 0 49 -94 -81 -96 -43 -6 -42 -82 62 -19 47 -53 -121 -124 -25 -73 -41 36 42 106 68 -92 -105 107 20 -55 45 85 16 70 -1 -87 -127 -6 -57 49 2 -51 75 24 5 3 -103 1 4 43 99 -8 -100 50 34 -62 -82 13 45 -29 -122 50 -103 -23 -100 109 -97 74 20 -67 -69 -59 83 -109 -42 8 100 61 -58 -34 48 16 35 37 -120 -74 31 -5 -97 123 -68 -2 44 85 -116 -57 -55 62 -97 -2 -127 -15 81 28 -114 3 -53 66 87 -89 69 -114 -31 115 -20 29 -32 99 -82 105 -66 -12 121 119 112 38 106 17 105 -116 -104 41 17 -109 -122 33 -11 -17 95 -102 17 52 5 -67 -64 -43 -106 -13 -97 -109 -6 -88 -124 118 -60 27 71 -15 -8 -41 102 57 -31 101 122 5 -96 -74 -113 64 -74 -99 -77 -89 33 14 -98 -105 -108 20 22 68 -68 101 37 59 20 8 96 -78 117 -121 114 57 107 -76 -88 -70 -70 23 -23 -101 100 -9 37 -15 -75 90 0 15 -125 -106 -99 -73 2 -106 -81 116 59 -60 -60 48 34 -8 92 78 24 58 57 5 4 -10 116 64 -6 116 29 51 39 -45 54 -101 49 119 2 118 69 -86 36 24 -114 -36 -62 -62 94 -109 -5 92 120 -52 19 5 -69 115 -23 82 75 44 69 9 -27
e 17 20 -26 -2 20 5 -2 -24 6 -51 -30 -47 30 -31 22 -31 25 0 11 -42 61 33 42 -21 33 28 14 28 -26 -45 26 -14 -18 -14 -11 8 33 2 -5 15 2 -1 -15 -3 4 -3 -28 7 28 -10 -5 10 49 -5 2 -14 31 -24 -31 47 30 -31 -24 31 -24 62 -17 56 -15 44 -15 -12 -33 -7 -10 -28 -34 29 26 -34 -32 14 -46 39 -11 39 -21 -42 21 7 15 -6 -18 -3 2 -18 28 -9 -14 -10 -17 -7 33 7 0 2 -12 6 -38 -17 2 -36 -21 2 56 21 37 -15 -43 14 -12 14 0 -31 0 -17 74 5 -1 -32 7 1 53 21 8 24 -8 -7 -7 0 14 -10 -14 -5 2 -4 56 -14 -6 -10 7 2 2 0 -2 -21 -6 -21 2 18 2 -4 21 -7 -4 -37 26 0 14 26 5 0 5 6 21 6 18 -2 18 7 7 -18 -8 -8 -41 -8 0 41 21 14 -21 -14 -5 -17 13 1 -13 -18 -2 5 -5 35 5 -5 -21 -7 -1 2 -3 14 -4 4 -44 -10 7 -5 31 41 -5 17 -21 1 20 14 -4 -2 13 -7 -24 36 5 -30 8 -5 -2 14 -5 -24 11 1 -35 -44 4 -35 -39 -7 -17 -28 30 -20 26 5 -22 -33 10 24 28 33 30 -26 -5 31 29 15 17 -11 -40 -20 -42 28 33 15 15 28 -3 -12 32 -31 -31 14 10 -31 -23 -33 24 -42 2 56 23 31 -21 3 24 -7 -28 -56 -10 -19 20 34 33 12 32 2 31 39 -31 -34 0 -24 -32 50 -56 39 18 15 21 2 -12 8 14 -31 -10 7 34 2 0 -32 14 17 -39 7 -2 -21 0 21 -7 6 37 10 19 -14 2 -21 14 -14 -37 -5 -14 -14 1 0 0 -7 -6 -17 8 -18 -2 0 29 7 2 -37 37 -4 17 0 10 5 18 -2 17 5 -2 42 1 21 -7 2 18 8 2 -7 0 -21 0 14 -2 -26 -13 -33 5 -1 10 -22 2 -38 13 2 5 18 21 6 -8 -51 -18 -41 4 -7 26 -10 0 14 26 -41 -7 6 21 -5 -6 -14 -43 18 13 5 -7 18 -1 0 -32 -4
s 000101010000000111110011110010111011001100010110010000101100001001011010
m -31 -106 112 -7 88 44 -60 58 -111 -103 40 87 -92 28 125 -4 -85 79 77 51 18 108 -67 -117 -81 -34 -3 10 -23 -70 25 6 74 4 104 13 -69 87 95 -6 -21 117 -90 90 6 -65 -107 -42 -44 89 -69 27 -58 -23 -57 -4 -69 26 41 8 -25 -81 38 72 -36 126 -58 118 29 59 102 103 -46 10 -119 126 39 21 33 -118 -39 119 5 -20 -98 -54 123 -58 -6 7 52 -46 108 -35 -15 -52 5 45 -110 -108 118 -65 21 -107 -7 -36 2 96 -87 -82 -100 40 -113 -111 -16 15 44 -46 -82 0 110 87 19 -84 19 -119 -16 7 -105 -119 104 -4 -94 127 -116 114 -6 44 -7 -74 33 64 -51 -32 97 -120 91 -69 3 25 95 -108 10 -123 126 40 115 105 70 -93 -13 -59 -121 102 -87 116 -48 -61 12 97 26 -93 101 -19 33 60 60 107 83 -86 110 -119 -89 85 15 100 -7 -71 -62 108 101 13 -103 102 89 -124 -109 66 111 -51 72 8 106 36 19 -10 -72 -119 -76 77 -45 38 -15 94 -61 -95 -68 51 32 -37 -71 18 -86 23 -111 -38 -126 -114 44 51 125 12 -30 -108 70 87 -21 -12 79 90 -10 -3 80 -29 -76 109 -54 -19 -37 101 97 -21 -65 -119 56 58 46 -66 -66 63 114 -43 -57 -24 60 -51 -112 78 56 -42 76 11 12 -94 101 -30 -34 -32 76 -70 -109 -110 109 -78 -4 -14 108 76 -23 -116 46 0 2 -57 -108 114 115 21 -99 -85 108 104 -68 114 -14 18 -73 102 -15 54 118 120 120 -28 -26 37 0 12 -33 -61 117 127 0 -33 12 46 62 99 -48 110 26 -114 -30 100 44 67 -26 63 -80 70 31 95 -42 -22 -101 92 -103 -49 -37 40 55 11 123 -120 -72 -94 -46 -65 82 -114 56 -112 73 103 24 40 16 -93 71 42 53 -56 -1 126 -115 89 59 3 79 66 98 31 -17 23 119 -37 -52 66 113 -119 -88 -36 -116 63 28 -90 -99 105 17 -97 19 15 -110 -12 31 -127 -126 -4 60 53 99 -65 24 43 -19 20 -83 -74 69 -46 121 -12 44 -49 -45 -30 111 58 33 -115 -75 78
e 33 52 17 34 -52 17 7 11 11 -11 9 -43 -9 -4 -21 25 28 21 45 3 4 41 -3 55 -41 -9 11 17 -22 -15 21 4 -14 6 45 27 19 -19 -9 -10 32 -16 -6 0 34 0 5 14 5 -19 -33 -19 19 19 7 -27 -7 11 64 13 -9 -36 -2 -4 2 -14 28 -14 11 -69 11 4 -67 -7 0 9 11 0 21 -11 -5 4 35 -16 -45 -16 0 -3 0 -7 6 56 -23 0 11 23 -28 -11 -42 19 42 -29 -51 -29 2 19 -7 -41 -36 -1 27 -2 14 27 67 -20 -70 -11 39 -11 4 0 17 -7 17 -1 -11 -28 4 -5 70 49 -16 70 -6 0 -21 7 7 -7 -45 0 29 7 -11 -32 -22 -42 -49 -25 29 3 7 2 7 3 -41 3 -12 23 62 -32 14 -21 -21 -39 -17 -21 0 17 17 -17 17 11 1 -11 -43 -27 -43 21 70 14 -12 6 4 12 -39 -4 61 -29 -55 -3 7 -3 15 4 -15 -14 -3 -33 -19 9 -9 -19 3 19 16 12 16 6 -32 6 37 -22 14 -33 4 4 -9 28 55 -29 52 -3 -6 7 -15 14 11 -14 33 9 -12 19 -7 4 9 -23 45 -16 -11 -13 6 4 -41 -14 28 -9 -41 -52 21 21 7 -41 -19 11 9 19 -9 21 -19 4 -4 -6 -28 -68 0 -52 3 5 41 6 26 -9 0 -4 -21 5 7 -4 19 -36 45 19 2 -3 -19 -14 -6 -36 0 -31 -4 7 5 -14 0 -24 -11 -11 -19 4 -5 -19 -7 18 -36 11 2 -2 5 -41 -14 -16 28 11 -6 -14 -4 7 42 7 -19 -33 14 -11 17 5 -61 1 16 -29 72 0 -2 -14 7 -41 39 0 -23 0 11 14 29 42 39 7 -29 0 -4 -2 17 -70 41 -1 -6 23 -27 -7 -14 -70 -12 -39 6 32 0 -7 -22 17 -29 3 -29 -7 -7 -27 -4 17 91 -3 -43 6 -7 -47 7 -3 -21 -29 -12 -17 7 -35 -17 -4 -22 11 3 17 40 -7 23 -45 -3 17 12 12 43 -14 32 -21 -55 22 46 -3 -42 4 14 -17 -55 -33 -11 3 -19 53 -15 9 -21 -14 -16 -21 -12 6
s 101111010100101001000101000110010100110001010111101000001000000100000100
m -54 77 -118 -22 86 12 100 -17 -15 8 -62 123 92 -95 83 100 -93 45 -72 98 32 111 -96 -70 39 -114 32 65 -59 -111 -67 -97 126 -117 -44 8 49 -24 93 103 122 117 12 8 -120 85 91 38 4 74 20 -7 67 -77 5 16 30 53 3 37 95 -52 27 41 104 -79 125 86 80 -85 63 -125 109 -90 -89 -20 -2 64 -66 -21 -88 18 119 -43 41 -79 19 -15 -66 127 -19 -97 -116 -14 -109 22 15 44 27 -95 -56 -82 -6 63 -16 76 115 79 -70 18 -98 -38 -63 -93 87 109 104 -45 92 -104 -55 1 66 67 123 -3 -67 26 -60 40 13 75 -81 -91 126 -127 -43 89 -39 -4 -22 50 105 -82 -122 -92 126 73 -105 84 -37 100 53 77 92 30 -113 -81 76 -98 -77 -31 41 -120 59 105 -122 -104 22 -26 -54 110 -33 -42 83 -88 39 -102 -90 26 110 81 -95 19 40 -66 45 -43 53 97 -110 -76 -59 -101 90 -96 -112 114 94 6 11 -20 -41 -107 -103 -127 -18 63 15 5 126 -48 -64 -4 -114 62 81 14 -5 82 -51 62 -61 -72 -27 -81 66 -63 -55 -77 26 59 -52 -112 8 52 94 56 73 -56 -1 -24 20 -16 55 -14 -117 79 -29 -23 -99 -118 22 -95 104 -105 -34 -121 -31 4 -118 -92 -119 77 -105 58 32 15 63 -115 -109 -98 -67 125 61 5 -115 -106 -62 116 -5 -72 -2 126 -76 -88 -9 -51 -7 16 98 59 5 86 110 -86 -29 14 8 -115 46 70 -77 -17 82 107 -12 -93 37 112 102 -10 14 -66 50 -127 -48 54 39 38 -82 -51 -90 24 -124 106 8 73 100 81 -57 -42 4 -117 -7 -92 14 -83 -60 -27 -111 -91 7 121 -19 95 60 -73 72 33 49 -64 -82 116 96 43 -120 39 46 -10 118 -123 33 -35 38 -39 -48 -120 -75 95 -121 -7 0 49 21 71 -6 -20 68 -20 72 -105 84 28 -74 117 58 -36 53 -60 -119 59 94 89 82 -126 -56 47 100 82 93 -26 -47 8 122 112 121 -33 46 -34 38 82 19 83 -78 -44 63 68 -107 -58 114 102 -6 95 116 78 -118 -1 -77 -115 -83 -104
e 72 14 23 5 14 29 -5 7 7 -15 -1 -35 1 -14 -23 14 48 17 2 14 -13 35 -14 -34 49 -18 -63 18 4 58 4 -16 -1 -16 2 46 6 8 -5 7 -8 -14 7 -13 -5 -7 -4 -13 -14 -5 6 5 6 6 -7 5 -33 -7 11 -27 1 -3 5 14 5 13 -48 -13 7 -14 7 -5 35 13 -24 -30 -19 24 4 -2 -35 46 35 50 -2 38 -42 -21 17 -13 -7 -9 20 7 -7 -35 -4 7 -49 5 24 21 -41 -21 -7 -8 7 9 -3 0 -4 -5 36 -4 -13 -36 -31 -7 -31 1 -5 -20 -7 -27 -7 0 -2 -43 -6 64 60 6 38 -12 17 17 -17 4 13 -9 17 24 -17 23 -7 28 4 -24 7 4 21 -7 -18 7 -18 -18 -9 18 -29 20 29 35 -56 23 17 -31 23 -17 -1 42 -11 -7 -11 7 0 7 -63 -4 35 -25 12 -1 -7 34 -13 -7 4 13 34 -17 -34 28 23 28 -58 -6 58 -1 -7 18 -6 19 5 6 18 5 14 -29 -16 18 -28 -5 13 -66 13 6 14 -28 36 -48 -34 -14 -14 28 -5 5 -79 13 7 1 6 1 -7 6 -5 16 -5 -7 -2 14 -28 -14 5 -36 35 34 48 18 -6 -14 4 6 -5 -35 -5 7 -18 -6 -1 -52 8 -14 -16 7 48 -2 -7 21 14 4 -35 -7 -7 18 -7 14 4 4 27 16 7 -3 36 6 -5 -14 15 13 -11 3 -17 -7 24 -13 -4 13 -24 -5 40 -2 6 5 -35 8 -27 -38 -3 -2 7 5 35 -70 -45 38 -20 -7 17 7 5 -13 24 27 -24 -33 -2 7 -58 35 -24 0 38 21 41 17 -14 36 -34 -9 31 -26 20 1 39 -36 20 -24 -31 23 -21 -1 6 -7 7 12 9 0 -17 -20 4 -4 -36 -12 -47 53 17 28 1 -4 -4 -7 17 18 -3 -23 -18 4 -43 27 12 7 -35 -17 -18 -23 -4 -18 17 17 -29 23 23 -28 11 6 4 7 7 -23 -58 -18 11 1 18 -14 7 -29 -35 13 -28 23 45 4 40 -28 23 13 -13 11 -34 -6 -7 -28 10 -35 -58 -5 23 23 14 -17 -7 -5
s 110100111000111011010011101010000001010010010111100100100110010111011100
m -53 70 47 -94 -91 52 125 -32 -79 -111 -98 4 59 23 -125 56 -64 -40 -68 -113 13 2 -13 -12 60 97 -66 -88 84 49 26 122 19 -11 51 -113 -91 -79 31 72 -116 65 -88 -55 47 -127 67 35 -43 21 -74 -1 -99 1 118 -111 -29 -92 -74 -17 14 122 -97 114 28 44 -125 -46 -49 -44 1 78 -45 22 21 -56 0 7 95 3 -17 -37 -76 -94 63 -108 -58 -4 -32 12 -107 80 -107 -63 -65 6 67 34 115 -116 -9 -27 -71 -35 29 113 20 103 50 -22 -71 67 -21 -113 10 10 122 -114 7 -74 10 -82 -1 73 47 -63 -11 106 105 -115 -83 78 35 -54 -97 -5 -4 -13 113 91 -121 -66 -90 104 4 -39 -26 116 116 -83 -65 105 115 -49 -113 -40 -72 -60 6 54 108 -73 -80 -35 -119 -10 -24 -77 103 -117 4 -88 -73 -16 89 -80 -2 -87 110 -5 73 20 -108 13 89 9 -48 -93 66 -112 21 29 46 -101 34 -89 19 -64 -39 -25 11 -28 -34 -4 -98 -29 -48 -96 -52 -70 116 119 112 -106 41 110 -46 64 -32 -53 109 -27 -118 -81 -105 -70 111 4 -18 -78 -93 13 -12 -61 29 82 -93 89 -98 -105 -105 23 -64 52 9 -60 -122 89 -4 67 88 -15 -17 12 12 -105 26 -9 21 -119 84 -61 124 106 -84 -100 31 -85 -103 -34 101 -41 -29 -68 74 -30 68 112 40 81 -41 32 -60 -68 -74 14 89 -17 -20 -5 28 81 -33 -6 -102 -119 -111 109 51 -101 -90 22 -88 15 -86 86 72 42 -19 126 38 -27 37 10 -56 -80 18 -109 -24 43 -113 -75 99 126 16 -73 -66 -44 24 -11 79 -38 -101 92 59 107 80 51 54 48 -123 -5 -53 85 123 58 66 69 72 -88 -20 46 -68 38 -98 -126 -56 -103 -18 -58 -75 70 -97 -31 -41 -5 -111 -107 95 -39 -84 3 -26 22 -11 57 -69 62 78 51 -26 -7 -16 -21 -50 99 58 24 -71 -16 -76 -95 -67 68 -124 -90 96 -72 88 40 9 85 1 -45 62 56 -54 101 18 -106 62 41 16 -65 85 15 95 -84 -80 104 100 -5 -73 -53 -16 -103 -88 37 127 23 -118 38
e -47 39 -14 -15 -39 -4 15 -16 14 -16 -12 -2 12 -41 5 -21 -47 14 -45 -4 -14 8 -4 19 2 23 5 -23 23 14 60 10 -18 -33 53 8 8 14 -26 -18 14 -24 18 -28 34 -28 30 4 -30 -1 -4 11 8 4 15 -9 15 -16 -5 26 12 5 -25 -21 29 -9 -47 9 -1 -59 26 9 -2 6 7 -23 -3 19 23 0 34 -10 15 9 45 9 5 -12 5 6 18 -24 6 -28 -4 -48 30 4 8 1 -21 -31 8 -24 17 -14 17 -24 5 -10 16 25 9 16 -15 -19 -7 -1 -9 5 20 5 35 -15 -1 -10 0 20 18 15 -34 18 -9 -34 -4 16 -7 42 6 -12 21 -7 21 20 30 -5 -36 8 3 -23 -24 3 10 -17 -10 1 24 1 49 -6 6 -5 9 5 14 7 14 14 -5 14 -8 1 4 40 10 14 4 16 -2 19 34 -17 8 4 -12 -11 12 12 -11 21 -11 -5 20 5 14 -18 14 17 -3 -4 1 -10 26 -1 1 28 24 -6 24 -34 5 34 4 -23 4 4 21 -12 26 -47 -11 42 -39 5 -34 -15 14 31 -28 17 -4 13 8 -1 15 10 26 16 -45 24 -12 4 -34 -21 2 -4 -47 23 -22 39 23 -1 -26 2 -1 -16 49 60 12 -23 -14 21 10 -18 -47 -45 49 -39 -4 -38 2 18 -1 -23 28 -9 23 30 -15 10 1 5 -45 8 -25 4 -14 9 36 -28 -5 28 -25 -11 -30 9 -7 -1 1 0 8 9 15 -70 15 -9 5 0 -18 25 -15 45 -9 -31 6 -1 -5 -4 -9 6 -8 15 7 24 0 -4 1 15 8 -20 -9 -24 16 -5 17 -9 6 -24 -7 7 6 65 -4 -9 -21 8 -7 20 24 5 -60 17 1 48 24 -10 -4 6 50 12 9 34 -6 7 -4 -16 5 12 23 1 21 35 -10 41 -14 -16 -18 -1 34 3 2 -4 -10 5 12 -1 -14 -74 -6 21 -20 -5 4 18 -23 14 3 14 14 10 -4 -17 -35 14 -8 6 2 -12 5 5 -11 23 -21 5 -14 -12 4 4 11 4 -14 26 -1 2 -17 26 5 -17 -24 -14 8 42
s 000100101111100101011111001000101001100000110100010110010010110110100110
m -19 -24 -17 31 36 80 80 -35 -25 -60 -77 -91 64 -77 107 65 -91 69 117 -93 -56 -13 -9 -39 92 104 -74 63 -21 86 -92 67 25 110 -29 101 3 8 -111 -63 -83 -77 -15 49 2 -72 90 45 49 79 127 -121 107 64 52 116 -48 -37 66 21 114 24 96 71 52 -70 -110 -117 94 78 79 -108 -83 48 -127 94 -2 42 -55 91 90 -81 -82 80 -114 120 -53 -119 107 126 31 -82 81 69 79 73 4 -78 -40 76 -36 1 -85 -50 -35 -53 76 15 -28 -88 -71 122 -121 -66 61 20 82 20 74 -87 86 55 -84 41 -123 35 68 -108 89 -92 125 13 103 101 60 -85 -19 52 -41 28 45 91 101 39 -14 67 -108 -88 23 -85 120 -23 -33 47 30 -74 27 -22 16 77 -55 21 -119 27 -35 -109 -55 35 29 -90 71 61 78 -3 7 33 76 -96 32 -77 92 -73 -11 83 -33 85 -14 65 -57 34 -74 -105 90 -16 17 -48 117 -80 -103 36 50 93 96 59 -113 113 15 -110 110 78 35 106 60 112 -61 102 -13 -70 99 28 -31 -90 8 -126 -68 28 -96 -35 -98 36 30 4 -19 105 -29 57 -28 -37 -59 77 113 53 -7 19 7 -68 123 23 12 95 22 -85 25 39 14 -105 45 96 -18 25 44 -36 -58 -61 -65 -87 -90 -3 -87 -80 5 49 72 -76 -97 -66 -24 -109 68 -91 -49 -67 107 -5 -64 -103 -17 79 -72 24 43 -2 92 -61 -30 123 -104 38 67 -43 125 50 -116 24 23 -126 72 22 -122 -35 -78 -89 -35 112 -44 118 -121 103 47 86 -2 88 -51 109 -124 100 62 57 5 42 -28 127 18 42 57 63 -93 -7 30 -119 29 108 104 -108 -55 -44 13 62 -112 -13 -60 84 68 -122 93 104 119 19 -64 -83 -54 6 66 -80 2 115 40 -50 1 56 -107 91 14 91 -15 -96 63 -40 108 1 -11 -92 -111 116 -92 -100 -87 121 41 -100 -112 85 -83 79 -44 -44 -32 82 72 -102 -1 5 42 -107 107 -75 80 -17 -110 -52 -25 -61 47 27 -91 -26 87 -117 -10 11 123 -92 -2 -107 100 25 84 20 -121 60 -105 65
e -25 -3 49 -22 3 1 -22 -33 -3 -31 -4 10 4 -12 -24 12 -17 31 -26 -8 -15 5 -47 9 -5 -21 14 -21 20 15 19 50 -5 50 52 -10 5 15 22 14 -7 14 28 2 7 -2 -4 31 -4 -13 -10 13 3 2 -22 -42 -19 -31 21 21 4 21 -31 12 -31 -31 -17 -31 -18 3 -18 42 5 -36 -37 -21 20 45 19 -2 50 -50 -50 -25 26 -25 37 -8 -37 -36 -14 7 17 2 -13 17 -27 13 2 -13 2 -44 -3 1 -42 -7 31 -7 -21 7 16 -31 18 16 31 -48 12 -59 12 -12 -42 12 -49 19 -49 -7 -2 -35 12 -50 6 42 -25 6 -2 37 2 13 42 13 -30 37 -30 55 69 19 -1 2 -1 -1 -1 1 14 31 -14 20 -7 35 36 17 -14 31 18 -46 -31 -12 15 31 12 15 1 49 1 -22 -13 3 -10 16 -10 24 6 5 17 -2 -15 -10 -25 15 9 -40 9 14 35 24 63 -12 15 5 1 -10 2 -14 -22 2 20 -22 -68 -14 -14 2 19 2 31 1 -31 -10 -17 -15 -22 17 9 14 3 14 -2 -22 -15 -40 -31 -5 -10 16 10 2 22 51 22 -31 26 -14 4 8 -2 12 -5 -31 17 -40 -10 3 -19 -2 -25 -5 -34 -31 -21 3 -4 -19 7 -12 -50 14 -17 26 -2 -7 -8 4 -7 -14 -18 21 -2 42 19 4 19 -50 13 -21 -26 -3 31 -8 -7 31 14 21 -37 -43 -31 36 4 31 -37 -13 -18 2 3 -42 -50 7 19 25 21 -2 -31 46 -50 7 -54 -25 -17 -18 37 -13 -44 -36 5 19 -37 -1 2 -13 49 69 -2 -7 70 -1 -56 -38 31 -18 36 14 12 -37 17 12 -13 18 30 2 27 35 1 -26 -12 31 49 -6 -7 -7 -2 26 16 -13 18 81 14 -12 -17 19 12 -13 39 54 30 -1 -7 35 27 16 12 20 6 -21 28 2 14 -24 -13 20 -31 -30 14 15 -35 19 -1 12 -1 -3 1 -15 15 14 -63 -18 -20 -3 -10 -14 -10 -23 -19 24 9 -1 31 -14 15 -15 31 -1 22 -11 3 14 -44 10 15 -25 -24 -5 14 31 10 2
s 110101010010100101110010001001011101000000100110101001011110001100001111
m 32 -1 120 55 124 18 -9 -46 -49 72 -26 -55 -58 78 106 -49 -39 -82 -107 121 -127 47 40 -126 -1 69 21 -71 1 70 -37 -77 42 91 77 43 17 -35 -34 89 22 74 73 -33 90 -60 -93 81 -23 11 -125 91 59 -115 -64 24 -28 7 89 38 -93 -95 -8 70 -114 107 112 54 -66 27 86 -19 -33 29 40 28 53 -94 -21 112 57 92 -35 71 59 -109 -101 79 -47 33 -94 -99 92 -83 47 -73 -43 18 99 3 -47 -106 40 -74 126 -67 -123 74 -73 -71 -126 106 97 -121 10 -54 -73 21 115 41 108 26 -116 -98 -72 -2 -27 32 -114 123 -9 -126 -112 -68 24 -71 71 93 93 8 92 17 -14 -100 -81 71 78 6 15 113 -53 112 -4 50 80 -1 25 5 14 11 57 112 -126 -19 111 -113 117 119 89 -32 -58 -6 35 82 3 -28 82 34 70 -112 90 -116 27 -92 98 -121 99 -4 48 46 -98 -120 78 86 66 12 109 -36 -32 -102 37 118 -82 26 -83 99 -127 -120 -79 -48 -16 -95 97 -52 55 -22 42 -35 35 44 2 -4 63 61 -122 -97 15 53 -82 -93 12 -14 89 41 103 105 -84 -79 59 -52 64 115 -29 -3 50 -109 -23 24 -82 -36 74 -122 -61 48 108 -108 15 29 -58 -79 82 -111 91 110 120 96 -28 -100 37 89 119 46 -14 -70 30 67 -92 57 114 67 -21 108 21 50 -2 61 -52 24 24 105 -122 97 83 -34 -77 -35 93 -114 41 -46 -116 -99 46 99 -127 -74 17 122 -60 34 90 77 36 109 -2 50 -104 101 -93 -81 -119 -110 -17 -37 93 -40 -11 -6 71 84 -20 -57 -10 -8 -121 116 21 103 -24 -86 107 -112 -17 -69 -76 87 -123 122 55 100 -69 66 -72 -39 -101 -64 -26 -110 41 -72 126 -1 10 82 71 -32 81 -91 -46 41 -61 -9 87 -89 -54 45 -18 55 43 6 122 -33 37 5 44 -68 55 94 125 -30 -67 121 -108 -51 80 71 -34 17 70 74 -68 104 -89 -56 46 -78 61 126 -37 111 -87 -118 -99 67 -7 15 -107 -103 5 -32 -10 57 40 -82 122 75 57 -78 100 -33 -8 -90
e 21 -24 -7 -8 1 -31 49 7 9 -7 13 54 13 3 -5 -3 -21 29 -19 33 4 1 33 2 -29 -14 50 14 19 -14 -1 59 32 -59 19 7 -26 -20 31 21 31 4 21 -25 26 -25 -21 -47 -38 -3 -11 -3 -15 23 8 17 -34 -41 -15 25 13 15 -2 3 -2 -9 21 -9 -13 1 13 -21 -1 19 15 -14 24 -15 -1 24 6 -59 -6 -18 19 18 -7 33 -7 19 -21 -22 2 -25 -15 -2 -21 -15 -6 -10 6 -33 -15 -33 44 -20 -44 22 15 2 9 2 -48 9 -21 61 -21 13 21 -23 17 -36 6 -25 6 3 -41 59 11 6 1 11 18 1 -23 -7 -21 7 19 39 13 15 -41 -28 15 -14 41 -42 6 41 -33 6 -33 53 4 5 65 -1 9 2 9 -14 48 5 -29 -21 -7 -29 -23 7 16 10 -16 -9 -2 9 -49 -9 -49 5 -1 -32 7 21 -4 -7 7 14 -2 13 2 -19 28 19 -14 -16 -14 -37 -6 -11 -23 4 30 -33 1 -30 -4 -9 -4 -26 28 -26 -47 -41 -47 -11 3 4 -30 21 -5 -46 1 19 -26 8 -58 -49 7 -32 20 23 7 -23 -8 -59 30 7 19 -4 -13 33 -42 -37 1 47 -28 -14 -11 -1 1 23 8 1 -3 7 -21 -15 13 -1 20 -3 -59 21 21 19 -27 -1 35 21 1 21 -19 14 25 17 -1 21 25 -68 3 -15 52 -15 -7 33 -20 -9 41 -15 -7 25 2 -19 -21 9 15 3 13 -24 15 -17 6 20 -25 18 -64 24 -44 2 6 22 -9 -18 -10 13 -7 -15 -17 -19 6 -25 -15 -47 24 15 6 -31 -6 -2 63 -33 30 -42 -44 -48 26 22 -64 -15 2 23 16 48 -13 -6 -21 28 33 -23 11 44 6 1 -22 2 21 -2 -9 -7 -48 8 13 21 -21 14 -23 -7 -46 -6 -13 -6 -2 -28 -4 -9 11 -1 -1 8 -49 21 4 -17 7 1 -29 13 9 7 -28 -14 16 11 41 -9 -6 -7 -14 4 16 32 1 9 7 -9 -49 -4 14 -5 2 -41 29 19 15 -4 47 16 -2 -11 25 19 -23 49 -14 -30 -5 -32 4 49 -24 -26
s 000100111111001110000110001111110101010011100010100110001101010010000111
m 2 57 125 -125 -109 97 102 -77 -23 -99 56 37 -61 92 113 -55 125 78 17 13 -48 -25 37 -122 73 22 -99 -5 -75 117 -72 -6 8 -92 102 -99 -19 115 76 77 87 -122 44 -82 95 -116 -76 -67 -76 44 65 -105 -14 98 -16 -2 -34 -50 115 -20 105 -18 -71 33 71 -92 -59 3 30 -6 -95 120 -3 70 -33 34 -65 -65 -25 -66 54 -5 36 -18 -18 110 110 42 -86 -5 125 -126 42 -21 -76 81 -52 -71 11 -47 -76 -56 -80 79 -13 41 -39 57 -90 41 99 -27 8 116 -48 31 -20 50 80 -14 -72 -112 69 -116 -65 84 -112 -26 -48 76 121 -97 -77 -105 -63 25 -7 -114 -78 91 -29 -56 62 -75 121 50 98 -43 117 -7 74 -79 -50 -84 71 104 113 7 110 73 -103 9 -108 42 -101 -122 -114 97 26 -13 68 -85 -84 -29 -32 41 -27 99 20 -58 -119 99 -126 4 -58 65 99 -64 -54 -116 -31 42 7 121 -84 -7 127 108 -6 -67 -90 -40 112 -22 125 -45 69 106 66 69 -106 101 -75 12 55 18 124 109 24 -106 -9 7 -83 102 16 -26 29 -42 -65 -55 102 -71 87 -109 -83 -11 -7 38 13 -37 -4 -106 -86 121 94 -92 99 97 117 -67 -84 -96 23 112 -16 27 96 9 -82 62 34 -64 63 -102 111 62 47 -107 -67 21 -67 71 75 -17 69 -61 29 122 77 26 -124 -92 -10 51 39 -125 -8 -10 -40 -48 -25 54 2 -111 98 67 -40 91 67 125 120 -10 51 -105 14 83 82 -122 -1 104 -63 115 37 -84 11 -5 -8 -83 -98 -120 -117 1 -83 -25 -50 126 43 -77 73 -20 -14 -10 -95 39 22 68 39 -85 -115 -120 33 101 -125 -35 112 104 -56 -83 107 -6 85 55 -56 -106 -26 9 -79 -42 -25 57 -41 78 -7 71 -104 -122 118 34 63 -30 33 9 -100 71 125 109 -3 34 94 -70 -18 82 -76 109 15 30 -88 -77 91 -81 98 -85 91 -4 -92 -107 121 -87 -67 -80 75 -20 -80 -34 -89 -98 -20 -108 127 7 -90 -86 81 -61 -101 -93 -93 81 -48 20 39 20 -23 -33 87 73 -37 69 -79 -18 -119 24
e 52 -6 -12 -14 6 -60 14 -24 26 -24 4 -16 -4 -29 7 29 2 16 -9 33 51 -3 12 8 3 -5 -18 15 22 26 22 5 -18 5 -9 -57 -8 7 7 35 7 7 35 19 -14 19 -19 -37 -19 -14 16 14 -8 20 -21 -9 1 -24 16 1 4 -42 -2 -49 2 3 -2 -9 -5 50 5 2 -22 -5 35 -5 44 29 26 44 32 6 45 13 9 -13 7 12 -7 35 35 23 10 42 63 10 -19 67 38 14 -10 9 -8 -9 1 7 1 -23 -16 8 -22 -2 -28 -22 3 -7 49 -5 -18 6 -2 6 27 1 -27 8 44 -7 3 32 69 3 13 -69 -4 7 -4 14 5 -14 29 29 -26 -7 -63 8 -7 -10 6 11 -9 -6 -35 1 35 -7 -23 -27 7 10 -7 44 7 7 -16 18 12 16 -6 71 -66 -27 60 21 -8 -21 16 -22 -16 -7 -69 -7 -57 7 42 77 -14 42 8 26 8 18 23 18 -26 3 26 -7 -8 -16 -20 -44 7 -21 -7 -7 -7 7 -7 -14 -8 -14 -37 -7 37 18 -29 -42 7 -2 28 -33 6 18 -21 -14 59 -49 -24 7 16 -4 57 -20 -14 5 -21 24 -9 7 -49 -12 14 -29 3 -37 2 -5 16 6 22 -20 14 3 39 34 -5 13 -4 -22 7 29 -5 -35 2 -9 -19 6 -12 46 -3 35 -5 5 -19 -2 -22 19 -1 -5 14 -16 12 8 2 -12 -30 3 -39 -16 -7 -19 24 5 19 -3 29 -14 -5 -44 8 -2 32 -7 -1 -13 16 44 12 2 -32 -23 -3 13 29 27 -22 63 -2 5 -10 -13 29 9 57 -63 27 -32 10 -8 16 22 22 7 -1 -7 -5 23 18 29 10 -6 63 7 -26 10 18 -7 -9 13 -3 -1 -27 -69 50 18 -4 -10 84 -14 7 83 -80 -18 -4 -8 -6 -14 -7 -38 -26 6 -8 7 35 -22 4 -7 69 -6 18 4 -35 7 -30 -7 -16 26 7 12 7 -8 -60 3 7 21 6 12 -26 -35 -60 7 7 21 -57 -7 16 42 8 33 8 7 16 -18 12 42 -37 -60 8 16 -21 37 -20 16 26 7 -7 -7 7 -69 -57 -14
s 011010010111001110000011010110001110101110101010100011100000101011011011
m -70 -110 0 -121 29 -46 25 102 47 80 29 -75 -90 4 28 18 30 62 42 -100 -25 -71 -94 -51 49 68 53 -53 -29 -75 20 42 -106 -39 -57 80 112 -69 -7 125 -75 -84 -110 30 -73 -96 52 -6 44 106 106 85 1 -80 33 -45 9 57 82 97 0 124 -25 65 10 -61 42 25 -21 -22 106 89 36 -1 -122 33 -19 82 -103 -50 -109 3 121 -64 -30 70 -19 -66 -76 -55 -37 52 53 -8 30 71 -27 -57 29 38 -34 0 -55 -10 -82 12 67 19 15 94 -101 -126 44 69 48 -23 -25 -18 99 117 -10 54 59 -107 -50 74 60 -106 69 73 58 70 -37 72 22 -107 50 120 -102 -67 -114 -74 -55 46 65 87 98 56 -54 -70 -33 -12 -37 2 -96 59 -124 2 37 96 -93 -107 -45 -27 -49 60 -121 32 -50 80 113 -88 49 32 -53 -53 -90 -66 -83 99 -53 88 65 49 63 -75 15 -116 -42 -16 86 -73 120 -124 -85 11 -80 -54 70 52 8 24 -51 52 -45 37 68 52 -60 -93 23 92 2 -35 -48 -26 -85 -116 22 -116 -71 21 -57 -32 97 -9 18 -102 -97 -67 -56 -109 -13 -15 71 -122 24 -15 38 -108 -112 102 16 57 124 -112 68 -26 -117 89 -114 -5 12 15 -114 -78 25 -84 -8 -40 -125 120 -70 -25 5 126 -7 13 113 38 26 55 54 98 -80 -56 -73 33 64 -25 93 14 84 -38 62 21 25 -11 -50 -82 33 -70 -49 -36 88 118 -5 -25 73 47 28 106 -38 -5 16 -39 86 -77 -84 88 -73 -87 -127 -41 -11 -68 -118 -104 -61 -6 -53 -39 22 -93 -2 -90 -52 68 -124 11 97 7 -72 -72 118 -3 28 -125 -44 94 -45 -78 -77 58 49 60 -120 -94 53 -64 93 97 28 -21 9 -18 48 45 112 -34 -84 -59 -54 102 -22 -28 40 35 9 -108 76 97 -127 41 17 122 102 -77 -33 -21 99 -23 -2 121 -53 118 -17 29 104 -70 32 -99 -97 -75 -64 -74 65 -77 0 -25 -45 -77 -118 114 -67 -105 26 -84 -57 -85 51 64 -66 -37 -11 -119 -43 -79 -74 -48 -110 -93 -14 -71 68 9 123 84 -111 48 36 87
e 5 12 -10 -8 -12 -40 8 14 -28 14 0 -23 0 -16 24 -4 -5 -15 -27 -19 -56 14 -19 -37 -14 -22 28 22 18 0 -26 -3 48 3 27 12 1 -5 -8 22 -5 19 -22 -7 14 7 24 2 24 -22 -23 -22 25 5 8 9 -14 14 -13 -8 -7 -13 9 -4 -22 10 -5 -10 16 12 -16 -9 -14 -6 5 -22 -2 -5 18 -2 -34 -22 34 -33 34 33 -29 -19 -17 -1 -22 8 10 7 50 10 -29 -27 -30 -22 26 7 -1 0 2 5 -2 8 -13 10 58 9 -3 -58 -10 3 39 19 -22 35 40 35 -25 8 25 10 2 28 -10 34 -19 -10 -35 -19 20 -17 20 14 -1 -14 14 5 14 -28 27 -21 8 -26 -11 -8 0 -19 -2 -59 -2 -2 -8 -40 -46 10 33 21 3 -25 15 -22 0 -15 -35 0 40 25 40 -42 -10 28 -23 61 -23 24 19 -48 12 20 22 -12 30 -22 -45 26 37 -28 -28 -28 0 -61 0 59 11 -23 -5 2 -7 -5 2 7 -19 -33 19 14 -25 -14 -6 -8 2 42 4 -22 7 5 -37 -53 12 -33 -14 -11 0 2 -14 48 23 0 -32 5 8 3 7 -50 -27 19 0 19 -64 -4 -14 2 -5 22 23 -12 18 7 8 -23 22 -14 -23 -1 0 18 -5 -4 3 -33 -27 -27 7 -20 19 24 -14 22 -16 -22 7 9 18 24 -8 3 -22 -14 -27 -1 -9 58 5 22 -22 13 17 7 9 -1 24 -10 20 34 -16 2 1 -9 -60 -11 -8 -33 -13 -2 2 -9 -34 -8 10 -33 -40 16 -17 -27 9 -1 26 8 -5 0 -17 -27 25 34 26 16 33 0 58 -17 -2 21 1 -8 22 -5 -10 -35 -27 -3 -14 -26 22 28 0 -35 -10 -2 -44 29 17 -10 20 10 -58 -14 3 19 33 -22 -20 21 44 14 31 25 -14 11 -10 -28 2 -58 -10 2 19 -11 23 -20 -15 24 -14 -2 28 -14 -33 0 -36 21 -40 10 -8 28 11 0 -16 -2 -41 48 2 -28 -12 33 63 -22 21 -24 37 8 15 -28 0 -22 2 -40 -37 23 28 -28 5 -23 0 7 24 -48 19 -15 12 -14
s 111010001010001100010001110110100001011000000100100010000101011100001110
m 87 -119 -75 -26 49 119 25 24 39 -38 106 -20 74 -85 -85 -7 -110 71 -127 -66 -100 54 -92 123 -48 102 30 124 16 -2 -100 5 50 81 -126 -79 -65 -101 -70 -72 -20 84 8 75 -11 36 7 -107 92 -109 -121 -27 -31 -119 66 -115 2 115 16 -120 28 20 105 77 -64 120 90 24 13 43 62 -35 -18 105 -44 81 101 -23 -51 -20 -35 63 120 -121 -81 -107 99 -10 120 -73 48 112 -106 5 83 34 105 57 9 82 -60 -73 -49 -9 -47 -88 97 58 37 -29 -100 -74 106 11 44 8 -118 -101 19 10 -36 21 8 -95 -5 -44 119 56 -77 108 -8 74 -47 -21 7 -24 22 16 -39 102 114 43 76 -53 50 24 -108 -68 -5 113 -121 -15 -18 -73 -112 123 -125 10 101 48 88 105 -10 -116 76 -23 -98 83 -30 -17 -2 -111 21 -52 -22 -4 -75 -77 108 64 111 -14 19 -84 108 -101 -11 -113 105 126 -112 2 -114 -126 23 -116 24 -78 -109 -41 54 64 -65 118 -5 -64 -126 53 -63 50 -121 44 -53 24 -91 48 18 -122 59 18 116 77 -26 -22 56 -57 56 -58 13 30 91 -9 -67 38 98 116 -118 58 -84 -61 -55 122 -110 65 -111 115 -82 -56 94 -13 77 118 -52 11 -49 21 0 -88 -43 26 -82 34 -96 116 -10 -105 -95 54 -14 -11 -23 -28 83 119 74 18 61 114 -74 -65 -49 -32 35 15 -64 -37 -33 -36 -28 111 -89 -81 61 -32 -127 -39 17 -82 113 51 80 -57 -97 9 -100 -101 -55 -109 113 57 -39 -122 -90 -3 -49 -28 6 109 83 -92 -9 -85 61 28 97 46 -17 86 -58 3 -51 -39 -43 109 55 113 43 -111 108 102 117 -120 94 89 -66 -117 -29 79 76 -17 -86 -78 51 123 -36 -107 26 -33 114 -98 -84 24 1 66 -42 -114 -81 -25 -39 26 -39 -39 -23 82 -3 -99 -118 88 -65 -76 -96 -85 108 15 -127 -62 -117 -20 -3 -79 55 32 -11 -56 82 -70 -69 -120 92 -70 29 -11 -40 68 -15 11 -122 -118 -57 74 -86 -84 -23 -75 -85 -76 -1 -69 65 -99 94 102 -58 77 -67 -66 -51 -87 68 -118 4 -122
e 9 12 -15 -22 -12 -2 23 12 -4 -12 8 66 8 -7 14 -16 -9 21 -31 9 67 10 9 -57 -10 0 2 0 -23 21 14 56 10 5 -31 -4 -14 8 52 7 8 -54 -25 5 -39 5 -10 -1 -7 -24 -36 -43 -14 -34 22 -16 65 12 18 -2 8 14 50 7 -50 -21 9 -32 25 -12 12 -16 -10 -28 -15 0 -18 -15 14 45 -35 5 31 -3 -31 -3 -6 13 -6 28 -7 32 -29 32 -41 29 -7 -41 -8 24 8 -8 -14 -25 49 8 -42 32 14 3 -10 -50 7 38 -21 9 -17 -12 21 -15 -16 -9 -5 -2 7 3 -18 47 49 31 19 -49 -3 7 -20 6 -7 10 28 10 18 15 18 -49 -41 28 21 8 14 -21 -8 5 -3 42 -3 -5 -32 -5 -1 29 -1 21 -7 14 21 -17 -15 21 9 -66 10 5 -2 4 3 35 18 -10 -18 -14 -7 -10 4 7 -67 -4 -14 67 -57 18 57 20 -47 -2 -2 49 -2 -10 5 -42 34 3 52 34 9 52 54 -1 54 10 -21 10 -1 -35 -1 36 7 67 -56 9 -57 -54 12 -2 10 -22 -2 -1 19 10 36 -25 -4 48 22 5 52 12 -31 56 -8 -9 -10 7 -10 1 -9 0 36 23 -14 34 -22 16 -24 12 -49 -14 -8 -14 8 7 -5 -7 -16 -31 -5 -12 9 7 -10 7 12 0 5 31 -14 -7 -2 -5 -24 -14 71 28 -50 9 8 21 7 14 6 -5 50 35 7 21 21 -24 12 -18 14 -16 -31 -18 -2 -3 -14 18 -42 54 -31 -32 21 -42 -29 -12 -21 -41 16 28 8 -2 15 8 -18 -44 5 31 8 -20 -3 -8 -10 -6 -42 7 -28 -32 17 15 29 9 -41 7 -18 8 -17 47 8 9 49 42 -5 -7 -51 3 -7 -30 10 -10 -7 -7 -3 17 7 -21 9 -10 21 -5 -18 5 3 47 -16 -10 49 -5 7 5 18 7 3 -45 -10 5 -21 -35 1 -15 47 21 2 65 -21 4 5 -15 -2 -3 -2 -13 5 -4 -4 -1 18 67 -21 -14 57 21 -63 -2 -15 88 -47 2 -76 -36 -4 2 -34 -18 2 52 14 -10 -54 -21 14 -10
s 011110001100011001011010110111111000010110100100000000010010101110100110
m 126 -112 -79 -96 -102 -45 -71 -67 -23 -97 80 -107 23 -83 -1 52 81 70 114 77 -59 -69 42 -62 6 -127 -110 -13 -10 16 -37 -47 -120 -97 34 -49 -81 -21 89 18 -46 -12 38 62 -125 -125 107 -85 105 -30 -106 127 -24 71 63 -124 87 -42 50 -118 -12 -93 -30 -75 -98 -3 1 84 58 23 121 -58 -120 63 91 -76 -47 -41 57 -41 -77 73 -18 -22 65 87 88 -63 67 -17 71 23 -53 17 -25 6 -103 -94 -59 -35 -37 125 9 84 -33 95 -18 -127 74 -18 119 -6 124 30 -96 29 101 -108 89 44 -55 -55 112 -97 -29 -49 61 -3 23 123 22 -34 88 68 12 -58 -62 -82 95 2 3 -79 -127 -94 71 40 40 -5 -127 16 -51 -78 -67 -26 102 104 33 -46 -126 -26 -79 19 -33 -64 7 11 71 115 -65 -32 54 88 56 -97 -84 -42 -102 -23 11 62 -23 -102 -50 52 -28 87 113 -47 114 -80 60 32 7 -112 -2 89 -41 113 -10 -65 15 84 55 120 -60 120 -105 14 51 101 -17 40 -4 -104 -108 -104 103 -94 55 -69 43 16 76 -70 -69 42 69 -74 51 76 94 26 11 57 -75 -68 -100 26 52 -111 -31 -101 96 -106 47 121 -49 -108 -67 -10 -10 -13 79 -41 -121 -3 -111 -73 20 -37 35 -124 123 37 -57 120 74 -43 -1 73 56 113 119 -49 87 -28 32 -102 -55 63 -120 -88 -108 -112 -127 -95 118 102 102 -41 124 -46 -123 -75 88 8 -95 -103 100 106 88 -29 64 -25 32 -14 13 109 -74 -124 -26 67 13 -46 57 -118 109 -97 24 116 -120 125 -103 -118 -36 122 -11 99 -125 23 -99 52 41 59 -32 -15 83 50 -27 111 118 10 113 59 -83 -116 -7 67 -99 96 1 -29 -54 -16 -12 74 -101 -86 102 -117 -87 0 6 -52 51 57 40 -83 113 107 109 110 119 126 -73 -121 -25 33 116 -6 63 -111 -63 -67 83 -58 -48 53 117 -11 -23 71 60 -6 36 63 7 -104 96 -58 26 97 -45 -68 -87 -80 -125 76 117 -39 33 -68 8 -38 40 -104 118 53 -47 122 -120 -67 103 -49 14 37 -80 -120 -47 -79 60 48
e 1 -9 -10 37 -9 -23 37 3 37 3 -11 -10 -11 46 -35 -66 1 7 -30 1 -25 6 1 -29 -36 -12 -28 -43 9 -2 9 -56 -67 -42 -46 10 -8 -22 33 33 -19 -14 16 -15 -35 15 -64 4 -64 31 57 -27 -8 -12 -37 -21 -28 3 -12 28 18 12 6 46 6 7 43 -3 88 9 51 -21 6 -15 -36 -12 -32 70 -9 -32 -16 42 -23 -13 -30 13 51 -1 51 56 16 11 6 -41 -63 -23 64 -22 5 27 5 45 21 45 -16 19 -23 -11 -12 -21 21 27 -14 21 3 -14 7 -51 7 9 -21 -9 10 28 -10 -16 32 7 -1 16 0 1 13 0 -45 -52 11 2 -15 -72 47 36 -3 3 22 -15 14 33 -6 32 -46 -6 -51 -16 51 29 11 -29 6 6 6 -15 14 -1 7 7 10 7 -9 -10 23 10 23 21 -16 21 -10 -27 43 1 0 -67 10 -11 -42 -10 -2 -25 29 -3 29 34 -3 -28 13 -1 2 67 -6 59 -12 51 33 -12 -29 33 -11 -6 11 35 17 42 65 -14 4 57 -46 -25 33 -1 29 11 9 -28 -35 -56 -2 4 -3 85 -57 -11 -43 -12 37 -42 -33 -3 -30 -11 11 -1 35 46 -6 -4 -1 -12 57 -21 9 14 -37 6 27 23 -12 -8 -11 9 19 46 42 16 -1 -30 -15 -9 -37 -77 -6 16 51 -12 -15 -21 -9 64 28 42 27 12 30 -8 6 -1 19 -3 16 12 51 15 6 15 -64 -3 36 27 51 32 8 -21 16 -19 -49 -20 -36 32 -16 6 -16 11 -3 -13 -6 -51 51 -22 25 -15 5 -28 36 -45 -36 22 -26 16 5 16 -13 45 21 51 -16 26 -15 11 -7 -36 -6 35 22 -14 -3 5 -10 -3 -45 9 -6 -16 -10 0 -21 16 11 6 21 2 14 -14 -13 -7 -11 -15 9 2 14 10 3 6 16 -3 -51 -21 1 40 0 -7 10 11 -51 -1 -2 -29 -7 3 -6 -28 3 -15 23 1 14 -21 6 -10 -2 -56 40 67 -29 21 10 6 -10 25 -15 -1 38 -14 7 -28 10 -25 -4 23 -29 -57 21 -28 -12 -10 -2 49 -1 -67 -11 -7 -10 35
s 010111110010100100111011110000100101100000110000010111001001111100000100
m -126 -125 -56 103 85 42 79 -111 96 79 -86 -11 101 -111 88 -84 66 -114 -109 94 -96 -49 -113 -121 117 123 94 11 120 98 -60 113 21 120 24 -11 -123 66 -80 11 -52 23 39 -17 90 1 -75 52 16 127 -51 -126 -127 -73 -50 126 -119 -103 47 38 -127 -29 -58 49 74 -108 -64 17 -104 -58 113 79 54 -30 124 81 34 109 -103 25 -92 61 22 58 32 79 41 -42 -113 -67 58 106 -72 52 29 9 37 -112 -85 -51 -4 -120 86 -51 89 71 70 10 5 -101 -54 123 -13 71 92 14 -31 -35 -10 -38 21 47 54 -86 22 -45 -27 -112 54 65 -8 25 37 93 99 122 18 -37 120 -126 -57 -13 -16 -104 -120 82 -52 2 -120 75 -101 -59 -13 78 0 -56 96 123 -106 -74 -113 7 -45 10 21 -29 97 60 -114 90 35 -83 -51 99 -80 -87 63 -101 46 82 13 -81 -51 -46 -14 -28 69 -16 -46 -70 10 -88 111 2 113 -117 -71 -19 97 0 -23 98 -112 -51 -18 -41 -67 59 -95 52 -18 71 -124 112 54 -104 -25 -26 31 86 25 1 81 88 52 -70 -58 -50 -64 -121 -33 62 95 -122 -112 -82 -13 95 -17 93 24 56 99 90 -89 84 59 92 -11 53 -58 -14 96 -70 100 -107 60 -12 -5 -109 102 19 -41 -40 -83 -108 -55 -86 13 -13 27 71 -35 -5 25 23 10 76 -41 99 -78 72 -81 22 38 -35 67 -94 94 -105 -19 35 14 36 67 -31 51 51 9 98 -124 -40 -45 -57 -7 -51 119 -42 -91 2 -105 73 46 57 -109 -17 104 -89 -13 -51 86 -115 58 104 99 -62 -106 59 -1 108 34 -22 6 -41 33 72 120 68 -29 -23 73 -57 94 38 99 -49 90 119 -34 117 -92 35 5 -122 -79 33 -21 -55 -114 42 56 110 -70 -35 84 -58 101 74 32 -67 44 -37 4 119 105 88 7 36 25 23 -18 79 -58 101 100 116 -2 -57 114 -51 11 85 53 105 -6 14 11 -113 -88 98 -104 -96 -74 23 26 -88 -64 6 -126 102 102 -34 -66 120 26 -5 63 112 -80 -30 80 67 -61 -23 12 -53 -28 -123 46 37 95 32
e -52 -47 23 -44 47 31 -44 56 13 -56 5 -16 -5 -17 -9 -17 52 -2 15 -12 -5 -24 12 -9 24 5 2 5 9 11 -9 36 -17 36 -15 23 -11 46 12 35 -50 1 10 -1 28 15 -12 -44 12 45 0 -45 -11 -13 62 -12 -7 56 -5 7 5 5 -2 17 2 -15 -52 28 -8 -47 8 -12 24 32 12 5 -22 12 -9 -24 -20 36 40 -30 -15 -30 -17 12 17 27 10 -9 8 1 -55 -49 12 26 -1 -45 -1 20 11 20 29 46 29 -60 -26 4 6 2 13 -6 15 -12 9 -8 26 42 -12 -34 -5 -7 -5 4 22 -10 7 20 12 7 -30 -7 -16 -17 -19 -37 -27 -33 -14 -21 -39 -10 26 7 -6 1 10 6 20 10 0 29 -12 16 -9 -16 52 8 52 16 12 -25 2 9 -23 2 34 -23 37 5 -31 13 4 -13 10 6 10 -9 -7 17 10 16 -5 10 33 -5 -9 -14 22 -2 10 59 11 -7 -11 19 -10 -10 -13 0 12 -13 32 12 -1 -62 -1 28 -7 28 44 6 -44 0 -17 -5 -12 52 9 21 47 2 28 44 -11 46 70 17 0 -5 -10 -13 44 -36 28 -56 21 1 -5 -12 28 17 -24 -44 56 5 0 51 -9 -21 -44 -24 45 56 5 -20 21 -9 46 22 -54 -10 -52 15 -1 -47 -31 -14 43 10 -8 -10 1 -12 51 12 -7 36 -45 -5 15 11 2 12 46 -15 10 5 36 1 2 -27 12 -15 12 45 15 -22 -11 12 -20 -46 -34 30 -5 22 -29 13 -20 -9 15 -30 8 -8 -17 26 19 27 1 -7 12 -20 -22 26 5 20 -2 -4 -33 30 -48 17 31 -12 -27 -9 9 -12 -8 34 -26 -12 14 -1 -9 10 20 -34 -7 29 -20 7 9 -4 16 8 6 33 -12 -7 52 9 -16 -7 -34 33 6 5 14 10 -29 10 0 -6 22 -16 -7 -10 -10 -16 0 -9 33 -16 -19 -14 -52 23 91 7 31 7 -28 21 -21 23 -11 0 -31 17 16 13 -10 52 -10 5 -7 -9 9 -6 -2 2 -45 -6 -44 31 -9 0 13 2 -13 -10 51 12 9 17 1 2 -10 46
s 000101000011011011010111011100001011000001011110010100110010011001001011
m 42 2 -104 123 -40 -121 45 114 5 -96 80 98 -73 -113 43 -17 5 -20 42 53 -50 -36 -118 -41 -107 88 -22 20 10 -66 27 -36 -107 -63 107 -29 -89 -86 85 -77 28 -36 -127 46 -54 -68 -8 -31 36 -105 124 96 101 63 -67 -42 -59 -17 -77 -115 -88 -26 50 -76 30 -2 47 55 42 -76 -43 -17 -12 60 99 48 127 77 13 66 107 22 98 75 66 38 49 84 -106 -67 70 -115 116 99 42 116 23 -86 -117 -22 -19 -88 -84 83 -61 87 93 -112 91 15 -79 43 -51 8 42 -85 23 121 -38 96 96 59 -22 -20 -115 -33 -73 -14 96 -122 -125 -4 -119 -89 66 -87 68 -6 78 112 -100 75 78 39 -22 103 68 35 -54 17 103 110 -81 -99 126 -33 29 111 -71 107 -109 72 23 50 17 107 97 -118 49 116 -94 -13 27 -63 1 121 41 -9 -73 -114 -26 26 95 -122 -53 -109 112 24 7 -40 119 -61 -51 -77 -99 -81 -116 -71 111 92 85 69 32 73 105 1 54 -23 96 45 -104 45 -117 -49 84 51 -102 -30 -60 -88 -125 -11 0 -75 127 99 -54 77 -83 62 -19 112 -114 25 -38 -77 92 -12 66 -7 75 -119 26 -90 -2 127 69 36 -29 -63 -95 70 -108 80 -65 47 -109 100 -4 44 -114 -122 -65 102 1 101 -121 108 84 -81 91 -33 -61 64 109 60 110 -84 -23 87 -91 -56 91 -89 -109 -30 45 110 -13 -123 -87 102 90 -75 -73 84 99 54 -54 5 29 -112 -1 18 -61 -54 -107 11 -25 16 29 109 114 65 -43 -75 -30 88 70 -95 -121 -120 28 124 -67 -32 -125 -21 98 10 111 -127 107 -67 -47 -75 23 -67 -11 -78 81 94 -121 -101 -77 3 -75 75 -18 -125 -116 -57 24 111 122 -74 45 -127 94 -94 5 -116 115 -99 56 91 47 29 123 -121 -16 30 75 1 -49 -94 48 105 -15 -83 -66 -70 -67 -58 -9 21 -109 94 60 -21 36 43 -5 -25 -84 24 49 -34 -11 67 -7 -52 -23 -43 52 -121 17 90 -24 -56 -46 -10 44 -122 -80 -22 100 81 95 99 -59 -42 -76 78 27 -52 -65 -124 8 38 7 -5
e -1 0 19 -34 0 5 -34 11 -21 -11 -4 15 4 15 -44 67 -1 15 -58 27 -20 -2 -27 -7 -2 -18 37 -32 -12 10 -9 -20 -23 -20 -37 -7 -26 16 1 -12 -16 7 -12 -60 5 41 21 -68 -7 -20 -17 20 26 22 34 -15 18 -11 23 18 4 49 14 15 14 37 -1 -2 -38 0 37 -37 -2 -21 -25 -18 5 -25 -9 5 1 32 1 -34 -37 -48 27 27 -27 21 12 -26 -38 -41 20 -38 -7 -20 3 -48 3 -16 -26 16 22 -16 -22 -26 -23 1 -7 14 -5 8 -2 -5 10 -37 -10 -42 15 -42 12 21 12 -1 -5 1 4 -1 14 -22 34 14 -40 -27 -40 -8 -21 6 14 -25 -14 -1 -28 21 -9 -3 -27 -9 16 27 -43 22 43 -19 59 19 21 -38 21 21 5 -38 -18 10 -19 15 -42 -19 5 20 -5 5 9 -5 15 -7 -15 38 14 46 7 40 -20 -7 6 20 36 14 7 20 1 20 10 -4 10 -23 27 -17 22 43 1 22 19 28 -7 53 -7 -5 -21 -5 -28 9 28 -17 15 -20 -1 1 -7 7 2 20 -5 -34 10 28 -11 23 26 -4 -7 56 40 -20 1 -15 -37 7 -4 -27 -5 15 -11 28 -1 -18 17 0 9 22 34 2 -20 11 18 26 64 -9 16 15 -20 12 -5 -37 41 0 27 7 2 -12 37 -18 -41 15 -9 7 18 20 -20 23 -37 -26 -14 -47 -16 -2 -29 23 -27 -41 14 21 7 -2 -25 20 37 10 74 -15 -19 -25 18 34 23 5 42 27 1 26 -2 -34 71 37 -43 20 15 21 3 18 -66 16 -5 -20 12 -1 -3 1 -34 -16 7 -27 22 -5 -53 -26 -21 25 -38 -42 -20 -5 14 -17 -10 -1 -73 42 -4 22 -12 -14 26 -1 -49 38 7 -6 21 14 -21 -10 -40 21 -43 6 -9 12 35 43 1 -13 -59 -7 4 19 23 -27 -15 40 -43 38 -6 21 15 -14 -21 30 -1 21 7 -4 9 -5 27 19 24 43 5 -23 -19 5 7 21 36 20 -38 38 -7 15 -15 20 19 -21 28 -5 7 -17 5 20 -22 15 -10 -1 38 -23 -7 -15 26 23
s 001100011100100010011111010010101101100110110000001101100001111111000101
m -28 -58 9 -70 -101 113 -48 -17 -28 -19 -39 89 95 -73 -119 -14 -11 -5 74 -32 97 -38 -41 9 15 -84 111 105 -114 -93 83 15 -81 119 -66 -99 40 -51 21 -79 95 113 107 -127 -94 -67 -42 37 -50 90 101 32 -35 93 -100 73 89 -95 76 102 12 35 82 -80 2 -43 16 96 90 107 -38 -91 -74 67 -45 36 -102 -98 15 64 -1 4 83 -66 -5 80 72 77 -98 46 97 -116 85 -49 -67 52 51 93 -3 -58 -107 93 -14 -57 74 125 -77 -101 -64 42 51 -20 -120 -18 -125 -70 98 -109 -89 82 -69 -24 89 -93 -1 -75 -57 -106 -66 88 20 126 -81 110 23 -125 13 -61 -20 -120 87 -110 126 34 23 78 59 48 -85 -79 -83 69 94 -57 80 -46 9 -34 121 106 -53 24 85 107 65 89 84 -21 73 -13 -56 -119 50 125 23 -110 79 92 24 63 -115 -96 -91 32 64 101 -29 34 -47 60 11 111 103 -124 -118 -125 -74 109 26 96 -52 -14 -76 -91 -67 100 40 124 -35 -10 99 -5 -81 -90 -110 -105 -22 -20 -125 -52 -90 -69 57 -72 4 -117 -111 -88 59 108 -94 -14 118 -13 8 84 24 7 94 -9 -19 54 -67 100 61 -119 -32 21 104 24 95 -5 -110 -70 58 -113 -44 28 -69 -90 97 -93 -45 87 41 62 -25 61 -29 -93 -59 77 63 65 -46 -92 -38 -51 -55 6 -11 101 97 -81 1 -68 7 16 -28 67 -67 -87 94 -9 82 -6 -30 -79 67 -43 -122 53 73 -69 33 -56 91 26 -113 -42 32 85 30 -7 -110 20 51 48 -49 -67 94 -45 -105 41 -51 15 -52 -94 -59 74 -121 81 -107 -64 -14 60 26 -71 42 -43 126 -120 -79 25 86 63 -11 -78 75 -111 -94 19 3 -35 41 -21 71 125 36 63 46 -76 121 18 97 91 102 109 -110 87 50 -90 -98 94 -101 -6 66 -17 79 -64 78 21 -93 -35 68 107 60 -22 -112 -37 5 44 -17 1 -89 40 -127 14 69 51 -6 3 38 -116 6 69 -119 94 -112 -53 23 94 -90 50 0 111 -20 -71 72 13 -33 100 -64 -70 -118 33 -11 118 115 107 72 -76
e -10 -21 0 7 -21 6 7 -7 -29 -7 11 21 -11 -13 -10 -20 -14 -19 5 -26 18 -14 -26 -10 34 19 -44 -19 -14 -61 14 4 3 4 -5 6 -13 -7 21 25 7 -8 -25 -22 4 -22 -44 18 -37 -10 12 -10 13 5 7 -43 29 -7 -31 29 -13 -56 -1 -13 -1 -6 10 6 -18 21 18 43 -14 8 -27 -19 -23 -27 34 23 28 6 -1 7 -55 -7 45 26 -45 8 -25 8 46 -22 14 75 37 -14 42 10 3 -36 25 36 -13 7 13 8 31 19 -6 1 22 6 -6 22 10 18 -10 -21 43 64 1 -29 -3 -19 -23 -5 1 -1 31 -1 7 18 -12 -45 -19 26 -8 26 -20 -27 -20 5 -14 -21 -70 -3 -23 52 36 23 -13 13 -13 15 -36 15 -47 46 61 -39 -22 10 5 10 0 -5 -21 0 -6 -1 6 25 19 -25 21 -6 62 10 -18 3 6 -12 18 -6 54 18 8 -20 -8 -44 5 44 -61 1 -61 -3 56 12 -5 45 -19 -5 15 19 -8 -47 8 4 -21 4 -18 52 -18 -12 -13 -30 -19 -10 8 8 21 44 -5 7 -61 -18 7 -3 -12 11 -6 -5 -42 4 19 15 5 31 11 26 4 13 14 -18 -10 -32 12 50 14 -12 7 -14 -10 -7 19 -13 11 -14 7 -13 -4 -25 10 5 -41 21 -28 -37 -14 -25 -18 -19 -22 43 -14 -37 -29 4 28 -31 5 13 -2 -26 45 6 68 -31 -45 -22 -1 -18 37 -14 -38 10 -18 -23 13 -43 -1 -7 40 7 -31 38 13 1 -1 -8 6 49 -46 -34 56 -14 47 -8 -3 -29 -27 -50 -23 -21 -1 1 3 19 7 -36 6 -45 17 -22 8 8 10 -27 46 21 14 -41 -20 -3 -16 -5 -36 21 1 -13 1 -18 -8 -21 -12 46 -6 -26 -22 -18 -47 10 -12 -21 -21 -26 52 1 -20 -23 -19 5 13 16 -1 30 18 -23 21 -12 13 -10 -26 -15 5 44 47 0 30 -21 -6 -58 52 25 -23 0 65 -13 -15 -71 -15 -25 -63 -47 -21 18 21 -10 -8 -52 -5 -63 -8 18 -33 -6 -8 83 -25 -44 -5 -21 -61 19 -31 -3 -8 5 -6 4
s 111100101000110100110000000001010001010010011110000001101110010110111010
m -116 -35 -97 -83 -86 -19 -125 55 -30 -126 99 -54 -24 11 -19 -51 -82 71 89 -2 122 -74 23 0 25 55 78 57 -92 102 -21 38 25 7 -111 89 -3 102 -70 85 44 -120 -60 -4 17 -66 -124 54 -29 98 -31 -121 25 -116 123 46 -7 120 -105 44 -43 32 -118 92 49 115 102 -21 55 -122 -64 -90 21 31 -21 -41 -94 14 -119 -26 54 40 78 25 -49 -32 124 -23 -42 5 -99 -64 99 -41 31 44 22 -105 3 4 -33 55 28 -70 -51 -72 73 6 -86 -86 -119 -92 57 -115 -27 -59 -8 -103 -18 7 7 -52 -47 10 -33 111 57 -61 -26 -98 62 11 18 -112 -80 -63 -10 126 -104 -51 66 19 11 85 -109 55 -119 -45 -98 -126 -20 20 -50 -7 127 20 87 -8 48 -104 -11 -94 -109 -72 -79 52 16 -11 106 -71 -90 -91 -82 -77 50 -99 -7 -96 -18 -112 98 50 83 80 47 74 -40 -99 -37 119 70 66 73 15 54 -21 -37 47 70 77 5 19 119 105 37 42 -71 -77 44 20 -71 118 -104 -107 100 89 -20 -12 -85 -11 -15 46 -19 69 48 45 -57 95 3 -19 -120 -88 -122 73 -123 40 110 109 95 -70 -31 -53 46 19 27 2 -92 -73 7 116 95 -74 -84 60 103 62 -107 55 91 -38 5 -77 -86 -125 -9 -90 -85 -86 -94 -124 79 38 23 -96 -54 24 23 79 -31 60 65 8 -107 8 -106 -100 -3 -27 -29 -63 99 -117 -36 -116 84 -60 -86 24 -111 -2 91 85 -116 54 -14 -10 118 9 -102 -17 75 -87 -2 101 113 -25 -34 1 13 -39 -20 -79 27 -43 45 -115 99 -122 -24 -26 59 6 90 9 21 -32 85 -118 14 -87 12 -5 123 -18 46 25 -57 119 -16 99 -49 23 -40 88 -80 -54 8 -28 49 111 41 44 19 87 23 -88 -20 53 41 54 93 93 39 -59 52 57 -12 55 -1 -108 -105 107 108 124 -28 15 107 -16 -106 -43 96 54 9 -82 62 -112 -51 -111 -65 -76 -27 45 49 -15 43 91 26 -25 96 32 -110 48 -85 -65 -13 1 80 87 66 109 -63 -107 115 -81 -6 74 -62 2 58 -60 -86 -71
e 8 17 -12 40 17 -8 40 3 14 -3 -21 -7 28 17 28 -10 8 10 43 21 -1 -19 -2 14 19 36 14 36 19 -6 21 -7 2 -34 -43 38 7 3 37 -26 3 -39 26 36 18 4 20 -2 20 4 7 -4 -3 -5 -40 -7 -9 3 -7 7 21 7 -15 10 15 -2 -8 2 21 17 -21 7 22 -5 -13 -49 2 17 19 2 -66 -7 -48 9 -78 -9 -8 2 8 -28 26 -6 -11 4 -1 -11 -26 1 -18 21 3 6 -3 -6 7 -3 -7 56 -7 -23 43 -15 16 43 2 -16 -13 -21 -7 -5 -12 5 -29 7 -35 23 -2 52 10 48 1 -11 9 -1 7 8 7 25 5 -25 10 13 14 -52 1 -48 -36 3 18 -36 -6 -45 -17 19 17 -7 6 14 -10 11 17 48 -16 17 -10 7 12 -53 -5 -12 -8 -29 -8 14 23 14 -16 43 -7 17 1 2 38 -7 -1 38 -25 1 0 10 0 14 -52 57 -6 10 6 2 -18 -7 64 44 -37 5 -7 -62 -39 10 41 15 48 15 2 -36 -2 -7 -10 1 37 8 0 39 31 14 15 -73 6 -2 49 -2 7 21 -38 5 40 -7 -37 3 43 -39 21 2 15 10 19 -48 8 -36 -28 -17 -19 -5 40 19 4 3 -36 -3 -21 19 3 -10 7 26 10 -43 4 17 2 20 19 -26 22 -36 4 -7 -19 -20 -7 -7 4 28 -43 -3 -15 2 -5 2 34 -7 -8 4 -15 5 -20 2 -13 4 -21 8 -3 -7 48 3 -7 -16 7 -2 7 -32 -48 -6 19 9 -11 -21 8 -28 -7 5 3 -7 13 -6 -2 1 29 48 3 -35 9 14 -43 -30 -7 -16 -5 -6 7 -13 -25 7 -1 -28 10 -3 -7 -52 -6 -5 10 -7 -29 1 -6 -23 -9 11 -50 25 16 1 -10 7 -7 48 5 25 42 29 10 -18 23 54 17 -43 10 -7 -39 18 -7 -7 17 -17 -35 -7 10 -10 10 -12 -52 -49 17 10 36 14 18 -12 6 -17 -8 2 -7 27 65 -10 7 1 -48 -17 0 36 -10 -14 -14 -11 -2 8 0 -7 14 -14 5 -7 33 -37 17 17 39 -10 -38 -15
s 001111011101110101011001001011010000011011000100001110110111110011001001
m 12 -19 -69 -37 -114 -58 90 -107 102 36 -26 73 93 112 -75 -66 -99 -24 -87 2 23 24 -13 122 -106 -3 -60 -41 81 47 42 94 -84 -97 -114 50 15 127 21 52 -22 110 90 50 40 -46 -57 26 9 22 75 78 -30 -1 124 -125 -20 -41 -86 -75 -71 3 -48 -65 98 -3 71 -27 -11 105 -62 2 -24 -89 -96 -112 51 -112 -24 -99 -61 -117 106 111 -23 -12 98 -24 -44 59 -59 102 52 90 -1 -32 36 71 15 38 -42 -27 -23 9 -11 -11 107 -112 107 103 -25 -1 107 -36 76 -23 -78 -119 -110 -57 -65 114 -102 11 41 -102 -101 70 -51 -14 -116 115 127 -45 -20 -15 12 -127 -117 -38 -113 119 -20 -94 -11 85 109 -10 -73 -80 -85 11 -78 -10 -65 -26 58 54 118 -23 -99 108 -99 -75 55 55 99 116 63 -23 -99 -39 18 8 -7 8 -8 -118 -63 116 -27 33 -56 33 -1 80 -108 65 20 -14 -82 117 -9 -61 -57 -24 20 36 7 -82 -30 -124 -62 92 31 -20 100 -109 -107 -76 108 -44 -37 54 -13 -100 65 -5 6 -49 -34 77 -29 94 -86 11 -84 -68 127 -106 29 -23 125 70 -37 -1 58 -78 -106 87 -52 -114 -47 79 10 -63 68 43 41 6 -34 -113 125 -54 -42 -118 96 -30 94 90 63 -102 23 55 -49 66 26 116 -73 49 -63 123 100 67 72 -22 -62 0 -27 88 -113 -41 -114 -67 -9 -74 -21 45 9 -121 -37 -52 -112 27 -82 -98 -31 -22 57 69 47 -125 -93 -15 -34 1 51 -106 -24 -63 -6 -8 -43 73 -111 112 -119 -115 12 5 -36 -10 -30 53 -97 -44 32 46 -101 38 17 -52 -79 76 -42 -72 -122 5 -98 -85 -119 -23 -61 74 50 124 96 -25 4 80 85 119 114 103 106 126 56 -63 -37 72 65 -29 -102 -50 -102 17 -109 -62 81 23 105 -70 53 -85 120 71 -2 -18 42 -76 -27 -20 88 -110 99 -21 63 18 -47 56 41 51 -28 -116 20 18 0 66 -32 75 126 101 36 -55 53 -105 -69 36 -63 -46 93 107 -49 54 2 95 -33 -69 7 -60 116 125 -100 -35 -96 -19 -3 18 94 105 -114 67
e 43 -6 2 -10 -6 16 10 -32 -7 36 21 7 -21 57 -3 -57 -11 43 21 12 -1 9 -2 -7 -9 -36 -48 -3 21 18 21 1 16 -1 21 -47 21 -10 -6 8 10 -68 8 -23 -39 23 0 -12 0 20 -26 20 -14 27 10 -2 -9 -32 3 -9 21 -36 -1 -57 1 24 11 3 50 6 10 11 -9 -5 -27 -3 61 -27 -30 -45 -6 -1 6 1 58 -1 14 -2 -14 5 -8 5 -21 -23 10 21 0 -1 -9 20 9 4 -14 -4 -9 14 9 -5 -3 -7 -32 -8 -21 -22 -3 57 44 10 44 -21 -2 21 -21 9 21 7 -45 8 -2 -6 -24 2 1 -24 11 -33 -18 -34 -5 -55 -13 27 -13 -8 1 15 -18 14 0 18 4 0 57 -10 66 -16 5 16 42 28 -42 15 21 -3 -21 -44 -2 -21 21 2 16 -21 -25 -7 34 -7 -24 -22 -7 3 -26 -16 44 -11 5 -44 -34 -1 -7 -16 7 48 -22 -48 -18 -2 28 -16 0 26 1 57 6 -1 16 6 -68 -42 68 35 15 35 12 -18 23 26 57 1 -17 -11 7 -77 -6 48 35 33 -18 12 32 16 -36 23 -44 -1 -10 -21 -6 -32 21 -68 21 -2 35 57 21 12 11 3 -26 17 -21 1 10 -9 -20 -32 3 -14 -21 21 -10 -57 1 8 -11 -21 -41 6 -2 0 -9 8 -10 3 -23 -2 -21 8 -9 1 -20 3 21 -14 -1 -2 10 -3 46 3 -14 23 -1 5 0 3 -27 -20 -10 45 14 -2 -6 10 -9 11 -3 -45 -9 -1 -13 -5 3 1 21 -10 -14 1 2 24 9 -10 -28 -4 -45 1 21 6 9 -7 1 4 -22 14 -9 21 -5 7 44 -27 21 -50 1 -21 13 -9 -44 -8 -8 21 2 9 21 24 5 -7 -11 21 -22 34 -21 -24 -42 49 11 45 -21 -34 -18 28 13 0 -7 -8 -57 22 -21 -19 24 0 -7 11 -57 -3 34 -16 -21 13 -87 -2 8 15 16 -2 -48 -7 -7 -2 -18 -57 -16 -16 16 7 -44 -42 -7 -1 -15 -3 -7 -18 21 53 -21 -1 12 16 -18 26 -7 48 1 -7 -18 6 -41 -29 -68 -21 44 -35
s 001010010100100110101010101100000111001001110001000100010001111011100011
m 55 11 99 -28 52 -32 27 -70 83 61 -112 -80 -26 -30 50 83 -9 -91 75 -82 -51 -55 -21 -11 -12 -122 0 -73 -18 70 74 -65 97 -101 -56 7 -73 -97 -30 -127 55 76 108 67 2 6 58 47 68 -35 21 78 -84 -103 -38 2 -103 -44 -114 65 -9 51 -96 13 111 -37 -111 -44 70 -66 -83 -123 26 109 -77 53 -125 -48 -26 -63 -66 69 68 58 105 -45 79 39 -43 54 78 -102 -69 -88 -90 5 71 -35 -70 11 5 -9 18 21 107 119 -110 35 94 -72 -19 -20 56 -104 87 107 38 100 -77 -79 -60 -106 -63 -76 121 -2 23 65 -96 1 15 -108 -19 36 -32 -75 -122 -72 84 123 -61 -113 90 -66 31 -104 -16 -115 124 -42 -109 -84 7 -3 -9 126 -118 51 -96 -15 36 4 -53 -53 -95 -91 -68 -124 -94 87 -15 35 30 55 73 -51 -46 -93 91 -116 1 107 127 -71 -122 -30 -16 -50 53 -18 -76 -92 14 -109 -64 10 33 75 31 -107 49 -95 14 -48 110 -75 -113 -88 74 -52 -50 112 33 -48 70 104 44 1 -52 -9 -21 72 -89 64 95 -10 -103 -82 -68 -71 -70 -102 110 10 2 71 114 32 23 -48 124 65 -98 65 72 -89 58 -112 -18 98 0 77 121 57 -57 -63 120 84 -50 -118 -101 -20 -88 96 -23 4 24 65 108 39 76 80 51 61 106 -3 115 -28 85 -35 -64 109 -1 -56 67 -55 79 76 -3 -34 -95 22 -10 97 -73 -124 -126 40 -7 13 -101 5 126 99 81 -8 78 -61 -34 -35 74 -41 -53 31 92 12 -108 -113 80 -57 -78 -59 108 66 47 -54 77 102 -66 -93 -79 -64 40 -63 -48 54 125 -72 23 30 51 82 -81 -105 -13 97 9 -109 64 -96 19 -41 97 75 56 -118 -38 12 -2 127 54 66 -25 76 -104 84 50 -71 103 97 87 69 96 -11 -19 31 -53 -104 -74 55 -56 80 73 120 76 2 67 -9 -112 77 -92 -48 -4 -85 70 9 -38 -53 -82 -28 45 -90 52 80 108 -60 83 -1 -125 41 74 -123 105 22 -42 123 -35 -55 59 11 53 -88 53 34 99 -35 26 -71 37 31 -88 -29
e -8 46 -37 2 10 4 -2 -28 -8 28 -8 30 -8 -12 23 12 8 -28 1 19 1 -11 35 -19 -23 -47 20 -47 0 -29 0 31 63 31 -1 -27 16 -49 13 3 70 33 -3 -6 -26 -20 25 -29 25 -10 10 10 16 9 2 3 52 -28 30 -52 -23 -30 -9 18 9 39 8 33 7 -10 -7 -2 11 -48 -27 54 -12 -27 0 -12 1 -31 -1 -7 1 7 38 -19 -56 -50 -3 31 5 6 28 -11 25 28 -5 31 58 19 -49 -8 3 49 -3 -36 -30 -2 2 -9 47 2 -33 47 8 7 -8 44 -2 44 31 52 -31 -63 12 10 9 -58 1 9 7 1 -34 -38 -28 14 -48 -14 -8 -27 8 -10 -31 -4 -37 -5 28 -14 8 -28 8 -30 -7 -2 31 -2 -22 5 22 42 -48 -23 -28 -8 37 -28 44 -37 4 -56 -4 -8 2 8 30 2 -30 -23 14 63 -7 -28 1 7 63 1 10 -8 -10 0 10 0 29 -17 -56 63 34 -10 -9 -7 -27 9 -2 13 -33 -22 33 2 -4 -2 -31 -14 -29 10 12 -1 13 8 -10 33 -10 0 -2 2 29 29 -28 -63 -10 -8 -7 -42 -9 -31 -13 39 1 -33 8 -19 2 12 11 29 -8 -47 -10 10 -16 -9 -2 11 -10 -28 47 -16 -8 0 -49 -12 31 -3 8 1 -6 10 -19 25 11 -3 7 47 -6 -2 0 -35 -52 57 -10 -30 -4 16 9 19 49 -33 69 45 -38 -6 -18 -48 -25 33 -27 10 -11 21 16 2 -1 49 -52 17 -30 -12 -3 -9 -1 31 33 -7 -5 7 -38 28 2 48 -5 57 27 -8 12 28 -31 -1 -5 -2 7 8 -2 -38 -3 47 -48 31 8 42 -5 -44 28 -47 -8 5 21 -10 -8 44 -9 -3 -31 1 -31 -2 -28 -5 17 -14 47 1 -32 8 -28 4 -70 14 14 -31 8 28 2 -13 -7 -2 9 2 -1 28 30 28 7 23 -14 -45 28 -12 -22 -37 -10 -4 14 9 14 -45 -28 37 29 -7 -4 -63 -2 -8 -7 -22 -30 1 -4 23 10 -14 28 0 47 -1 29 4 10 16 -8 0 -9 -41 -29 13 36 -63 42 59 7 2
s 001001000011011111011010100001000111011011110001111000000011000001100111
m -43 112 -123 -20 -110 42 50 -114 -102 -39 52 87 -122 24 14 -13 44 39 35 -74 108 -101 3 -17 19 47 40 -38 43 49 109 -12 -51 -12 108 -60 50 -38 -20 82 -32 -86 80 -22 17 -70 -72 2 -114 22 56 49 41 -83 -102 45 127 -111 80 -123 -92 99 -88 16 -99 4 -82 87 -56 -127 70 -15 107 111 122 -114 -60 -62 85 -57 39 6 86 115 25 -29 12 -69 72 -46 21 42 -110 -116 40 95 -119 -89 -54 26 24 117 -13 -45 92 118 86 -71 -48 -71 18 -111 -23 -47 -47 -64 -91 -45 83 103 -70 60 -33 -118 -5 97 -120 -97 -20 -100 -28 -10 -32 104 68 -82 -16 65 -103 -114 73 -21 -103 17 50 10 60 37 39 -12 -28 109 54 -69 100 110 17 117 -74 -57 24 -39 -87 -115 -64 21 112 95 46 62 -39 -67 -103 14 35 -119 -76 -32 27 -23 -55 12 30 -45 31 -7 48 92 65 114 58 127 3 -12 65 -16 58 36 -35 -93 6 -68 38 119 -65 -66 -63 105 82 -15 120 -110 -115 16 -43 116 68 46 22 110 117 -29 21 -86 -39 -125 -45 72 -69 -78 -86 81 58 -4 8 19 -121 47 21 18 18 61 66 -63 -87 31 -100 101 64 75 -125 110 -15 -126 112 -15 -5 35 28 -61 -101 -20 79 -50 14 61 25 -43 -53 5 -118 123 -69 -103 46 -126 109 16 50 -47 -119 94 96 41 -66 4 4 72 -77 50 -117 -10 48 -24 119 52 44 -73 121 12 -98 21 72 -65 -66 11 -21 -73 124 -119 -126 35 57 69 -123 5 44 29 -28 -68 -94 -80 -82 15 92 -83 120 -99 -102 84 26 107 -54 23 -57 126 -67 64 18 63 -75 -109 110 -25 -34 91 79 -11 -20 21 50 123 -116 81 -13 -18 50 -71 60 114 37 -82 -123 -68 -117 -61 27 -43 104 102 85 -21 104 25 109 -43 6 119 101 1 -126 61 108 -109 -115 74 8 31 -4 -54 1 26 -4 -105 114 -8 -36 -40 97 -68 -94 83 38 64 -105 32 117 65 -40 -30 -23 -30 -98 109 3 31 18 62 -3 -9 103 92 -14 104 80 10 -62 68 -59 -31 63 100
e 13 19 3 -7 -19 4 7 14 7 14 -16 24 16 -12 21 14 -13 7 -19 -3 28 -17 4 3 77 5 11 -5 54 -40 38 6 -11 6 -19 -7 -12 4 -9 19 4 -16 19 9 -14 9 -5 -16 -5 -23 8 -20 -12 -4 -7 -14 44 14 19 -44 16 19 -42 -12 -42 42 13 4 5 -19 -5 19 17 -21 19 -5 11 -19 38 11 -63 -11 -35 10 -19 -10 21 -3 11 21 44 -12 -50 9 26 50 -5 -26 21 -20 -33 -14 31 14 -50 -4 -50 12 -19 16 -28 -42 -22 16 -4 -21 16 5 -16 19 14 19 -5 -44 -29 -16 11 -1 6 35 -49 6 -10 25 14 -11 -40 -38 21 38 28 -39 -28 1 26 -23 11 -21 1 -14 14 1 -60 50 -48 34 -12 34 4 -63 -4 9 -21 -13 -7 -16 -3 7 19 -3 -4 -5 -4 -7 -16 7 -24 16 67 -13 -25 32 7 -14 28 -27 -38 28 -3 28 -3 11 1 -35 -40 6 -40 11 -1 -8 4 48 9 4 -34 -9 -16 -4 16 15 -9 14 2 11 2 8 -12 28 9 -13 -3 -16 38 -11 14 -7 43 -2 14 -11 -8 -16 7 -6 14 -6 -9 -14 -22 26 -25 3 -14 12 -17 -2 13 5 8 19 -38 4 -7 -17 -20 35 -34 -12 -16 -38 4 12 -6 -19 -38 -19 -9 -19 -3 14 -17 19 5 -5 -9 14 38 5 58 6 20 19 -19 -12 -42 3 -28 4 -19 19 -11 20 58 41 5 4 19 20 -5 -50 12 -14 -35 4 -44 23 -42 11 -50 -42 35 -12 4 10 -50 -40 11 35 14 21 21 -44 -19 -18 -11 -26 5 35 21 -16 10 -14 16 11 61 21 21 -12 -19 19 -50 -19 26 -21 -28 -21 -16 -1 14 24 -6 -50 -5 25 15 31 14 -50 -16 -38 21 -25 4 16 -14 9 19 42 11 5 28 -1 -16 1 -48 16 -9 34 25 19 -24 14 -48 -13 38 34 28 30 21 3 3 -9 -35 6 11 13 -1 3 -40 48 -4 11 57 -7 -7 -4 24 28 9 -13 3 -11 -7 11 -35 28 -2 4 15 -49 -7 11 -4 24 -40 18 -13 11 -16 -7 7 -14
s 100000011110010110000010110100111001101000101101001111101110110011001010
m -55 -121 16 -39 -1 42 -22 -98 113 -33 1 123 -96 92 76 17 106 -75 49 -97 124 53 -51 -80 17 -71 -23 -93 -9 -108 -119 117 -126 7 45 -109 -29 49 -73 -27 90 -116 -40 8 -111 126 55 16 -108 -1 9 77 117 76 -40 46 -1 26 -82 -81 84 -22 -37 86 -53 6 -43 79 -79 -7 -100 -16 -61 53 79 -105 -58 -125 90 40 120 -12 111 -15 51 -122 -75 -80 -11 -113 69 -65 -18 -41 33 59 -53 -89 -67 -56 -94 -19 8 -49 -49 -47 -86 114 -27 -27 117 9 53 -79 -1 -104 -86 43 -48 115 -5 -114 56 73 -104 118 20 -74 22 -115 -18 99 104 85 -112 102 61 -120 6 96 42 -34 -86 101 68 55 20 -126 -77 31 -124 -101 -62 -120 119 122 38 96 37 -9 116 15 -94 125 -16 78 72 -30 120 -54 -39 -23 88 59 -94 -63 58 -55 -105 -117 -88 18 113 84 95 -2 36 11 33 13 71 17 -70 -98 -91 -5 126 81 43 -111 76 -71 74 104 -74 -90 12 19 -51 -35 46 67 100 67 -79 110 10 83 82 34 -2 62 -15 -57 -121 29 93 -85 65 -29 22 81 62 75 122 94 31 4 -85 42 36 -115 -58 125 -96 -19 -60 52 79 115 -16 -33 -14 -88 30 15 39 96 -13 82 -6 59 -117 -48 -44 80 -97 -107 -77 2 30 -13 -35 -110 36 21 107 -51 -82 75 80 82 -57 -118 123 -114 -105 111 -35 32 20 -11 -121 -18 -1 -107 79 -87 -122 -126 -96 67 118 -20 -29 -25 93 44 -55 67 -25 -48 100 -101 -45 15 106 -53 115 10 122 -33 54 37 -58 67 120 -16 -7 70 -49 109 72 -111 8 85 122 -19 -37 -93 15 -56 -54 36 -30 17 -101 -127 124 18 97 27 22 101 -77 25 115 21 -125 -11 -57 -27 84 -111 -72 12 30 109 104 -59 -14 -38 -122 124 68 79 126 30 98 123 98 -55 -9 4 97 108 101 94 121 -33 -32 64 64 -37 100 -116 -65 124 33 -122 41 42 -101 56 35 -117 66 -50 32 -69 117 -98 37 118 87 123 114 -30 64 39 108 -72 94 -106 10 -75 89 51 -127 21 -51 -38
e -30 1 -29 13 7 27 13 -4 -49 -4 12 -51 -1 9 -4 9 30 14 -40 -45 10 -15 -68 2 -27 35 -15 35 -14 -9 -8 -7 16 -11 -43 -2 -7 6 28 12 6 11 12 10 -31 7 1 -17 -1 -27 20 1 7 -29 13 -5 26 4 20 1 1 24 8 9 8 1 -30 1 -14 1 -14 5 15 6 -30 35 -18 30 8 18 14 7 14 22 -40 14 -10 -45 -18 -6 -12 -17 -8 -7 47 8 -1 -29 7 -1 7 -33 26 -17 -7 -6 -7 17 20 22 -49 -33 32 49 -6 -32 33 14 33 -16 14 16 -20 -1 20 -22 35 -28 -5 -14 -24 -5 -14 16 49 10 -49 10 9 -10 12 48 -12 28 29 -11 28 7 -34 18 -17 -34 -8 -7 8 -27 17 -27 17 -14 17 -11 -32 -4 19 -33 -14 14 -16 14 -27 20 27 -49 22 49 -58 63 51 4 -16 -26 2 -49 10 -31 -10 44 -2 13 -2 21 -28 -15 -9 20 9 -16 34 -8 -29 -8 -28 -29 27 28 -37 33 11 -34 -11 31 -14 18 14 8 15 10 -28 38 29 -11 1 -15 -31 -13 9 14 4 16 8 1 2 -29 -13 -7 -64 14 40 -11 1 -45 -31 9 15 14 -30 -35 8 -1 -8 66 20 15 1 4 -46 7 -1 8 -18 9 7 12 -30 -40 -7 1 -45 1 -15 24 -14 35 7 -5 8 -1 1 -7 1 -20 40 -7 -8 -45 -6 1 12 -20 10 -7 8 -6 -2 -1 -30 -1 -14 -18 -7 -5 14 -6 1 14 -20 18 -7 -8 -14 -17 1 14 -8 31 10 -29 -5 6 -7 1 -30 17 -18 29 -20 -22 15 -22 14 17 -49 -10 24 32 6 -34 42 30 8 16 -29 47 -12 -7 33 -28 17 -27 -5 7 -21 16 -17 -24 -49 8 49 32 -32 -16 17 33 49 -14 -16 -10 18 20 -12 -38 22 28 8 -49 -5 -65 16 34 -51 54 -55 -61 -10 -27 -14 12 17 14 -62 -11 27 5 18 49 -34 -14 9 -8 27 -16 27 -52 2 -17 -51 -10 -11 4 -2 -18 -14 15 -14 10 -14 -35 -2 8 -49 -15 -29 51 29 28 -4 -16 11 -14 -2 -31
s 000110001000101000001110000110101000001101101101000001111111010111011101
m 40 18 -65 113 -117 -75 -80 59 16 20 106 65 23 -107 2 -121 53 -102 80 -42 19 -29 -80 -60 25 28 -64 4 -7 -26 56 119 -112 15 -2 3 38 -68 63 -9 -91 107 55 -77 -36 -36 -76 45 123 97 -73 75 -42 -120 -86 33 68 113 111 28 69 -127 -44 23 -114 -2 46 -32 -5 -11 -23 58 115 -109 -95 -31 58 -63 -109 46 63 -37 -22 127 124 32 -18 -113 -105 -109 106 -125 -53 -101 16 -12 -104 -30 47 -16 15 -121 83 16 -71 -39 118 69 -73 39 23 40 -92 -5 -35 -80 -18 -121 -38 -107 -113 -59 30 -17 -12 -86 -84 43 67 -50 -122 -95 -8 -93 122 -53 -5 6 -92 95 85 65 -110 -58 -65 -107 84 118 -34 20 -78 -3 30 -54 -59 -28 98 -2 -103 18 97 15 -85 40 116 -79 -84 27 -16 -31 -6 43 -53 -27 -68 -35 -28 15 45 74 -102 1 98 74 -99 13 28 -10 -52 68 99 52 -97 105 50 -87 -38 -5 73 31 71 -80 -86 58 59 -43 -31 -32 12 -124 -102 63 99 -60 -65 69 -96 -15 98 71 80 -18 22 0 -26 -117 -57 -56 35 106 -76 55 -24 21 -96 21 117 62 87 1 84 81 -125 4 42 -56 -104 77 22 16 103 -39 -38 61 106 35 96 102 -47 44 90 98 91 -50 20 105 -122 80 63 -5 62 -112 89 110 88 107 53 -110 -40 -65 32 -52 81 32 -54 -107 -119 91 -14 -68 -20 105 124 73 -48 -82 83 23 112 -2 99 -68 -14 -25 -49 119 -89 9 -20 69 -81 75 -25 -17 70 36 24 -69 116 87 -76 116 1 -17 -2 -54 -14 61 -3 -38 -64 -1 -2 -62 29 62 29 126 -110 -10 -108 -43 -45 -111 115 -108 25 9 -65 43 97 -76 -76 -103 -91 47 -50 15 -122 -58 -30 -39 -119 -33 34 -41 -46 -115 104 21 122 43 39 -14 52 25 -117 10 -81 -37 -56 115 -76 66 99 -16 32 -76 96 -105 -25 -5 -41 -81 40 123 92 125 -41 4 -40 110 -117 12 38 -52 40 -113 -11 17 -51 -25 -74 23 112 60 -49 76 7 -30 117 5 -113 -48 -59 -52 106 72 99 -41 -69 71
e 18 10 28 -34 -10 -6 34 18 -11 31 -21 25 -42 -4 -15 -4 18 -24 -2 -56 9 22 -37 -7 -26 -4 0 -25 39 -34 -7 14 1 19 70 -12 -28 22 -38 13 22 -1 -8 -32 23 -68 -5 -43 5 -14 20 -14 28 -19 34 -51 -15 18 -46 -15 -21 46 35 4 35 -22 18 -2 -21 -14 -5 -29 -22 -26 1 4 -2 1 7 -2 13 -14 -13 -7 -2 -7 -18 -37 -16 -26 -8 -61 11 -32 27 14 -5 -14 -3 21 -3 -1 -28 1 -18 22 18 66 46 -34 2 -39 27 -2 -2 27 22 -5 16 -14 29 -14 11 25 -13 34 2 8 -71 -13 35 59 15 35 5 -16 -30 -25 -26 -6 -60 -1 60 -8 -14 5 -18 -3 3 -22 -1 30 -4 -18 4 -2 61 -9 -28 -11 28 -5 27 -2 24 16 28 28 -38 57 -35 11 -6 11 34 11 -35 2 25 -2 35 -5 -3 5 -9 -3 -6 -14 -7 -67 7 0 -8 0 23 59 -23 1 -3 -20 19 4 38 19 2 46 1 -46 -1 23 5 -23 -40 18 40 -20 -4 -9 -38 18 7 1 10 -5 32 34 -23 40 18 -1 20 -21 3 35 34 14 -38 18 -2 -11 -21 37 23 21 -22 40 -18 -4 -27 10 -7 -19 70 -22 -14 18 -4 -28 21 -7 -22 4 14 8 35 -2 -32 10 37 -42 -22 8 5 -4 32 -29 -7 -5 15 -14 -14 60 -2 -34 35 -37 22 2 8 46 -16 32 -35 26 -5 -2 -1 -14 5 2 -28 29 -20 35 15 -7 46 -2 -26 -35 -13 61 -2 7 -11 5 16 -14 -29 26 3 -15 -9 -1 2 -14 -11 13 14 35 7 -14 -5 -16 18 -27 64 61 16 1 11 -14 -14 27 -60 3 -16 13 -1 14 -59 -18 -11 35 -61 -34 -5 -11 -2 6 55 71 -28 16 5 5 -14 6 -18 11 -60 -3 -34 -8 -4 2 59 2 35 3 -25 5 4 -2 -6 -2 24 60 28 28 -8 10 -6 59 -18 -11 -3 -28 -23 -27 -6 -1 -2 -14 -3 -28 25 -9 5 -2 -7 18 -24 0 -28 9 40 6 45 20 -11 0 -19 -25 -23 38 -2 -1 -1 -24 3 -23
s 100010110101111010101010100111110001001100101100100101111000000100001111
m -35 -125 41 20 -88 99 70 -43 53 64 98 4 98 -34 -35 -103 32 64 -81 -120 73 -17 68 -32 80 -54 126 90 -91 21 -96 119 1 -84 52 -34 -98 60 -75 -93 8 -81 38 -51 -111 64 42 -99 -57 -100 25 -80 37 -111 48 67 -106 56 -63 -43 51 113 -89 -90 -1 118 13 124 10 -116 -13 8 61 -98 -125 3 -28 84 18 -68 -95 -104 21 70 91 112 -79 124 99 -49 -40 -28 -91 7 -76 -4 -42 36 -120 -92 39 -11 124 99 7 24 -116 -125 -66 -84 99 -101 54 76 -105 -120 87 13 -36 -16 10 11 10 -92 -12 -102 1 -19 7 -52 37 18 -111 -87 77 -95 64 -34 -66 -82 -92 -60 79 -106 -106 -93 54 69 90 96 -16 43 99 118 -29 110 14 38 -127 -58 65 -39 21 -18 6 -82 -38 -12 -30 13 9 -56 64 22 -86 -17 -31 60 105 21 -122 104 -22 31 8 101 24 -9 -105 2 114 -47 -88 -107 -120 -105 18 -104 -80 126 65 55 -46 62 90 -33 -81 17 -120 124 -20 89 117 127 107 -92 30 -86 -59 -125 -68 123 -12 -15 37 103 105 75 110 117 14 -104 -45 -29 72 41 75 -96 -91 -36 -56 77 -101 53 77 -99 102 5 103 -123 -71 47 122 67 -50 125 47 -102 -6 104 -85 95 -83 -21 42 20 57 -82 -88 43 18 110 -7 -65 24 -77 -51 -17 -110 80 -38 108 -34 -7 69 -60 1 113 41 62 119 -56 -16 -78 -109 -46 121 -109 84 71 -21 94 -24 91 32 73 6 -95 50 -127 39 -74 4 -30 71 -36 -51 57 -17 117 -84 -45 114 23 -124 33 37 -56 73 -60 91 127 -87 -1 -72 4 34 -29 -26 -63 -20 26 112 9 123 -103 94 -71 102 -96 112 -53 -67 -29 19 -60 25 -27 59 -2 -35 117 -50 19 6 82 122 -67 28 72 104 -47 30 6 -126 -24 -108 -102 -90 63 68 -24 -77 122 87 -96 111 2 -83 25 -83 -66 125 89 -56 -43 -61 -93 62 86 -75 86 -87 33 49 -53 -9 -60 -100 -73 -49 -105 48 -45 -19 90 70 79 109 23 -83 34 37 -107 113 85 -52 94 116 -78 -75 67
e 12 -11 12 -42 -11 8 -18 -49 15 38 -6 -8 -6 27 -16 27 -12 6 18 -53 -7 -16 53 -43 15 3 14 -3 -16 16 -16 36 -76 -36 -18 -20 7 -1 -29 -19 -1 -32 19 7 33 -7 -15 62 15 -34 13 -34 -7 26 -18 -7 28 38 6 28 -6 -6 1 27 14 -4 -28 -4 -7 -11 7 -9 15 30 -53 -5 1 53 45 1 -19 -36 21 27 -18 27 1 53 -1 30 -19 -13 -4 -21 29 -18 15 -29 -35 -34 61 -14 -7 10 -44 -1 7 -13 6 27 21 1 4 21 4 -4 -17 -7 17 -10 -7 14 11 28 -9 27 -25 6 16 -19 -26 7 -27 26 -6 1 -6 2 30 2 -2 -56 2 6 29 18 -25 35 38 -25 -10 42 -26 -7 49 -34 17 -77 15 -4 -15 18 4 -19 11 17 -12 -6 -10 17 56 -9 8 15 27 -20 4 21 -4 16 26 -1 -30 -6 -8 20 -2 7 -28 2 28 -14 6 -14 -16 -7 19 1 -38 13 -26 -26 -29 -26 -34 -41 -32 -44 -32 -33 35 -33 -62 -25 -62 -13 -30 7 -29 12 -28 32 -72 -30 -59 -18 16 -62 38 -1 21 6 -20 33 -18 70 29 -38 18 -71 6 53 33 -27 15 62 -12 -3 13 -11 -16 -26 -18 15 -34 38 -3 7 45 16 1 -27 -36 -34 -12 -30 -7 -11 -53 -15 15 19 9 3 -7 7 -16 37 28 36 -44 -6 18 19 -1 -60 -7 -4 19 -6 -1 7 1 30 15 4 53 -34 -7 -1 7 -7 -19 -1 -38 27 -55 1 -7 1 19 -13 -41 -62 4 7 1 -29 7 -30 -35 28 53 10 1 -32 9 -19 35 27 27 10 -21 45 7 8 -43 -13 17 -53 -4 10 -29 4 2 -35 -17 6 10 -10 7 7 -9 33 13 27 -6 -4 21 21 -4 -26 15 -23 -21 -18 10 2 -48 9 2 -38 -53 -17 26 -52 -7 34 26 38 -4 6 26 16 -2 34 6 2 15 12 6 18 8 7 25 -15 -38 -12 16 -26 -8 -1 34 15 20 15 4 7 18 -16 -28 25 6 -14 -12 -7 -66 8 28 13 -15 14 -26 4 16 29 -16 -1 32 -6 -20 -33
s 011111001011101000010111100100000010011000010000001100010101010000001100
m -31 70 -74 48 84 -53 6 -6 127 117 112 99 -9 127 -105 8 -75 86 65 -50 -51 28 127 -84 82 106 -27 13 -49 40 -40 -63 -35 -101 14 -78 -19 -52 6 11 -112 46 88 -74 -116 -26 78 90 58 -13 -3 -9 -90 63 -19 116 52 49 49 55 -73 -58 25 121 0 -18 58 73 -75 101 82 64 -25 39 26 80 10 -38 62 -13 103 -124 -125 -29 -83 43 -49 22 -18 20 17 46 31 38 17 -100 119 38 119 66 -31 -8 102 -29 107 -117 125 -75 -36 122 103 110 -47 11 4 -62 112 22 79 118 -81 83 108 -49 83 15 58 -22 -21 110 89 -82 -99 93 116 -76 88 -45 -60 52 -115 110 60 85 -9 -101 77 21 23 101 28 -108 30 20 -59 19 24 121 127 126 -26 -80 26 67 -92 5 66 -38 11 71 -92 -17 109 -71 -23 21 78 -104 -95 -64 90 82 38 44 116 -123 -113 33 -8 -82 -55 -33 77 -94 -42 16 9 33 51 95 88 -51 -121 51 -42 -56 55 24 85 -120 96 38 73 -49 -31 30 -92 -109 125 -116 2 -53 -109 -100 -89 -125 80 -120 -54 -84 104 97 -125 -32 -125 38 -40 -37 -48 18 -25 -69 28 44 -118 56 -66 48 -25 -103 5 -7 85 -48 -113 38 -76 -83 -68 60 92 21 102 -4 -61 -88 120 -48 -73 121 -67 -44 103 -55 -91 47 -84 85 -10 -38 72 -4 -79 -30 47 55 -77 86 -3 75 122 -42 -118 119 -52 86 22 -102 73 67 67 36 34 -115 -119 25 -49 25 -67 -110 110 -78 69 25 -112 48 -102 -81 51 40 112 102 -23 35 64 -33 -25 118 17 104 46 -2 -25 126 -75 34 -34 -14 -22 -16 -84 83 94 -84 54 -12 40 -67 105 16 -46 -17 4 -55 11 74 62 -21 9 88 -87 110 -62 -13 88 31 -75 -75 2 -101 77 -53 83 53 89 75 -116 -41 111 -70 -97 53 108 101 65 24 1 -63 -96 -18 -69 -51 -114 -14 42 21 -41 -65 113 -115 60 48 -91 -75 -55 99 34 122 122 -122 33 76 75 -8 -91 40 -96 10 -127 63 -89 -118 -127 -96 -3 39 46 78 -70 -64 -75 11
e -51 42 -16 -6 42 -9 -17 -33 -19 6 -8 30 22 7 41 19 -28 1 -13 -20 -29 22 20 2 22 12 -7 42 -5 3 -5 -34 -29 -34 -42 34 -27 68 -35 3 46 16 3 -23 -10 -34 46 28 46 -8 -22 -12 -17 -7 6 32 9 6 4 9 8 -4 0 7 -22 4 28 -4 -20 42 20 32 -25 18 -14 12 12 14 5 -9 -30 -34 30 -22 13 22 16 44 43 30 3 10 19 23 -8 -19 46 -8 11 8 -11 2 17 2 -15 46 -15 -10 -4 -14 8 0 -23 8 -16 -23 -5 42 -5 10 -32 10 -4 -9 -4 -21 9 47 13 -30 -49 13 -22 -49 -39 16 -39 46 -18 -40 48 -14 -48 -20 15 28 -2 11 36 -2 -2 -21 -45 -15 27 21 10 17 21 19 -21 28 30 -41 -1 -12 16 -1 14 16 -9 4 9 19 14 -19 30 -8 -30 41 -49 29 -49 -47 29 34 40 35 2 48 2 -7 -20 -7 -3 -13 3 31 21 3 -7 27 6 -7 -17 6 16 23 16 -10 -28 10 28 2 -49 3 -7 -29 -6 -28 -7 -16 -42 -7 -10 6 3 -28 -6 -29 3 -8 34 7 6 34 6 -6 13 41 8 -20 10 7 -22 28 -28 12 -3 -42 35 28 -6 -22 -8 6 -12 -17 8 5 -46 7 34 -3 -28 13 23 -62 -20 46 -22 -3 20 -12 -23 32 -5 46 -43 -34 8 -32 13 -17 0 20 46 -4 -4 4 -16 -23 0 18 -51 -4 -14 -8 20 9 17 42 -91 46 -9 22 -4 9 15 0 -30 -10 -4 22 -19 20 16 8 32 18 11 9 14 -2 9 8 4 -30 11 -14 22 7 -8 -16 15 23 -18 -10 5 20 -19 10 -8 -23 -53 -15 -5 20 -2 10 13 18 -15 78 13 -14 -39 -28 10 -40 -23 -49 -21 5 -39 -45 -10 40 -37 4 -48 -21 -14 -20 -27 8 13 -17 -49 -21 -30 -39 -27 -41 -40 17 34 48 -21 -57 20 28 -9 14 -2 -19 -21 -16 3 27 9 29 -17 19 34 21 69 29 -28 41 -2 -2 1 -24 -16 29 -28 47 2 3 19 -7 7 -30 -8 -6 -56 29 -16 -1 34 25
s 111010101000001111110011011011111101110100010110101111101101100010111100
m -26 48 60 -57 -111 -13 -29 55 -43 52 -83 -108 -46 -45 -48 -64 -48 -42 40 69 97 -109 -42 85 -36 5 93 84 117 -13 124 -73 -79 102 -106 96 28 -117 -115 -126 -85 36 46 37 36 9 31 -85 16 103 118 127 36 -24 117 -27 89 -51 109 113 -35 105 86 -97 1 71 -112 -17 -13 82 -91 -112 -13 -21 -84 -75 -84 -31 -54 34 -99 -43 117 -33 8 10 32 43 -127 91 122 -20 -37 -77 -73 -27 3 -67 57 -15 -46 113 22 -64 -58 -62 70 -46 -39 19 -17 1 69 68 56 60 -47 46 -21 34 49 11 -13 -6 -113 19 100 60 69 -112 107 -32 112 -1 18 34 93 31 -59 -60 98 72 101 -117 -39 -5 -76 33 -66 15 -42 113 1 90 -83 10 -91 -120 -71 106 -48 43 -51 126 0 -65 13 -77 -5 81 -34 115 -24 -125 117 7 58 -72 -113 115 -117 -37 -120 -106 4 98 108 12 -98 -104 -20 -28 110 -57 -21 84 -9 3 36 126 -93 -33 -44 107 31 47 0 -49 93 -44 -50 81 110 -120 110 33 -35 85 -3 -70 78 -105 48 -105 -67 -16 102 18 114 -110 -62 -60 19 -83 11 -94 71 -98 -75 18 -40 -92 109 -95 73 105 16 -68 -126 114 -70 127 24 -91 82 -103 123 -61 27 -79 -91 -32 -51 -9 -80 -25 -17 -106 77 -84 -40 60 -97 38 -105 -80 -79 -49 71 88 52 76 80 -86 73 26 -40 -60 -67 85 13 97 60 -57 -106 3 -46 90 100 106 65 74 -74 58 90 85 85 40 7 -25 -125 -22 58 -36 6 -12 -94 -18 80 -53 -46 -110 -70 -104 -46 109 49 91 75 -113 -5 22 85 -91 46 60 -59 -91 0 0 36 93 -98 -58 -61 63 40 -54 -52 49 79 110 -34 -85 -108 44 44 6 80 95 -71 10 23 109 120 44 -7 61 -83 76 -80 121 -12 -35 -83 78 37 115 3 -65 42 -110 4 -95 -122 -126 126 -52 -33 -66 2 125 79 -54 -34 -70 -26 -76 -28 37 -79 -93 76 67 52 -77 -94 -45 -26 91 30 -52 -52 64 18 120 -65 -37 23 -97 -109 107 83 23 103 -88 -81 -98 -63 45 127 23
e -14 42 -12 -10 -42 21 -10 45 7 45 -24 -21 -24 -28 71 -28 -14 0 -7 23 4 -12 -23 18 -12 34 -25 5 -48 -8 -48 -38 -3 38 7 -17 -20 -35 3 8 -35 0 -8 -8 -21 -15 3 16 3 14 -29 14 -20 73 10 -43 -6 -46 35 -6 -24 35 1 -28 1 3 -14 -3 -11 42 -11 -24 -32 -47 0 -5 -30 0 62 35 65 -45 -65 -5 -22 5 -12 23 12 19 -8 -20 6 8 -16 6 14 -16 -29 -46 29 -20 -25 20 -7 -35 7 -18 -67 11 -60 1 45 15 3 45 0 11 0 5 24 5 -30 63 -12 11 30 2 28 65 -1 -33 5 3 -39 -12 -16 53 -19 -28 -46 0 -46 -2 -16 -23 -14 -41 -23 30 20 23 -4 7 1 -28 -18 9 -21 -6 -21 5 -51 -42 37 0 -16 0 -7 -12 12 12 12 7 11 -38 21 -15 -21 -42 1 -3 17 16 11 -17 28 4 -18 46 -21 50 2 25 -8 28 -12 33 23 -29 21 1 3 -21 -9 -3 -16 -21 0 21 -5 -21 -16 -14 -16 -55 -28 4 39 -14 18 0 42 25 21 -10 8 -57 45 -3 29 -24 -46 21 14 -38 -3 -45 7 0 -24 -23 -21 -28 12 -16 23 -5 29 42 48 -21 10 -12 14 -45 5 20 31 48 -35 -31 -38 41 -14 7 8 -42 23 -3 -12 -8 -11 5 8 -24 48 -3 -6 38 14 35 -7 20 1 37 -51 -3 8 35 -28 -8 1 -19 -3 15 0 14 11 30 -20 24 80 35 -6 5 35 30 41 -1 65 -18 3 -5 -6 -12 12 -35 24 -19 29 6 0 20 -30 16 12 -65 -29 -11 -9 -37 15 12 7 45 -19 -18 19 -28 -6 5 -16 -45 46 -29 0 -2 20 5 28 7 -12 1 -18 11 -16 -6 15 28 -45 -1 29 0 -16 5 -5 28 -14 12 46 23 -17 -2 1 15 28 -9 -1 -23 21 16 -1 42 -28 9 0 54 -21 12 31 5 -12 -28 -14 7 -32 12 -8 -1 12 -3 -9 -7 -17 -21 -21 -4 -5 -42 18 -14 0 -25 -12 4 16 12 18 29 7 -25 -21 37 8 3 42 -3 0 0 -17 -32
s 101111110001100011001011011100011110110000110100110110110111001000010101
m -90 -54 3 -1 -13 -94 -111 -72 -106 119 27 -94 -95 124 -123 -73 35 -70 -56 19 92 124 -115 77 46 83 20 -17 64 88 -44 68 -56 108 -50 -35 -95 71 66 -78 6 24 -57 -27 -83 -64 -51 -51 6 21 -23 -15 19 -16 113 7 121 -23 14 -65 122 90 -103 -37 114 1 -61 -50 30 -29 -8 89 88 35 82 110 -58 -35 53 33 -44 -75 -57 -102 97 -91 -80 27 -78 -109 96 -93 118 -87 -125 -92 -11 9 -45 -48 54 -49 123 -24 116 -25 -40 -31 6 124 92 -89 104 59 42 119 38 0 -61 18 32 29 -106 -65 -67 40 -68 -80 -12 119 84 74 -123 7 86 -114 127 -39 -77 99 66 115 -50 -19 126 19 -57 21 103 32 110 -39 104 -10 44 -116 108 75 121 64 -59 12 26 -61 7 -69 105 -95 -70 110 15 -95 41 -37 110 108 48 82 -68 99 -113 116 44 94 -107 52 57 -115 96 65 -125 -97 70 125 27 -127 66 17 -43 101 112 -67 109 -85 90 21 94 -17 98 -109 -103 73 -93 5 106 -1 -85 101 -60 100 -4 -115 -38 54 103 -94 -1 82 -77 119 15 -32 5 127 90 8 50 73 31 64 79 68 -110 -24 58 88 -118 -87 -48 33 -117 103 -73 -96 51 3 117 -108 67 -55 -5 -83 9 -90 42 -17 15 -57 49 -64 77 -109 105 101 121 1 122 -8 5 -126 103 -116 79 109 36 89 -41 86 -92 -103 35 -19 -45 -24 -44 55 126 120 107 -87 -21 120 40 114 -83 78 18 35 -89 -15 33 -56 81 67 -18 96 -69 -41 -74 -53 -123 29 -99 -19 106 111 -110 83 7 17 92 37 17 -92 -47 -41 1 47 -117 17 -119 -45 -35 99 -11 -21 -59 104 10 -30 102 -113 97 25 3 -55 6 -65 9 103 -30 36 45 38 -36 -90 53 -58 -79 34 -29 40 16 32 116 58 112 117 -67 121 -74 -101 79 -110 42 -77 -1 76 54 62 -59 -51 -85 55 -101 -79 -95 8 -62 -61 -103 28 -93 -37 63 -81 -119 -66 83 -51 -84 -2 4 -112 46 -127 90 108 -9 -71 96 -33 -43 1 111 80 32 -8 17 51 -76 -30
e -31 -12 -7 64 -26 -14 1 3 -33 -3 -28 1 24 21 28 -21 37 -1 15 24 58 41 -17 4 51 -15 29 73 -39 1 47 7 -7 7 15 -5 -17 5 -19 -50 5 15 -69 -14 -27 -14 6 72 -7 14 -1 -19 19 -38 -1 1 5 3 6 -5 -24 6 -14 -21 14 37 -31 -1 0 -12 0 1 41 1 15 -15 29 -15 -39 -31 29 -7 29 -59 -15 -59 -31 17 -31 -1 50 -3 16 -14 8 -16 6 -31 -7 -14 7 -9 17 -9 9 -5 -9 -3 13 -14 8 -14 -23 8 1 -23 -34 -7 34 -26 1 -16 -30 -5 -30 -14 29 17 -49 -29 -7 11 -59 -22 -6 -31 -6 -37 -1 35 10 15 -10 28 -8 11 -2 7 35 2 9 -35 -39 -35 -54 66 3 -68 15 16 -15 17 -27 28 1 34 -3 -1 16 -3 36 -30 14 -33 -14 33 -1 8 1 -28 7 7 5 -6 -58 5 35 -58 4 10 -4 -18 -17 18 1 -11 1 7 -35 1 14 39 -19 -14 -66 -44 15 -40 15 -27 -11 27 45 2 -45 -14 -21 58 19 31 -8 -15 -12 18 27 1 -24 -45 3 7 1 24 31 14 -1 8 -19 -3 -15 15 -24 17 -27 -33 41 -45 -31 15 -1 12 39 14 1 -41 14 -21 -15 -17 -24 39 -6 -21 7 -50 31 28 17 -12 17 6 41 -50 0 -15 14 7 -39 6 26 -7 14 -6 -15 17 14 17 -5 1 -50 -6 61 -14 -14 -1 6 1 15 14 0 29 -17 1 -29 5 -5 59 6 -29 -9 -32 -35 -3 1 69 -56 0 -31 8 -1 -1 -7 5 -15 -9 -29 -8 -30 -29 19 -14 59 9 8 -31 -9 23 21 3 34 31 -16 16 8 -23 -26 -7 34 -17 17 16 11 -9 30 -7 28 14 -32 -16 15 35 23 -7 15 -34 6 -11 -16 -35 -2 59 -10 35 -15 -17 -39 8 11 -66 7 35 1 6 -39 28 35 66 -4 10 15 -3 17 -11 -14 11 -2 -33 -35 -3 -1 39 -14 7 66 -33 5 -15 1 -81 11 28 -4 -5 1 -18 -3 -58 -45 14 -4 -1 33 -18 -14 -42 1 -19 -45 -15 21 1 -5 -64
s 101101110101000100011111010000011011101001101101101110000100111111000001
m -99 -22 -18 -79 126 61 87 -112 23 -67 -65 110 -109 -120 -81 -28 -98 108 73 -118 -14 125 -48 -39 -13 25 -54 -54 -28 -55 -2 29 50 -127 57 -28 -70 75 74 64 -47 -70 -74 64 -38 53 97 -54 -87 -70 -5 -82 127 45 -95 28 -93 63 -59 72 125 -26 6 -10 22 -121 57 34 -127 22 54 -44 72 28 62 -48 -84 -85 -26 34 46 -38 -60 -91 -102 126 -89 -58 71 -85 37 -59 98 125 -38 119 -17 -37 -49 51 -23 84 88 -65 127 -117 -75 96 109 -56 -68 74 50 10 -124 55 -107 32 73 98 1 -37 124 -31 122 7 23 37 -5 -102 58 117 -73 -8 -43 41 -76 67 -113 83 -117 126 58 105 -127 54 101 -110 110 91 -37 -57 -7 -101 -25 11 16 -94 -88 -25 -54 126 58 -58 14 99 61 -79 65 -24 109 33 102 -97 -112 79 -92 7 -21 -56 -29 86 107 61 -82 -75 95 98 42 -77 -31 -73 -106 -22 -85 -79 -92 34 -6 6 -67 30 44 65 -108 53 73 -14 10 76 35 108 114 9 76 -28 5 -33 -106 97 20 4 60 -36 -100 -10 -73 -35 -98 -3 -44 82 -25 34 93 -9 73 -113 -97 38 -29 -18 -43 -115 -104 -89 -103 -62 10 54 9 77 59 -12 -120 -46 -31 -55 -73 -122 -86 -6 -24 -126 -99 -63 108 -96 -67 -27 123 67 7 -119 59 -83 18 127 8 20 38 -121 0 -21 -112 74 -100 27 107 -108 -79 11 -102 -44 122 17 -89 1 49 98 110 -48 -26 -54 56 -71 0 73 50 58 -75 -26 78 2 11 79 6 -30 -67 112 -120 -31 106 -73 -89 -71 101 -20 -86 -83 -77 15 -75 93 96 -84 -85 -8 -95 -15 -93 43 -111 127 -66 96 -90 -77 -65 -56 -93 37 -3 78 97 -62 -41 22 59 105 -103 -28 -46 59 18 74 -126 -97 -59 43 116 -35 -14 7 -27 97 -54 -112 -63 -119 -60 56 -123 -18 82 85 18 -7 99 -100 53 2 -110 -10 -100 -114 54 55 100 -119 1 55 -80 -18 -92 -51 -62 59 -51 -101 24 74 -62 68 -116 -37 88 -35 2 -84 -75 -105 41 -36 87 69 90 99 -33 -26 -89 93
e -50 20 -21 -9 -20 1 9 41 16 41 26 19 26 -5 16 -5 -50 -13 0 -16 29 11 -16 2 -11 28 -20 -22 -2 64 -8 -8 3 8 0 -22 19 -42 -39 33 48 -4 -33 10 38 10 -15 31 15 -1 -6 -1 -19 30 -9 -1 -7 -41 0 7 -26 0 -20 -5 -6 15 85 -15 -7 -20 7 1 11 39 -14 -22 -21 14 -2 21 18 8 -18 -2 0 2 -6 -16 6 -25 56 -7 -10 10 -27 -10 24 -27 -21 1 -43 -14 -19 14 33 42 -33 7 0 7 7 -6 -49 -7 15 -44 52 7 -52 33 -25 -38 -3 -7 -3 -13 30 7 -9 -18 -7 5 -2 25 16 6 16 72 -25 59 7 -14 -7 7 -27 2 8 -21 -6 8 14 6 22 -33 7 -70 7 10 -13 10 -13 2 -44 16 -16 -52 16 13 33 -16 1 -3 1 -16 7 16 -19 -9 -32 16 7 3 22 -16 13 -22 59 -13 -2 7 2 -20 -7 -32 49 -5 49 3 31 5 -30 -7 -47 30 10 -39 4 -41 4 -34 2 -34 -31 52 -31 -5 6 13 39 50 -2 9 -20 -20 34 -52 49 48 41 -30 -5 -26 -25 36 9 18 -39 41 0 4 57 -42 34 -5 -11 31 -50 -22 5 -20 2 30 9 -12 -1 56 -22 19 26 -2 42 -5 8 -33 -50 0 10 20 -16 15 11 33 28 -22 10 1 2 -15 28 -8 1 0 -50 49 6 16 42 -15 33 0 -6 47 6 -25 -15 -24 14 34 7 21 -19 1 -18 42 7 -2 23 21 33 -6 -18 -7 -15 63 -20 7 36 -33 1 25 -21 -7 -14 14 -21 -27 -3 -23 -21 7 -2 -33 7 6 33 44 -25 -14 52 55 10 33 -27 -44 7 21 52 -7 14 -33 -5 44 29 -7 7 7 16 -10 -7 59 44 7 -13 -64 -36 2 -33 -59 -8 -3 -7 6 7 33 7 -7 -5 10 7 6 -19 -16 7 49 59 -10 -13 51 13 -16 7 31 -1 -5 -8 -16 -6 16 -49 7 31 3 10 -21 -22 -13 -19 -13 -2 16 -2 8 13 20 -16 13 -31 -1 -18 -5 -16 -20 30 -19 -49 -39 -16 3 -4 13 -22 -34
s 100110010101011000000000110010111100011101001100110101100110001010101101
m -10 -78 -40 -32 39 96 113 19 -73 31 -107 19 107 114 10 89 -63 -81 -80 69 15 107 97 30 -70 5 88 -28 -61 -4 27 123 119 0 33 -16 90 -35 103 -76 -54 107 105 68 24 -29 32 -38 104 97 103 -124 -24 -25 102 5 17 -98 49 37 35 37 57 55 -88 92 -1 83 -64 19 -64 -101 -114 -119 -121 56 -64 -57 -73 122 33 55 -47 73 -106 -74 43 126 78 -94 -52 113 -35 93 -43 71 -75 -107 113 -85 -86 1 -55 9 -58 -119 62 124 34 49 31 -49 75 21 -112 -12 67 -34 -81 -40 12 -6 -52 76 46 -94 56 89 107 -98 -33 -101 -115 17 7 -113 92 89 -107 -40 9 61 54 -115 -15 125 82 107 101 7 -35 -3 50 75 -65 22 110 -1 99 -69 -41 -65 -68 -9 117 102 30 102 103 97 31 15 -58 -34 84 22 80 -88 -21 17 124 -33 -30 79 -10 122 11 -7 -34 0 36 -123 97 -34 27 -6 -21 60 56 124 -60 98 -108 -32 105 93 -39 -63 26 -65 -27 -111 15 34 -127 64 79 -27 40 -123 -52 -90 -87 -78 -102 45 97 -3 22 -54 10 1 -73 -106 -10 -78 -95 -39 -39 25 91 -105 -93 -115 -59 118 -115 125 29 -82 63 45 62 -108 28 124 49 64 -70 -49 -105 -119 1 -88 73 -82 33 48 101 31 106 32 -60 -85 120 -22 38 28 53 -57 4 37 -34 75 1 123 69 -14 51 77 -49 -29 -40 31 8 43 -42 -4 -31 -79 -40 -19 -49 120 -8 -88 87 -79 67 116 -114 -109 117 -39 97 -79 59 23 39 -62 -67 45 111 -83 0 -3 -126 80 -70 -80 19 -98 -32 -18 65 -50 87 -48 -90 -95 -38 33 -13 -21 -76 122 -106 -17 -41 -68 88 -116 -108 126 -80 93 68 -99 70 18 -117 -57 -88 57 41 -67 57 -50 -55 -60 29 -124 -66 -2 4 38 -122 44 123 -37 -109 -55 -123 80 -47 -28 92 9 32 -21 -82 -41 105 75 119 84 19 66 69 89 19 -93 -92 39 -56 9 -39 50 -36 110 -40 -8 61 -25 -53 -72 77 69 -31 -9 -43 -88 -102 -108 119 75 -83 -66 79 -123 120 7
e -1 17 -19 9 -17 -17 -9 20 20 17 -1 -19 1 -49 -8 -49 -1 -54 29 85 7 52 61 28 -52 -25 22 5 24 -19 -34 0 -29 -1 -30 -27 -21 -48 -35 28 -31 22 -28 -26 -7 26 7 -3 7 -4 -8 4 35 -28 -9 -11 -7 -17 30 -7 1 30 -1 -70 1 13 -9 13 -28 -35 -28 5 -52 28 -37 -5 0 -37 24 0 -42 0 29 17 29 -17 -16 61 -16 28 28 -42 -34 -26 -3 31 -7 -3 59 4 -59 -8 21 -1 55 -31 -51 -42 33 -58 -19 1 -11 -28 -13 19 50 -28 -50 -6 -5 -29 14 -7 -14 43 0 2 -6 29 -15 6 -17 29 -36 16 -7 10 28 -10 0 37 0 -2 -3 -24 -7 59 3 -7 1 -17 -4 -51 4 -1 -42 20 8 -31 -8 24 11 9 54 50 19 54 6 19 -17 -41 17 20 -43 -30 -17 19 17 -8 15 48 -14 -7 -7 14 16 -9 -27 8 27 -22 2 -22 4 66 -4 -29 3 -8 -22 -4 35 -22 -1 -35 -22 -8 22 7 32 7 3 -7 -3 -8 -49 -7 -66 -1 -27 -22 17 -22 7 -9 4 -14 17 29 -8 31 -14 -22 28 0 35 -17 29 23 1 -61 7 49 -62 3 -1 -5 -8 17 -24 22 -9 -52 -4 17 -5 -21 -1 24 -31 49 0 28 1 29 -26 -17 61 7 52 -45 -28 5 -26 5 -24 7 -7 0 -4 30 29 -21 -35 61 31 -38 -28 30 16 26 1 -55 25 13 -50 4 -30 0 21 5 29 31 15 -17 30 0 -51 -1 29 42 13 -17 31 -28 -16 3 -5 28 -62 -7 37 1 49 -12 14 -29 -59 43 35 1 19 38 -51 11 -28 70 -50 -37 -31 6 -3 11 0 59 -50 -2 1 -6 -6 51 14 15 42 -43 -7 -31 -19 10 11 -15 -8 59 -7 24 6 -10 7 14 0 -3 43 -15 -44 -19 6 -1 15 -3 17 7 4 -8 -10 1 54 0 8 -27 -2 24 -17 -6 -7 -20 3 19 4 -4 -28 29 1 -20 -14 28 17 7 24 -8 -27 7 71 -30 -19 -7 3 -17 -27 9 20 -22 -22 17 4 -35 8 29 22 -54 14 -21
s 010111000011001101101111000111001101100101000001101111011101100011100000
m -71 118 -61 -31 36 -11 22 -82 12 26 -96 -105 -12 -4 -98 14 -70 52 -70 60 -101 -64 48 30 -1 3 -108 70 6 -30 61 -101 26 31 26 -120 106 14 69 -29 98 -74 -48 88 114 50 -13 15 -54 9 71 -92 22 -67 29 -117 -60 19 100 -13 59 106 3 9 -20 -61 -113 58 -125 73 22 -102 -101 -81 29 61 43 93 -105 65 110 -70 114 -112 -16 -47 75 42 -7 29 -32 84 33 -90 -9 50 -44 -76 -16 18 81 93 -79 80 -40 127 44 -29 46 -94 34 -56 -14 -40 -22 58 125 -112 -31 -99 18 -38 -25 -19 6 -6 78 32 -99 91 93 68 -47 76 -3 -82 -55 70 3 87 -122 118 20 -125 -48 102 2 7 13 2 -25 -84 93 67 -30 -111 63 100 -83 -24 87 -53 54 -34 -54 35 -102 99 118 -101 50 -34 109 101 54 -105 115 -23 116 115 -120 26 108 65 11 54 6 19 8 76 -84 -44 -47 -5 -28 -27 85 96 -117 -95 121 -82 -64 -90 77 -28 87 120 -41 8 53 -7 110 -96 -45 -126 -103 87 79 111 -65 122 113 97 58 -114 -39 57 100 115 -9 22 -75 44 -12 23 46 81 -86 -122 -105 38 -9 32 116 -67 20 12 -15 -117 -59 80 69 87 72 -27 -73 88 122 29 -15 -96 77 114 -15 -90 -120 -67 50 -59 -94 90 67 -41 -126 106 -18 -13 45 -22 67 -90 -99 -14 76 59 99 -72 116 110 20 46 -17 44 -126 81 -43 -53 79 64 -56 -97 -104 65 -90 33 -100 91 -115 109 -77 -83 -42 -26 -74 6 -120 102 86 0 52 73 0 93 -41 -76 -115 124 -56 -32 70 -87 -21 59 110 -41 -41 -47 110 126 -42 -76 64 36 -91 -102 56 92 112 -53 76 73 65 -3 34 47 -45 96 -121 -35 -66 5 -2 -112 16 -79 14 27 37 -25 -1 49 96 -113 -3 15 -4 121 -70 84 72 14 -109 93 -23 -120 81 110 -68 97 118 6 -36 32 100 80 -72 69 -63 27 -116 29 -13 -69 -95 -66 -46 2 126 -84 -60 -54 53 52 48 35 13 69 -98 -28 8 -125 -26 19 19 28 -47 18 -103 -127 -30 47
e 14 -32 42 11 -59 -32 -11 17 -7 -17 11 17 20 -8 -30 4 14 -47 -14 -34 -2 -1 -34 7 -56 11 -5 3 -16 -17 -6 20 -16 -20 14 27 -13 14 -25 28 13 -36 26 -41 7 -41 12 12 12 -16 -8 8 -13 23 -11 -16 12 -23 -41 17 -11 -41 -15 4 3 20 14 -20 6 -32 -6 -16 -1 0 0 3 -36 0 6 -36 68 20 68 -23 -23 -23 7 -34 -18 0 26 -26 21 41 -42 21 12 -8 7 -8 -7 -22 13 -22 39 13 -35 30 -79 6 -14 3 -32 14 37 13 28 6 -31 -13 76 -13 6 12 -22 28 -36 -42 -4 68 -3 4 -23 -3 13 -7 3 6 0 6 1 0 -1 28 -8 -6 -2 -14 43 -2 70 -12 3 -35 -3 -12 -26 12 2 -29 -2 6 13 -42 46 28 42 -46 13 42 10 6 10 -7 -6 7 -17 14 -17 30 3 -16 -27 -3 2 -27 21 2 27 -1 -7 -5 28 -39 -17 -4 17 -16 -12 8 -23 -3 25 23 12 25 36 -2 -65 7 -6 -7 12 2 -12 8 -4 2 -25 -14 -7 36 -32 5 7 11 -17 12 -17 -16 14 -11 27 -23 20 -20 -25 -17 -14 -36 11 -37 -7 4 1 -12 -14 3 8 32 6 -23 -11 1 -8 17 -3 -13 -11 -6 -13 -4 -20 -26 18 -14 41 32 -34 12 -1 -26 -6 -3 41 16 6 12 -12 21 -8 41 -14 20 -3 -34 13 20 -26 -41 7 -44 3 0 12 -20 0 8 -6 -36 13 -16 -68 13 12 23 41 -36 35 -3 -80 26 20 -29 -21 -20 -7 8 16 -3 -7 -12 26 -22 38 -8 6 68 7 6 23 22 14 7 -35 -13 0 26 28 0 -21 -13 8 13 1 7 28 -28 -22 -13 4 -35 -6 5 -26 -6 3 21 14 -6 -13 -3 58 -28 -3 6 34 6 -2 6 18 12 -6 28 -24 -19 -24 12 3 12 -17 -3 -3 30 -6 -12 -46 -1 2 -42 -28 -47 -10 4 -2 -7 -12 -42 -17 3 -10 -16 -68 7 27 2 17 10 -6 -30 -7 2 -46 5 -54 2 14 10 -7 8 -11 -5 39 -41 25 -25 -30 -23 -36 46 48 7
s 110001010111001110110010100001100101010001101011111101111000100100001111
m -34 39 56 86 33 45 -14 91 -123 83 -66 24 79 28 62 26 88 -34 -55 102 -33 108 99 29 -94 -4 1 9 89 -115 67 72 108 34 50 -106 42 22 100 -42 47 -120 -54 -92 -117 82 19 11 35 7 17 -87 -21 2 -1 4 9 45 87 23 -73 2 -54 93 23 16 123 -15 -42 -85 -52 92 51 -96 7 -50 -33 75 36 50 91 -100 49 -56 123 -107 33 -93 24 86 -12 -101 -76 -46 63 -101 75 -106 -37 124 -25 104 63 117 -106 67 -40 -112 -29 -113 27 126 20 125 75 -48 72 -60 60 66 80 62 -82 -79 -31 48 -85 -29 110 -93 -53 -63 106 95 18 -65 -63 -97 -59 9 -51 -20 -28 -43 -48 9 -45 101 102 32 -76 -18 -74 0 -96 -105 44 14 -72 -94 125 23 -91 -56 90 -116 -113 -40 -34 -51 126 -46 61 95 48 -120 31 -93 73 -11 126 98 -124 -21 -25 30 -32 55 -87 -118 -113 -3 89 -109 39 122 -71 8 105 -65 67 112 5 75 -8 -116 -61 40 105 80 -47 70 -120 -59 -73 -20 111 115 -64 -22 84 -100 -76 111 -34 101 84 -41 31 93 118 53 -122 39 -53 -28 53 -126 -31 -49 61 -126 -125 89 -69 4 7 -102 -24 89 125 118 106 -45 -124 23 34 -41 -29 4 13 -48 125 106 60 20 86 82 11 76 90 -102 -49 -95 83 -98 30 115 105 -53 -38 -78 -27 -56 92 -80 -56 45 6 121 -71 14 80 -97 26 120 24 81 20 9 -33 -69 67 -26 108 -65 107 48 4 19 -39 -11 -100 -126 105 -124 68 35 46 -14 -73 -89 -78 6 -46 69 103 -25 -71 -108 -75 102 51 -106 -17 -67 -121 -3 -78 -102 23 93 -65 -111 -102 123 -53 84 -98 -92 -81 49 -117 -71 -15 61 20 -75 -25 73 -113 -42 -40 120 112 57 88 -38 -82 -57 70 -99 49 -41 117 -5 -27 121 -40 -41 -20 -15 -59 27 99 -37 -124 64 -56 -21 -22 -69 19 41 -98 11 89 99 10 121 80 -101 13 41 -111 125 -6 39 59 -80 102 61 18 120 80 78 112 56 51 8 -74 121 -98 -32 -88 -87 -72 -83 13 -22 92 -120
e -7 -29 19 1 -35 -17 -1 21 -10 21 26 -6 -26 -23 10 -25 7 -16 -18 10 22 -40 10 45 40 8 3 -4 4 -9 4 25 7 25 18 -27 -19 12 -5 -6 12 -12 -6 -13 30 13 -23 4 -17 34 7 -7 29 35 -13 -41 21 21 -2 8 26 -26 -17 -23 17 14 7 -14 18 29 18 -4 -40 13 18 4 -8 7 4 8 -22 -25 -22 57 18 49 -21 -10 -29 -13 -6 3 21 -13 31 21 -17 -31 -22 7 -33 6 -19 6 0 12 0 3 2 -42 5 17 -42 5 14 18 47 18 47 30 -4 30 28 -8 41 42 -8 20 24 22 35 -24 -49 -35 -14 21 14 -8 13 28 -25 -7 -45 20 -31 21 28 22 16 -40 -6 -36 -52 4 -52 -7 -3 7 -35 21 35 8 18 -10 16 -47 -19 -16 -55 -19 -17 28 -17 10 42 -10 -6 -5 -6 -24 -35 7 -27 14 29 81 -8 -22 -26 -25 -26 -1 -20 -1 9 24 -9 73 16 -7 2 52 -47 2 -12 5 -12 35 12 -30 -8 -30 -4 28 -4 -7 -23 -22 5 -7 26 -12 29 1 62 1 9 -4 21 7 7 -26 -27 2 -1 -30 -5 -21 -18 -12 -26 -10 30 -23 40 10 20 4 -7 -29 4 2 1 45 -7 28 -4 19 47 27 20 23 25 6 7 24 13 -29 70 -17 -40 -6 18 4 13 4 4 -17 8 -25 -7 2 -18 19 17 -10 -12 14 11 -2 21 41 17 13 -17 14 7 7 -37 29 19 4 -22 -12 8 49 -2 8 0 21 22 3 -14 49 -21 18 -21 42 -4 52 -22 -8 -7 67 -8 31 -28 35 -22 -42 49 6 5 21 0 18 13 10 -47 -7 -66 30 -31 18 -25 22 -53 -20 -6 -30 -24 0 28 35 3 42 -14 21 -5 8 18 35 -35 47 -14 8 30 -8 28 28 25 -16 42 20 52 -22 -36 7 37 -16 6 16 -65 10 8 -7 -16 25 -35 -45 26 -8 -40 24 28 36 16 19 35 52 -17 -7 7 10 -27 35 18 -22 8 -10 26 -28 20 1 19 -22 4 -17 26 15 -10 1 -2 6 -9 5 -10 -7 43 -16 27 30
s 101011011000111111001111001010110000000100001010001010010100101011100110
m 33 80 112 36 12 83 -73 96 83 63 -58 36 -85 -112 103 -57 -116 53 -62 94 34 45 -28 121 13 58 -22 19 -2 50 -1 -70 -112 116 -48 -65 -60 -6 82 43 -52 -40 74 -65 30 86 24 2 82 37 -47 57 50 106 79 -95 91 -5 -2 -70 4 -124 -20 89 46 -36 21 98 75 -23 -96 36 38 -82 113 33 65 -94 -17 -14 -18 -31 -49 9 -5 -54 23 119 -11 94 40 -104 -83 96 -33 49 -50 62 116 83 48 12 -7 -18 -5 -33 -1 9 -100 119 -29 61 -67 109 75 -51 -24 -102 115 23 -58 -63 8 5 18 21 63 115 -32 99 76 -32 7 -48 -80 15 34 -35 -10 42 -90 -93 12 41 -80 70 -88 106 -5 114 -42 37 92 1 -114 -2 -119 -31 123 29 80 105 17 -100 -70 -109 -92 -72 72 33 79 44 -33 21 -12 -56 16 -98 -67 111 -88 14 -57 -59 118 56 119 31 -25 -43 37 14 102 -29 91 88 -122 -96 -80 11 7 74 -73 -34 -42 -115 117 -81 -123 -21 -41 -120 -40 54 -46 -100 104 -63 -53 36 -65 74 35 28 -1 70 39 85 -62 -91 105 117 -36 60 -59 -2 -32 -88 29 77 68 74 -106 80 -61 105 106 -42 53 85 -68 33 67 107 80 -14 4 48 17 -93 70 2 111 45 121 -110 21 29 13 -20 -5 -13 -4 -92 -72 119 -22 58 -115 24 -23 -99 -68 17 47 124 44 -24 -107 20 115 20 99 40 105 -112 -106 -87 -68 -33 60 117 110 -106 -15 -23 26 -51 -72 -26 3 54 78 109 -2 -11 99 41 26 98 41 11 33 -82 -120 -106 100 -110 -52 109 -103 -52 -32 91 -78 115 -107 48 9 45 38 87 -106 -41 81 -14 -4 -60 -124 -89 54 -94 -80 -127 23 -64 14 94 122 43 -77 -93 95 110 31 30 -97 0 79 100 -16 -101 114 37 87 120 -40 -69 -75 -80 -119 107 55 57 107 -108 -111 17 6 -121 -50 -26 -111 28 -51 -71 104 -58 109 54 40 -91 -67 0 -35 98 -126 80 -18 79 -114 -32 -30 -86 -68 -87 125 -108 -119 -56 1 -82 27 -125 23 -88 -94 74 -121 87 44 -48
e 19 11 29 -52 21 29 32 5 0 5 4 -14 4 -2 50 -2 -19 27 5 -12 -28 5 12 22 5 -4 13 -4 1 -21 2 2 13 -2 5 31 7 29 28 -12 6 65 -12 18 -1 -18 -18 -35 -18 -21 -10 -21 -7 -7 -32 23 5 -13 -18 -5 -15 -2 -23 2 18 -21 29 21 4 -11 -4 -23 5 -9 -29 -4 13 29 1 -29 3 2 3 7 26 -7 -10 -12 14 9 -12 -8 -2 -18 36 2 18 -29 -13 -21 -13 -16 15 11 1 6 1 21 -2 11 28 18 -15 -26 21 -15 4 -4 -4 -56 23 21 16 10 7 11 13 -33 25 -3 -42 25 8 66 -13 -10 13 0 -35 0 11 29 -14 -33 29 16 28 -13 -33 -28 11 5 -48 -1 48 28 -8 2 -6 2 -6 16 36 -50 -27 4 -29 -27 -21 51 29 7 -35 0 -19 0 -32 26 14 50 42 -65 31 -13 -28 -31 0 -30 -33 11 22 -20 -33 13 -21 -25 21 13 -5 42 -24 -48 -28 7 2 -28 -35 6 35 1 -16 1 2 -28 2 -10 2 28 -28 19 -22 -35 11 -13 19 -32 -21 -2 -5 13 10 -4 31 -7 32 21 -47 -5 -5 -35 -4 -12 1 2 -5 -2 19 4 10 11 1 -7 -32 5 -21 -5 -17 -7 -4 1 -6 50 -2 -12 19 5 -18 11 -25 21 -12 35 -10 4 18 -23 1 -18 -5 -2 33 -2 5 -7 18 -12 -6 -32 12 2 -10 -19 18 9 -18 -21 29 21 -4 -13 -7 -23 -3 6 -5 -7 2 -13 1 -18 -16 8 21 7 -26 -4 -10 -29 -32 9 -13 5 -40 11 -13 29 7 3 13 11 -7 11 26 -10 1 15 -9 8 -4 -29 2 -21 29 -15 -11 36 8 33 11 21 -25 1 -7 42 8 -11 28 2 -26 0 -15 42 -6 -4 13 16 21 31 -28 7 11 -5 11 -36 -48 -26 25 2 42 -5 14 13 -48 70 0 2 -27 -11 -70 -29 33 -16 -29 -28 28 0 5 -29 -21 -49 29 13 2 1 32 -6 14 -28 -23 50 -22 45 -47 13 -29 28 -2 -29 -22 -10 0 13 -7 14 -35 -28 -50 -13 35 27 -31 1
s 111001000011010111000011111011101000100100001001000001100010100110101111
m 49 -87 -71 44 48 16 -87 -90 -49 3 -115 50 -95 -70 31 -18 -110 -31 -92 -91 -37 -78 6 49 -14 99 91 -98 40 11 86 -41 -1 103 14 -51 -117 -52 -59 38 32 32 54 100 -51 10 -123 106 -17 -30 26 -20 125 56 116 -123 -69 59 92 -57 -99 74 -52 -3 57 106 49 -126 -36 -92 12 -99 93 13 -71 -127 -62 76 98 15 62 35 -122 -7 124 113 102 89 -87 110 -46 0 -109 -95 -5 109 -62 35 101 -68 88 -18 -121 -95 56 4 106 41 -65 -72 -46 127 -109 -2 108 40 -41 -9 -122 -35 -95 83 -104 -113 -108 -93 -95 72 66 5 -3 107 94 -121 88 -44 -43 -28 112 124 11 62 24 -82 127 -48 -40 -17 93 99 -85 115 -124 60 -69 43 48 82 -20 -45 0 5 -114 -47 -87 -101 48 72 -36 -82 121 -91 -91 -113 14 -26 89 -6 -11 -28 -77 92 39 93 -73 126 -39 74 -12 -33 -79 -112 126 -70 -9 6 55 105 104 104 36 -101 25 10 -50 106 109 58 -47 42 -7 -70 64 120 120 -58 -58 41 -122 -23 -58 -125 1 32 29 -48 83 7 88 66 43 -10 76 40 -104 13 -40 -3 -117 4 25 -116 -1 -122 78 23 116 106 -54 53 57 -100 -88 -103 -100 8 10 -33 25 -45 115 116 110 -15 -13 -46 24 35 90 -58 -38 78 -82 116 -23 -80 85 72 25 -90 120 -71 127 -114 -66 8 -50 25 -116 -18 104 81 10 -77 20 10 -26 -88 121 -41 104 37 -30 127 0 -81 -110 57 7 3 -58 -76 -124 82 -106 41 82 83 119 80 -115 -57 -17 -67 21 96 -38 -119 30 13 117 -70 10 -124 -104 65 127 -80 85 -1 -72 -80 75 92 111 47 -40 -120 74 -72 84 -80 -19 -93 99 -111 -123 18 -127 -115 105 96 49 -85 -36 24 14 -74 9 -6 -27 -100 -29 -109 -87 28 18 69 82 69 4 -76 -56 -18 3 -110 -65 -20 -90 -24 -37 84 -34 81 122 -66 -93 -40 -124 76 110 84 -60 -69 -54 -75 -7 10 -104 -103 126 65 57 24 -101 -107 22 -116 2 -14 113 -7 -103 21 48 -75 26 50 66 25 52 -15
e -12 1 -21 -42 -1 -30 39 3 23 -3 9 4 9 3 -16 3 12 22 -13 6 -9 -13 -7 -2 -34 9 -7 -9 -40 -8 -35 -12 -44 12 41 -35 29 4 22 -14 -4 4 -14 -9 1 -21 -15 -7 -18 -18 13 -27 -29 -9 -39 33 0 -3 16 0 9 16 -3 16 3 9 -12 -9 8 1 -8 33 13 68 1 -9 -14 -1 -35 19 -5 12 5 71 13 -7 -39 -6 39 12 14 36 -16 9 -31 16 -15 5 15 -18 15 -59 29 -16 7 -28 7 0 -16 -12 -2 3 35 -6 9 -57 35 11 35 -13 33 13 6 0 6 -12 -14 33 -6 -27 -68 -6 -7 -3 32 72 -32 3 12 -3 -18 -1 -10 -33 5 5 -8 -27 61 8 -16 61 49 7 49 -44 0 -38 0 -16 -18 -7 35 16 22 35 21 -22 -13 -21 -14 6 14 23 12 43 4 -2 -4 16 -3 1 45 32 -9 35 3 9 2 10 2 7 33 7 10 -16 -8 1 61 13 -9 49 -35 -32 38 -22 4 0 -4 -1 5 1 -7 8 -7 -13 3 9 22 12 2 -4 -31 -7 -1 39 -8 -20 -3 1 13 22 35 -9 39 31 22 3 -13 28 -9 6 14 3 13 -7 -12 9 -13 -1 -35 9 39 -13 -18 -3 86 91 -9 35 -4 -3 12 34 21 -13 -9 -1 -6 -15 -13 -14 8 9 9 33 -35 15 0 -12 18 -16 13 29 -3 -6 4 9 14 -57 -39 -9 3 -12 15 22 1 -18 -8 -14 -29 -70 5 -4 -22 7 -16 14 49 9 5 0 -9 -7 -16 -8 -39 5 -33 12 -15 0 1 -16 14 5 6 5 15 13 -7 -16 2 39 -7 -35 12 0 -35 15 -16 -13 5 -35 -10 15 36 -33 16 -13 -6 -7 6 -3 0 -12 -32 40 -2 3 -35 3 0 35 -38 -5 31 3 35 17 10 -61 -12 -33 49 2 -6 -38 3 82 7 -32 61 23 -25 38 22 10 0 -35 -63 -5 14 -6 8 23 -61 -21 8 -49 -14 1 38 23 -35 0 -4 33 5 16 -2 8 -22 -7 -21 -9 -7 14 -11 -23 -23 21 9 4 -8 22 -16 1 4 -28 35 1
s 011110000000010110001111011111110111111001101001000111010000011010001111
m 31 36 -120 -88 -37 -65 -56 -100 -8 -41 -30 -55 -13 -73 -96 71 103 12 -121 -51 -51 -1 66 -47 -60 -106 113 106 80 -97 -60 -12 125 57 -114 0 -66 85 -84 -2 -100 -20 109 -21 69 46 62 -31 124 64 -84 35 5 -35 -94 74 123 30 83 -8 -27 -46 66 35 118 87 -114 -120 -85 42 -97 111 -33 -103 65 73 -122 -72 -9 100 -104 -83 2 104 10 54 82 70 15 -30 77 12 0 -126 -24 105 -67 -99 43 -113 41 112 -10 108 19 -6 -102 -96 59 -114 35 22 16 -32 -77 -119 95 -20 -112 48 -106 117 -100 38 77 19 -61 -44 -102 1 122 -121 49 110 -48 -76 -38 -123 -80 -69 28 -55 -27 58 27 -23 32 -112 104 124 -82 -87 102 -90 90 -31 -99 96 11 -80 -51 107 -100 57 27 65 -92 -12 -69 -73 -117 92 39 102 28 -2 -68 118 -1 74 -43 -95 -29 119 -21 -121 104 -53 -93 -47 -33 -84 -5 -30 127 -86 -26 -105 105 -83 -79 78 -42 -120 90 80 52 -29 50 -79 -19 1 3 -38 -1 -15 -15 -10 77 -107 -126 -13 79 38 101 -68 -66 -25 74 -121 -2 -117 -126 -29 112 -41 109 -125 -14 -2 -58 -104 9 -44 105 -11 98 -43 26 -91 -63 84 38 -50 46 -64 -88 -82 92 -80 -32 106 -102 32 103 125 101 72 96 -90 91 -14 41 70 53 102 -66 -111 53 103 -37 -37 -97 -44 17 -46 79 38 37 -37 73 -73 -5 -81 -43 -9 -36 71 -125 -90 83 27 22 9 -20 -1 -116 -7 -59 2 15 -73 -40 -41 105 -99 88 37 -122 6 34 -17 54 -33 -51 94 16 -36 107 -74 47 -18 56 -90 -2 -85 32 93 -58 53 -81 -69 -76 -37 6 115 114 -82 92 -97 -9 -7 -59 90 -90 88 -49 -73 -5 -99 -91 -4 125 -60 19 -47 -40 104 -119 46 -41 65 -125 55 8 -117 28 -105 -65 114 118 -37 -27 -56 -93 -75 -35 9 116 54 -4 -6 67 11 -40 -8 44 26 27 -56 115 -62 24 2 -108 61 -103 45 -60 -103 86 -36 67 39 14 111 -12 31 -89 18 -62 -8 81 -22 11 27 -111 37 121 127 -95 -19
e -86 33 13 -34 -32 28 -34 27 -2 27 -12 1 -24 -14 -49 14 -28 11 -9 41 -9 -29 -41 -29 -1 38 7 -38 -8 10 8 -36 -33 11 -9 -26 5 -6 -24 -13 6 2 2 -41 -1 19 38 -1 38 -31 2 -33 -9 26 -34 -24 7 -36 33 -15 -12 -33 -2 14 -2 -8 28 8 -18 32 -18 -24 -1 6 32 -38 7 -32 53 -7 1 -11 -1 -1 13 -1 -14 -41 -64 6 2 -64 64 -19 -24 0 -38 -21 30 31 30 -16 5 -16 2 8 -2 11 33 17 5 -2 33 -5 8 -14 51 -36 -51 -35 24 -35 -14 7 14 -25 7 -4 8 -2 4 8 -1 4 -17 14 -17 61 6 82 -6 -32 6 4 21 -6 -32 -30 -39 -28 16 39 7 -2 7 21 11 -21 -26 0 10 6 -14 49 11 51 13 -11 35 13 28 14 -28 2 -17 -2 1 5 20 49 -4 33 0 17 -9 0 -61 -9 -29 6 -42 -7 -4 -7 -10 8 10 33 -39 2 26 7 -24 26 -21 24 -2 10 -2 1 -6 -8 1 28 -3 2 -31 -19 24 28 -29 2 32 7 -1 -34 10 -1 -27 33 14 -12 0 31 34 -11 24 27 -9 12 -12 41 -1 -14 1 -1 -28 62 -2 -32 8 -26 49 -1 -31 27 38 5 12 8 6 14 -11 2 -28 9 19 32 -41 -38 1 -2 18 -38 19 -24 8 -38 7 11 31 -33 -9 5 -2 45 -6 -8 2 -33 -14 -19 2 6 -55 34 -47 -31 -18 7 -5 -65 -1 -6 -7 36 -33 45 -2 -5 -1 11 8 1 0 -18 -14 21 24 -27 36 -7 32 16 7 21 41 1 30 17 -1 29 5 14 -7 -14 -6 -11 -53 32 0 35 -21 -14 -8 30 51 -4 -16 35 10 -2 -14 4 11 -17 -17 0 -28 61 -14 -38 -10 -51 33 -6 42 -61 28 14 6 -39 17 4 24 -5 -8 21 -4 -39 -1 -17 -7 -50 61 21 -11 -6 -10 -13 -5 -17 -28 -8 28 -2 -57 -13 -10 -7 -28 33 -28 2 0 -10 1 9 -6 -49 29 28 11 7 -23 9 -1 -35 -29 -2 -2 -27 -26 1 -23 37 -49 -55 -2 11 0 1
s 000100000001010010011111101101001101101100110110100111011101011011011001
m 113 31 -95 28 -62 76 115 96 114 30 0 -12 -32 -51 -126 -99 -114 -90 122 74 97 43 -120 -12 31 -109 -114 -78 -22 -43 104 76 78 118 -49 29 44 -40 -42 -10 17 83 72 101 -56 56 -115 63 22 59 68 2 -73 120 32 67 -96 40 40 -5 59 -11 -28 26 93 21 -20 -84 80 -51 -19 4 -107 15 -106 39 -23 83 25 120 116 -70 81 17 65 -46 -82 -42 23 102 -71 44 -60 28 -49 38 -45 -125 118 -18 -88 85 -69 80 81 63 -111 -95 114 -43 125 70 104 -58 -1 -81 -63 -77 31 63 -49 -81 30 125 -104 28 66 11 -51 78 127 15 -63 127 -87 -68 -14 80 113 -72 35 50 0 17 -86 -15 -57 -113 60 113 -44 112 119 -85 33 64 -18 -101 71 76 76 95 -16 85 -103 -40 22 -58 32 -50 56 -65 -20 125 21 37 -104 81 -110 -125 36 120 -55 18 62 80 -35 22 -98 51 108 -39 -95 59 -82 73 -32 -16 -62 -73 -78 -117 26 -54 -37 38 -115 -83 -12 84 -7 97 -114 -46 -83 -14 2 -96 101 -45 62 -117 -82 8 86 116 86 72 7 10 3 87 112 -74 23 36 123 -9 -64 57 28 -60 39 58 -55 3 -120 -116 54 45 -41 25 70 -48 99 61 31 -91 -22 -31 113 16 -78 124 9 -110 61 120 15 66 -14 -54 95 12 -112 119 -33 114 -52 123 -61 49 -53 14 -46 -113 -66 -46 -88 -112 8 -62 -7 71 -1 71 -80 6 -14 64 -65 119 117 10 46 5 -105 -39 -46 -42 -56 -124 -49 -89 -60 -65 -56 63 -36 52 -40 -107 -4 108 -41 63 68 0 -53 -70 122 -72 34 106 -120 -55 93 -68 -65 -81 93 106 37 38 21 56 38 -126 85 25 39 -10 -29 108 -124 -68 -90 -44 -113 112 105 6 -116 96 -66 42 22 -12 21 114 -97 18 -91 -44 3 -31 54 122 3 -50 -80 -23 57 -28 -42 -40 -81 112 38 -95 34 9 28 89 89 117 -122 51 -74 -71 -17 69 67 15 96 112 -12 -99 19 3 -6 -93 -63 -61 37 105 127 16 14 39 -100 -42 107 -17 16 38 -56 123 -116 -47 23 25
e 8 -40 20 21 28 -14 21 -7 14 -7 20 11 0 2 -3 2 -8 42 43 -14 20 13 14 -6 13 11 7 11 -22 -14 20 32 9 32 -47 21 -13 -9 23 -48 9 -11 9 -25 -22 -25 1 3 -1 2 3 6 13 22 21 -4 5 -7 -10 41 0 35 7 -2 -7 -1 -8 1 -13 28 13 -32 -13 46 4 -11 -35 -4 20 21 0 -32 0 5 43 -5 -7 14 7 14 -9 -16 -34 -49 33 39 1 33 35 -2 -35 -39 13 -39 9 9 -9 16 -10 -19 -28 -7 14 28 19 -14 28 13 -34 20 4 -20 26 -5 -26 19 21 15 14 0 -3 -35 -5 -3 -13 -7 -16 11 14 -11 0 -4 19 10 33 7 -19 -35 16 19 63 16 3 -9 3 -33 39 33 -34 34 -34 -7 -34 3 42 28 -33 42 20 20 -14 -26 14 14 25 14 11 -28 11 -3 -3 9 -21 13 20 21 -11 55 -6 0 6 7 -10 -7 -14 -14 -14 -9 -16 -3 -22 -3 -34 -22 35 -23 11 34 50 22 8 22 -3 -19 -3 -3 -14 -20 -23 -8 6 11 28 -35 22 21 14 3 -8 14 13 0 21 -22 25 62 -23 7 -43 -11 0 14 22 -2 -13 56 -8 11 3 -28 -20 48 21 -13 2 -7 -11 13 0 -20 9 -2 -32 9 18 -43 -25 -28 -37 -1 -28 -9 -13 -28 25 -4 -20 -1 5 32 -2 -10 -43 -39 7 14 -9 1 -9 10 21 25 25 14 20 -1 4 2 17 21 13 -4 0 15 -5 15 10 -21 -9 7 0 16 1 -5 -34 13 -7 -33 4 14 -47 5 44 -39 -21 -33 26 -49 -35 -19 5 39 -28 7 -9 -14 14 16 28 4 34 20 -43 14 0 35 -28 -10 -39 20 -14 -41 -27 -3 16 -19 -13 -34 28 11 14 -3 34 -28 -13 -7 22 -31 41 26 0 44 -19 -10 29 30 -14 -33 -6 -16 11 -13 3 -3 -11 33 42 0 -63 20 10 -7 -14 -14 19 14 -16 -20 -14 -3 14 9 -33 33 21 -34 11 -20 -7 25 -11 -19 42 7 -20 20 3 -15 6 3 -14 7 22 11 28 -23 -3 9 11 51 26 35
s 110111010111110000110010001110111000010101110000001101011001001001101001
m 125 -9 88 56 114 64 -123 113 -76 -65 39 -61 -118 79 -94 -16 98 33 -54 -62 -3 -93 -81 83 105 42 112 -39 -22 68 51 3 39 68 -8 -36 7 -42 -123 -126 -121 44 -39 110 -119 -106 -66 -25 -5 -98 40 -15 -74 -63 -48 -69 8 -99 -110 -13 121 -5 46 -30 123 -34 32 101 -69 -70 48 35 -107 -124 -127 -12 -70 -42 106 -119 -54 -127 107 97 90 -72 -14 96 42 41 -23 35 26 -66 60 16 106 24 -101 -65 61 -124 75 -19 70 -115 124 -36 33 -70 -41 -61 -112 -117 -122 -17 -118 119 71 -102 -26 20 74 -103 67 -24 43 -100 -67 -107 -84 -4 -72 28 -111 3 -81 124 126 115 -106 31 -63 -53 -100 -6 94 15 82 28 62 -43 17 8 54 10 -61 10 57 -86 -112 32 24 -60 -55 126 51 -24 -89 112 -42 55 74 98 -46 -82 42 48 -53 -51 -13 -6 -106 -42 -126 33 -75 -69 -16 49 90 -38 -80 24 -63 -96 116 108 -8 99 -113 -105 53 31 15 62 116 -107 14 102 -108 9 116 -50 -99 15 -19 75 -86 94 -102 -61 -26 -101 -12 -61 9 -39 -90 25 -13 92 121 97 -111 14 -91 -113 84 -123 81 -72 -74 82 -108 98 -1 -52 51 -124 104 13 115 99 28 68 -111 -60 -60 -116 82 34 57 -39 -122 68 48 82 97 23 -82 -43 73 121 49 -92 -71 -63 -108 -55 37 -60 49 -96 31 -15 -13 -73 25 -5 93 87 85 -36 53 107 57 63 126 -53 118 120 -2 70 -49 -45 -116 72 -98 -77 121 111 43 122 -25 -82 -45 -44 67 -100 124 -61 114 0 -5 -39 -51 -46 -64 102 70 30 -40 -1 103 -114 -78 105 47 18 0 -60 -11 71 -54 -58 -3 -74 -53 -40 89 -6 -69 14 -114 77 -13 3 -22 28 -50 -64 24 70 100 -23 -121 17 39 -100 -9 19 -35 -2 -77 -127 90 0 55 87 37 -14 -58 47 -24 -16 -83 -103 109 97 -49 -38 -92 50 -20 34 25 -15 -127 -109 76 -6 4 -58 -98 -91 3 17 21 59 -77 52 46 3 -68 -49 15 20 -27 -23 54 -35 118 -96 72 57 114 98 -103 -107 -108 111
e -1 23 14 -42 -8 -18 42 -57 -30 60 53 3 -35 14 42 -17 -1 -21 7 14 -15 -72 14 14 72 -11 3 11 45 8 -20 -13 6 -3 43 29 -53 -12 -47 -21 -12 -13 -21 -42 -8 42 5 14 21 14 12 25 7 12 49 -23 -12 57 -5 7 35 -5 -28 -14 -28 38 -1 -30 -42 8 61 23 -72 32 -16 35 -5 -16 -20 -5 -2 3 2 40 -7 -40 -1 -14 1 -32 -22 -32 0 42 -10 0 -5 -10 -14 14 14 0 -7 0 6 -12 6 31 5 -21 -20 28 -15 -20 30 -21 3 42 -3 18 -31 -35 45 7 45 -31 5 -2 4 -2 -12 44 -40 12 -12 1 -12 15 -32 15 8 16 8 -2 10 -19 -18 51 7 -18 0 -7 48 6 15 0 31 0 21 0 -21 6 15 42 21 -3 14 29 18 14 18 45 -18 30 -21 -30 -3 20 3 42 -13 -6 29 -12 -3 -32 -15 -3 -24 -8 14 -3 -2 3 -8 4 8 6 -17 12 12 -15 50 -12 0 47 -13 -21 -39 8 -6 11 -14 18 14 12 -14 3 -47 -1 -14 13 8 -3 -8 42 56 14 57 6 -14 35 -29 -12 42 -3 -47 57 -7 13 35 14 -8 14 -72 -14 28 11 12 8 -20 -28 -42 72 -14 -57 11 7 -35 20 12 14 -3 -21 1 -7 -43 -8 -14 -5 -82 -21 42 -11 -42 -23 20 5 7 3 -14 -5 -7 7 -41 55 -37 30 21 -5 1 -42 -28 36 -5 -30 16 -14 42 -5 -7 23 -41 12 7 -62 -5 5 -6 28 2 -31 -30 40 0 -42 -1 10 23 32 14 7 16 17 -38 10 -49 -2 -14 21 40 0 -20 -3 6 -15 32 -31 -3 28 3 18 21 15 8 -14 42 -2 0 18 -4 -7 -45 12 31 21 -13 0 -35 15 -15 -12 50 -3 12 -6 18 21 -18 -45 43 7 -21 -43 -15 -20 -4 4 12 7 -3 -12 -15 -45 -15 0 21 8 21 14 -2 -6 18 -4 25 48 7 -45 -8 -15 -18 -6 0 -30 29 -21 -33 3 6 -42 -14 -18 -21 21 -14 -3 -22 -37 -14 -12 30 -3 -12 3 8 47 -42 6 13 21 29 8
s 101100100010010000100100101001000000111110001011011011010101010010101111
m -2 61 -96 46 42 31 -51 87 -87 -75 22 -68 -66 11 -47 118 -35 -47 124 9 41 -7 109 53 53 -37 -42 -54 15 21 75 -105 -122 -64 93 -30 -87 -120 56 57 -32 -110 75 -85 96 -12 53 69 -48 -45 -51 -56 94 116 80 -114 -57 -6 39 16 -94 -68 -62 110 33 27 -107 30 110 -12 -36 -85 33 104 39 -28 96 -53 8 54 -85 -67 -106 -13 -85 115 -110 71 84 103 124 -102 122 -69 -16 49 15 -4 79 18 -70 78 -103 50 -4 -102 7 4 -83 -54 -51 -37 -96 -124 -5 21 -110 -104 -90 74 -4 55 118 -88 72 41 7 -49 90 44 -102 35 23 -80 117 -63 44 -81 90 105 -25 -96 101 120 26 -54 -109 -53 -48 -100 127 55 -106 -124 35 -84 95 -106 118 -40 -2 71 100 23 124 -93 115 32 -4 -31 -100 -7 16 -90 -68 81 89 -100 42 -71 -114 -32 97 27 115 109 65 -125 -76 -64 88 22 20 89 -56 -60 4 80 63 -117 -21 -43 63 -81 51 -102 -81 48 -114 98 120 -47 59 -117 70 46 -108 -32 29 91 69 -25 96 21 -27 -10 -1 -95 -41 64 -105 123 -68 92 -71 23 66 13 66 4 84 41 -13 78 -118 -65 -75 31 -81 40 -102 85 -62 -110 5 -121 -69 -40 -79 15 36 -83 -97 -26 80 51 -103 -22 35 124 73 -84 -112 66 -39 -95 70 34 27 -50 36 92 -125 69 -38 114 -61 123 108 23 -119 25 -32 -48 109 -40 -24 93 76 49 -17 110 64 -62 -58 58 48 -33 -71 -31 -39 -90 45 92 -70 -113 18 4 35 23 39 -9 -93 82 -39 -1 83 -13 -120 -2 122 40 -1 -95 -7 104 -31 -23 28 -102 32 -81 -50 25 -23 -78 10 22 -41 38 113 19 -119 -66 -54 -115 -43 -108 -109 -10 90 -91 8 -79 32 -34 -91 -95 127 71 -40 1 32 -10 122 125 60 111 23 -99 -103 96 5 -92 -94 78 35 121 -116 -97 -30 18 -125 9 65 -54 14 -97 40 -54 -88 124 26 107 -53 23 -86 88 64 -105 -29 29 79 -42 63 67 63 86 38 10 -94 74 -76 59 -16 -9 115 100 112 -61 0 -117
e -31 11 -28 -9 11 14 9 6 -48 -6 58 -37 -20 -69 -21 -10 -2 28 -45 31 28 -29 8 -26 7 -25 -19 -25 -7 -1 -7 21 28 21 -45 0 -15 28 -8 23 32 -4 23 -11 -12 -22 -14 -52 14 -5 9 -5 15 19 -9 -4 -8 -12 -21 8 -20 21 28 -10 -28 5 -2 5 -32 -20 67 -4 7 21 21 -28 -7 -21 -14 -7 -12 21 -12 -21 45 12 -16 8 16 21 23 -4 -28 -11 -1 -28 -30 -1 35 5 -35 -35 -15 -35 -7 28 4 21 21 2 1 28 -19 1 -24 22 9 32 9 4 -31 4 -7 -8 -7 -2 -29 -9 8 12 21 8 12 21 -24 -16 -24 9 21 -9 -21 -21 21 9 1 16 -26 -35 -1 -26 -35 1 -5 -4 5 23 4 23 2 28 -7 -16 19 42 -28 9 28 -31 -34 -56 -14 63 28 -48 2 48 37 1 52 -21 21 56 0 -28 28 0 -9 -28 26 -21 -26 19 9 19 1 -8 -1 -28 1 9 -67 -5 -8 -19 -23 8 -4 2 -4 -12 -16 12 -56 -26 -52 -9 10 -36 -8 2 -26 -4 11 20 12 41 4 52 -6 -28 9 20 0 19 9 -44 -8 6 -45 22 20 8 24 -10 -7 52 -2 25 9 11 7 19 9 -7 16 -6 -25 -15 -20 -7 -28 10 21 -50 2 -58 -11 -11 8 -14 7 -23 32 25 -11 -4 -7 -14 8 21 5 -21 45 15 28 8 28 5 23 -35 -16 11 28 -21 -14 -5 -35 5 -32 -7 -35 4 12 28 -8 12 -21 7 -4 28 -12 -4 5 12 28 32 56 1 4 28 47 -14 -21 -35 7 -4 -7 -35 -35 28 12 -36 45 -16 -4 19 -21 -4 -9 -21 -35 -4 -1 19 -22 -35 -25 9 35 4 8 4 7 21 -4 2 24 28 1 57 19 21 2 9 -24 16 -4 9 26 -7 -21 13 -2 -18 5 -1 8 -23 -58 -1 -37 -24 31 -21 9 -23 -28 21 -2 -28 -9 -30 -14 31 26 -71 1 -28 -1 -5 -14 -28 -45 48 0 2 -37 28 -16 -21 34 57 -28 -19 28 28 -52 14 -26 -41 -48 19 -19 37 1 26 21 -28 4 28 -27 12
s 101110001111110101001100011000110100101100000001011000001100011111111000
m -123 -31 125 -89 -75 -64 -27 -60 77 -97 -7 61 62 7 78 81 -23 17 -66 -17 88 -84 -38 83 -16 -93 122 103 -81 7 67 117 42 -84 -47 109 -20 45 -94 -14 -36 -119 -99 -33 78 -23 99 -17 123 105 -59 68 -96 -30 66 124 -118 -55 -77 6 -86 0 -55 65 49 55 -16 61 -43 -60 110 115 23 67 -37 -19 22 49 -86 -101 38 50 1 57 -96 92 -95 73 52 -122 121 -87 102 113 59 -90 77 67 42 -93 13 -107 119 93 124 67 81 15 56 33 90 118 41 -24 -127 -59 -93 -127 -63 68 -125 -60 85 -18 122 77 114 76 -126 -97 -6 60 70 -83 82 -120 83 -120 -16 -58 -61 5 15 52 74 -73 -102 -56 -5 -84 56 37 -62 -94 -26 56 96 -18 97 -61 -105 -98 93 -41 -47 98 67 56 68 80 17 123 -2 -83 -113 105 33 -41 -45 82 51 -13 98 -17 2 -114 82 29 14 -110 96 112 109 -71 -52 -58 -122 -19 97 22 113 2 -120 61 77 94 -12 81 -2 -36 75 66 74 -50 23 30 -41 -58 119 -34 -50 101 -106 -120 -66 -40 120 -111 97 -81 -50 87 86 26 73 35 -61 76 -109 -92 87 110 -8 61 -106 117 -98 102 -91 -58 -98 -71 -78 71 -113 28 41 92 101 88 70 125 -114 36 55 24 110 43 57 -39 106 -104 -6 -105 -45 6 -61 127 121 95 -114 94 -27 55 121 86 -9 -24 -4 0 107 -26 43 121 -56 -115 -75 -93 -124 117 -3 -46 -48 -102 115 7 125 -111 118 -50 57 -54 6 28 -123 -22 -111 116 30 -123 -43 -95 -102 17 -97 28 -62 -46 -119 38 -81 -28 57 24 36 123 65 65 -38 -40 102 117 14 20 -44 112 -89 4 31 -51 -49 107 7 -100 33 -1 69 30 90 -52 -50 -29 125 -121 40 103 -52 54 -112 -126 -48 -85 33 -49 -69 23 -108 84 6 -1 -73 51 70 -27 -15 -23 48 11 61 -86 -87 70 -100 49 36 42 -10 58 54 -29 119 -111 58 -5 -39 126 -23 71 111 -69 -96 -38 -14 31 -101 -122 -120 -38 7 -36 126 -49 21 50 -64 86 42 79 -5 105 94 -77
e -14 38 51 24 28 -2 35 25 -5 25 55 21 -7 36 -24 7 -14 13 -21 34 2 14 15 -7 21 17 28 -17 54 46 -54 -31 -12 31 -21 -35 3 8 -54 4 -8 -2 4 21 -7 23 35 21 35 -60 -20 -82 3 -19 -24 6 6 25 0 -16 7 0 -38 7 38 6 -21 6 -6 28 6 6 -14 -14 -5 36 -85 5 54 20 1 -31 34 7 -21 7 21 -15 -21 14 -4 -14 -27 -21 -13 27 35 -13 12 60 37 -15 -3 15 32 8 32 29 0 1 21 38 -18 -21 -6 18 34 -6 34 45 -6 -45 -7 6 -7 1 -20 4 43 -1 -6 -43 7 -6 -15 21 -15 -14 57 -14 -10 33 10 4 -13 -62 32 -12 -1 32 15 1 2 -32 2 -16 14 21 -54 27 54 -62 -18 24 -13 -34 51 13 45 51 2 -7 -15 5 -1 -5 21 -21 -21 -24 6 17 -35 35 26 35 14 2 -7 -10 -7 28 4 -28 -7 43 -7 12 1 27 19 -23 -54 19 -16 54 -2 -54 -5 7 62 -7 -15 32 -15 20 -7 -2 54 -14 7 2 28 -28 7 24 7 15 -25 12 -20 -7 -35 19 -24 -44 -76 -25 -21 -2 -7 -15 32 7 14 -15 -14 -17 -20 28 54 -19 24 -14 60 -49 -17 -3 -7 -54 8 7 31 -4 14 24 -21 -28 -15 -49 -14 4 -20 17 21 27 59 35 -6 -31 60 0 -21 -3 38 -15 -32 -6 13 0 -21 21 43 -14 -35 -6 -5 60 -6 -20 18 -6 -1 -8 -6 25 0 20 32 -38 1 -14 21 7 27 -6 21 -13 6 14 -12 6 -5 25 20 -13 7 -1 -12 1 -7 -15 21 -46 71 -18 -14 14 56 -5 -27 45 -25 -36 -10 12 34 43 15 -46 43 32 -55 -6 14 -29 -15 -54 21 -14 18 -6 -54 34 -15 62 -45 14 32 7 -10 -1 1 -4 2 21 43 -16 6 -5 -21 -15 -2 36 -46 16 13 14 -71 -51 -4 64 -2 -43 -34 -5 -1 59 7 2 2 12 -16 37 76 -54 -29 2 62 24 7 32 -15 43 -51 -2 15 -2 -13 -20 -5 -28 23 21 -7 54 -24 -12 -2 13 -35 7
s 000011000101001001100111111101011010001001110101101101010110010100001011
m -9 95 -68 -33 24 9 53 -97 125 -104 70 -94 76 -2 -117 114 -21 76 109 -17 65 -100 -22 -17 -5 -36 64 102 -18 -76 -25 6 -107 -25 -14 44 74 46 59 -26 56 -46 96 -110 -11 -24 79 83 0 -9 -47 -122 76 97 63 -3 109 44 101 25 76 -9 -30 -23 114 -36 61 -73 -92 -48 -92 -22 23 64 -60 72 13 -95 81 122 -10 62 66 12 17 92 -19 -106 31 19 -42 55 112 -118 -51 -66 73 47 28 -127 -121 53 113 84 20 101 59 33 77 59 14 82 54 -56 43 0 77 -24 106 -81 72 -18 -40 61 108 51 105 12 108 -50 15 -11 -74 14 -99 110 12 30 -113 -9 92 1 103 -44 -80 18 101 66 -83 -83 3 -123 -57 -122 -6 -66 106 104 43 15 2 70 -115 -55 117 47 60 -44 25 -117 54 57 2 -64 113 97 2 74 -44 31 26 -92 48 -56 -64 41 -20 111 -48 19 -94 86 -1 -37 -62 -93 -73 108 52 50 65 -106 44 -74 113 -87 118 119 0 -92 20 60 -71 109 -77 37 65 -29 124 -53 -12 -70 87 99 118 85 104 57 123 -113 -31 -105 47 49 95 -15 25 -114 -120 38 -65 122 45 100 80 39 11 -23 42 125 -32 71 63 31 68 -39 6 81 78 58 62 -68 38 -52 54 116 -91 112 114 52 105 -82 -67 -71 -20 -84 51 -124 -22 73 5 13 -26 69 -113 -105 -63 -26 -64 125 -37 74 -107 -33 -62 -100 96 -87 37 114 -8 -87 115 31 44 102 -1 21 36 2 -74 -117 105 -54 104 -4 -41 122 -28 26 -54 -114 -25 -120 78 120 -18 -107 15 67 -40 -71 -45 -65 -95 -8 -28 3 106 -100 -21 61 127 62 -122 87 -95 109 -23 -88 49 -74 1 71 102 -106 -61 86 -42 -74 -8 114 -16 -42 28 -15 12 -87 -95 15 -27 -87 20 -6 47 27 98 96 79 -90 2 -77 -121 -65 15 53 6 116 -48 104 -55 -30 -48 -77 124 116 -74 -114 76 116 -30 111 -21 -97 -6 104 11 6 120 122 23 124 -25 0 -31 115 -102 16 96 -52 68 -38 -60 -112 62 -37 4 -93 105 -21 -117 -109
e -10 21 -28 47 42 -2 -29 -35 56 -35 57 -2 57 21 -4 -2 -8 -6 -13 20 6 -5 15 11 -21 6 0 -6 22 -55 16 -14 -81 6 15 6 -7 28 22 37 28 0 -23 18 -40 18 0 -35 -46 -5 -28 -5 -7 -43 -29 -20 -20 35 -1 -20 57 1 2 2 -2 -23 8 -23 -4 -21 -4 -3 5 -17 1 -6 -19 1 -16 -12 44 -6 -9 35 -13 11 28 15 -17 -23 23 3 14 18 -42 -14 0 45 -14 -5 14 3 -7 3 -32 28 -18 3 -1 -18 24 -2 0 -13 23 -7 37 -4 37 -11 3 -11 -1 -20 1 -18 -12 1 10 9 -13 -43 -11 -14 11 -17 -25 8 17 -14 -17 -22 -17 -1 -42 14 -73 -14 -46 84 21 -46 -6 18 -42 19 3 -19 -2 19 -14 14 0 -4 -6 37 28 6 11 -28 -2 1 -8 -60 -18 56 2 13 -2 4 -13 -82 6 11 -6 6 -8 6 11 -24 11 0 -6 0 -55 -10 -55 81 65 28 -43 -6 22 43 -19 -22 0 -2 34 -10 14 10 35 -73 35 28 -2 -6 22 -8 15 0 21 0 10 -29 55 -35 35 -81 -33 -57 6 -53 -29 6 33 -35 13 0 -62 -15 10 -2 5 -50 8 6 28 21 16 -43 -29 5 5 -39 -21 -7 57 -16 28 2 -6 23 8 -13 18 21 -15 0 5 23 -4 6 21 -3 -16 0 22 -6 8 -1 13 -7 2 15 -28 -32 23 -1 17 -18 2 17 0 -23 -1 -5 4 -12 61 -3 -9 41 -20 11 8 -12 -18 -27 9 -3 23 -11 14 -21 17 42 -3 -17 14 20 1 -3 -12 42 -1 9 -25 -18 -11 -3 -13 17 18 0 17 29 37 1 -14 11 42 0 17 -14 -37 1 -3 -11 10 18 14 -13 3 18 11 14 -13 -8 0 -13 2 -42 -11 -16 16 -8 73 1 17 -46 -45 -1 6 13 10 -19 -13 -46 2 11 -6 -4 8 -19 -19 -17 2 28 -1 -14 2 -10 -73 56 -46 -28 55 6 2 81 47 -56 -36 -2 2 26 14 4 -11 -73 6 33 -53 6 35 -2 -11 -28 56 0 43 -2 55 -22 28 -81 0 6 -6 -10
s 010010000110010000100010010011011011111010100100100101011011000100110010
m -3 35 -2 107 38 -47 -7 -127 75 117 -55 50 -100 -55 -82 25 97 -11 -32 -79 110 18 -69 -41 -109 -19 -32 33 60 82 -107 -66 -103 -64 -37 72 8 64 -8 126 18 -75 10 104 -50 53 -99 121 123 35 99 -111 -47 -123 124 -101 -23 -97 -89 74 45 -31 107 75 -36 -8 67 -87 35 -109 -89 36 18 -97 -100 12 -25 -77 57 -101 63 -81 102 74 35 124 18 10 -4 -118 -91 1 -68 -51 63 111 -62 101 40 91 -7 97 -92 32 -73 -13 -100 49 -42 16 -101 102 -48 -99 -52 15 15 36 -122 56 70 122 39 -3 -72 45 114 -64 6 52 38 -60 36 60 25 5 -68 122 -24 35 94 -92 54 -77 109 118 -78 66 78 57 84 -71 55 26 97 -105 -76 58 53 82 -65 15 -87 94 -111 -67 -78 -121 34 100 85 -56 5 73 -17 49 43 -114 61 -114 91 -107 101 -61 59 6 -76 -33 -127 -97 -30 20 -123 78 64 -27 -22 74 -122 -126 120 -87 80 120 66 -70 -48 -42 83 -64 -81 -70 -119 99 34 57 -125 -106 92 -114 -12 -46 -4 13 -30 -108 83 -75 -10 35 -52 -43 86 73 1 28 120 112 104 -117 -96 -112 -122 96 -73 -112 -104 -108 78 31 119 -34 87 59 -39 -85 -64 -54 123 -116 -38 97 70 78 97 44 53 43 -75 39 109 -55 -125 54 -59 94 82 -16 67 -86 -117 -115 -120 100 -109 -80 -54 -92 40 107 -32 63 -53 -62 105 -77 -53 4 -86 -110 24 83 30 -110 -62 -4 -11 57 123 54 -124 -35 -94 -68 -89 27 6 -126 -26 71 -29 96 -90 30 103 -38 -103 -102 -68 -106 -2 -28 -93 -108 3 118 -101 -109 -123 -99 63 13 -53 86 -121 -97 -28 121 125 -17 -16 -109 -61 41 83 -55 -85 68 105 -78 -29 1 73 112 -104 -82 -11 -54 62 -18 45 30 -2 -66 -48 -20 -106 -61 -10 -59 -63 -106 -12 116 -30 36 111 -119 81 -49 -83 53 -56 46 -57 19 -18 -95 47 46 18 29 -107 -8 -27 116 -94 54 -13 -103 22 -8 -108 115 99 118 -96 4 -1 -71 70 106 1 -32 100 94 81 -122 121 -54 -65 102
e -59 4 -43 1 4 4 -1 9 7 -9 -38 -28 -38 -22 -71 49 3 -48 -31 9 29 16 9 1 -16 11 12 -11 50 20 -50 25 26 25 -28 6 -21 12 62 9 12 41 35 -45 27 -45 14 30 -14 -4 46 4 7 -1 1 23 3 9 -10 -3 38 -10 -32 22 47 -46 3 -7 -24 -4 24 -23 16 -21 47 -17 50 47 53 22 -27 25 -27 -2 28 -2 -4 -61 5 -21 -9 31 56 47 -34 -56 14 -34 -7 -4 26 25 7 25 3 -16 3 1 -10 -2 18 -32 -14 18 -7 26 -25 -24 14 -10 -23 -10 -16 21 16 -2 -22 58 14 -27 1 -6 -2 1 -54 -4 22 27 -55 27 40 47 40 56 -34 -12 -7 -7 -16 7 25 16 -11 -3 -11 32 -1 -32 -37 -56 37 -12 -14 71 -10 14 -2 -10 -10 2 -4 16 -4 7 2 7 -28 18 -28 -71 1 26 6 22 29 24 -27 -48 1 -40 1 -12 56 -12 20 -6 -42 -26 16 -46 1 11 -7 1 -32 7 41 47 -41 27 12 27 -30 7 66 46 -22 -29 -7 -3 1 42 -28 -18 44 -1 20 -30 75 -26 -50 -40 6 1 7 -56 -7 -9 28 41 -38 9 27 22 -16 -30 -3 11 46 4 50 -1 1 16 4 9 11 7 38 -50 -12 22 -25 9 3 28 -45 4 9 -14 16 -9 24 -11 45 -23 50 35 -3 25 4 -10 -28 -7 32 9 -12 -7 9 10 4 -45 32 -21 -14 -7 68 -31 24 22 -7 -23 -46 -12 3 2 -28 -22 -3 -32 27 -1 -7 2 56 -31 -4 34 32 21 7 -3 47 25 -22 47 16 27 7 2 4 -27 18 4 -23 14 -21 -1 14 47 -60 -10 34 14 -40 7 14 -56 25 10 -6 3 16 1 1 2 22 -56 -18 -27 -14 9 -37 -14 22 12 12 -27 7 35 48 -16 14 56 11 82 -6 32 -1 16 28 22 41 71 -31 -51 10 -40 -37 -2 56 -12 4 6 -7 7 27 -2 20 -11 -4 -31 32 -17 -6 -37 28 29 14 -71 -1 -50 -10 -12 2 29 -30 -5 11 -46 7 -12 30 38 20 -7 72 26 -41 -10 -6 -27
s 111110011001001111111110111101101101010101110110111011110001100000111101
m -28 -28 61 -81 45 115 -48 -21 -108 -45 -49 -79 22 -67 -39 -106 56 59 -29 -86 -48 -22 -46 76 53 31 -31 -74 52 17 107 100 -99 47 66 -64 82 73 3 -69 6 -95 -4 30 -106 102 102 -111 -38 -71 -100 97 15 -31 -115 3 -6 19 82 123 99 99 -48 96 116 -84 -82 -65 -7 -28 -75 67 90 87 -13 -59 -12 43 120 -45 -87 96 -37 3 -102 55 -64 110 -110 -26 -111 1 -94 -72 -76 -79 56 -58 -92 -80 -27 104 -66 49 3 44 -64 -23 35 116 -11 63 -113 -82 -2 95 -8 24 21 87 -29 -51 -83 68 64 -23 -59 -124 -78 -51 56 -42 103 32 -74 -109 29 -89 -124 51 -98 -19 -11 -2 108 -106 105 57 -95 29 121 -65 79 -66 15 -21 26 33 67 122 73 -60 -54 87 -73 59 6 81 120 26 9 -76 107 -39 -29 113 122 -126 -45 30 -45 -20 -33 -61 17 -88 54 81 109 84 -6 110 -21 -14 6 -113 49 -115 57 124 26 -6 111 1 -83 83 124 -44 -77 126 90 44 45 -59 122 -66 39 -101 100 31 -80 -89 -68 121 108 30 -122 93 74 -20 -56 -66 30 42 72 24 115 -34 -103 -61 -29 -100 -76 -70 80 23 -106 -30 79 83 74 -90 87 -28 89 -60 41 114 -67 -63 111 93 -27 69 25 83 -62 54 121 -91 18 55 -31 -112 103 43 54 96 -11 -106 -30 -87 -5 -117 18 105 66 62 85 99 -38 -73 45 -57 -85 70 63 -57 -102 -125 105 33 -30 36 -84 113 54 123 -45 -107 24 -29 61 -115 -64 107 34 -23 100 86 -113 -12 -112 -16 -55 -6 -15 -9 -26 13 10 121 -27 -3 82 -84 36 13 103 84 -52 93 94 -6 -107 29 -58 109 -99 -92 98 -18 39 16 35 -126 -106 -122 112 103 -75 -28 -91 75 -38 -105 6 112 16 -43 39 -56 -80 87 98 30 63 39 -122 5 -7 -18 -48 -44 -33 -98 -120 -124 32 89 -109 125 -94 4 81 31 -19 -56 69 -125 -127 -49 103 59 127 -106 -44 71 93 90 -85 109 -109 -9 110 21 -80 -61 126 58 -9 27 -30 112 96 -31 26 -38 -8 -18 87 126
e -22 25 6 -27 -25 8 -27 17 8 17 20 -7 -26 -35 -23 -35 22 -16 -5 -41 15 -16 -76 -6 16 -27 8 27 48 -6 46 21 -18 21 5 27 -14 -6 28 4 -32 -7 49 -55 39 -27 34 21 -49 27 49 -27 -58 -1 -27 26 -10 -19 31 6 -20 31 16 35 -16 -2 -22 -2 21 25 7 3 16 -23 -17 27 -40 12 46 -11 -8 21 -8 9 -5 3 -3 41 -3 32 4 12 -46 27 6 -46 34 6 -23 27 -23 -14 14 -14 -16 -6 3 -1 48 12 24 -16 6 10 -54 -6 19 -7 -7 6 -3 -6 14 6 -14 -12 -11 2 4 -8 14 4 3 14 -16 -3 16 -29 23 29 10 -12 35 19 -6 -53 14 23 5 14 -14 5 6 3 6 -29 1 19 -28 46 -28 -79 6 23 16 -7 23 -16 6 6 54 14 8 8 -12 -8 7 10 -7 23 -14 -18 27 -16 -19 27 29 -15 -6 -10 67 -8 2 8 -15 4 -6 -18 -5 -49 1 -14 3 23 -19 3 7 28 -7 -39 53 -67 -21 -14 -21 49 59 15 3 22 6 -7 25 -8 -39 42 6 -21 -17 -18 51 20 -29 1 27 24 3 17 -5 -7 20 -41 39 -35 16 -40 -22 28 -49 -25 46 -1 27 -16 -27 17 -27 -14 20 -46 -6 35 -21 -4 25 5 27 -25 41 -34 20 -4 7 27 -27 3 46 34 -6 -21 50 -31 -26 14 -40 41 -6 2 -4 31 -3 27 -16 23 -34 2 12 27 7 -11 -14 3 -8 -6 -6 3 31 11 3 16 8 -1 2 -3 -46 -7 3 6 3 -23 -23 -6 -12 43 -11 21 35 -21 -24 21 3 -14 10 -30 -3 6 -23 1 -7 12 -56 6 -6 48 10 23 7 -2 14 -6 -4 3 -14 25 1 -12 -16 -46 -10 29 6 -14 28 -7 -16 -53 45 29 26 14 -10 5 -12 -2 6 -10 -4 19 -14 -17 -39 -26 -6 -23 -45 -19 16 10 -39 6 2 53 -8 -37 14 -8 5 -6 -6 -6 -8 -18 19 -8 -27 28 -7 -15 53 23 6 14 16 13 6 -15 21 -8 -6 -49 28 -8 -1 7 -6 -3 27 -18 -54 52 -27 -39
s 010011011101100111011111011110111111110111010011111011011100100101011110
m -127 -108 57 55 49 -119 23 -120 -36 -13 -71 11 18 -40 -59 109 31 -92 119 -5 1 -39 82 -18 71 115 -72 112 -27 73 -44 -3 -117 -33 74 82 111 -41 3 -54 -110 2 24 -89 -43 119 -106 104 79 -22 -27 -10 99 58 2 58 -54 85 8 50 19 -62 -57 -40 69 57 -18 -106 12 -9 -86 -73 45 4 -95 119 63 49 110 -112 -92 -99 -8 -99 -3 9 95 45 -11 -59 -56 -53 61 -42 -80 96 24 16 -10 63 -3 16 -46 17 -5 121 123 -46 15 16 19 -81 16 62 -42 106 -95 -31 45 6 123 -61 -123 37 25 123 35 -78 92 -116 -69 -66 -84 78 -67 -44 -72 -5 -45 -11 45 68 94 118 101 -73 4 9 117 -100 116 62 14 104 -50 -4 -105 93 -80 45 75 -35 115 108 42 -116 -82 -77 -43 97 109 -127 76 57 -20 112 88 48 56 -123 -51 -64 -51 41 -10 7 107 81 -7 -59 94 51 -5 115 -109 -76 -56 122 29 59 -43 -42 69 44 -35 63 19 88 -33 -97 79 -123 -83 109 -37 -109 -73 64 73 -42 0 -78 26 119 87 58 21 40 87 -112 116 -92 -81 26 116 19 -66 -93 -111 -25 -112 -12 109 -114 70 -104 -39 69 -41 105 32 125 -108 -8 124 91 -83 111 0 71 -24 53 105 83 -36 95 104 -28 85 -85 22 -75 -34 47 -49 -124 -88 112 69 -29 -64 -106 -114 123 -121 19 68 105 -57 -127 -23 32 22 85 114 91 -35 72 12 -97 -50 -66 -118 -82 -72 103 -103 72 -110 15 124 -69 -23 -23 107 -94 74 69 -19 102 -4 -39 -22 50 32 -101 71 -14 115 68 22 -127 -37 -10 -46 -45 91 56 6 -10 97 -28 97 -120 68 -83 36 49 11 70 92 85 -63 -54 65 -80 17 12 -69 27 7 42 50 94 96 97 -124 49 115 -38 -46 -10 106 83 -105 84 75 60 -94 -116 15 -89 115 -82 13 -32 -20 -39 119 -111 -39 -12 -114 -71 -93 -93 34 -126 -23 -65 15 -118 -47 94 -113 35 108 -94 -89 -110 21 -47 42 -30 -122 -82 -122 46 63 35 -25 -61 -19 56 -34 110 -67 -95 31 96 40 -13
e -16 -8 72 -2 8 14 -2 -12 -22 -75 0 -14 0 -35 59 35 16 18 -3 11 9 -7 -5 0 7 42 27 42 -28 -19 -24 17 56 3 -3 7 -41 21 -56 21 21 17 -48 28 12 -28 -21 -33 21 -9 -31 -20 -41 17 -21 -17 -33 12 14 33 0 -7 -14 -35 14 21 -28 -21 -11 -23 11 17 7 -40 -9 42 28 9 24 -28 -7 3 -13 -8 65 20 -9 -5 9 4 21 41 -11 28 14 -11 70 -61 3 9 4 10 44 10 -41 -21 5 47 7 -18 -33 -14 -7 -17 -21 -7 6 11 -6 25 -17 -6 22 35 -34 -14 28 -5 58 -7 -37 -63 -8 37 -15 9 -15 -10 4 -5 -35 9 -35 5 -14 11 42 -3 -9 -4 10 -9 -37 5 13 28 41 -4 31 -11 -31 11 -7 -52 -18 6 -50 18 -6 50 -14 22 -14 22 14 22 -10 -17 -10 52 -37 84 -7 15 -1 35 5 1 0 35 0 -27 -35 -27 19 -58 19 -56 -9 24 -17 13 -3 17 4 -3 2 -31 -2 12 -11 12 33 4 35 -24 -35 1 -3 -16 7 -2 8 -27 -12 -2 -21 -33 12 56 24 0 -7 17 -2 -3 3 -12 3 -2 0 5 -12 -35 7 33 -16 42 -24 8 24 17 2 -20 9 12 -42 -41 -16 24 36 35 -3 -21 -16 -3 -28 -8 -5 -21 7 21 11 61 28 17 -24 21 33 3 -9 -7 3 -41 -14 -5 -21 21 21 -7 9 -37 14 -4 21 21 -9 9 -11 -28 41 17 -7 21 -33 8 -7 28 -5 20 7 41 -37 -8 -11 11 -9 -14 51 -4 3 -33 -9 10 31 14 -22 -7 -3 -14 8 -10 17 10 -5 7 -4 -41 -32 -20 -11 -6 -14 7 -35 3 -6 5 14 6 58 5 22 -37 -41 14 36 -40 17 5 -14 45 -31 -6 15 -11 -6 5 4 22 35 26 -14 5 13 -17 58 -4 -37 9 -10 -15 -13 52 5 4 37 40 -31 -50 -5 31 14 -58 -4 -22 -9 -50 19 13 -41 56 4 22 -7 -44 -10 -1 11 52 0 -4 -18 45 -50 -1 33 -14 0 24 -32 27 -23 -10 19 -3 52 56 2 -18 7 38
s 110111111010101000111010000110011010011110101100011000110100101110011111
m -101 -11 99 107 -51 113 99 -95 32 -22 27 88 -39 98 -70 111 -108 40 109 63 48 93 -125 -62 66 -110 17 -81 -60 59 -86 -63 94 -122 -81 -95 10 38 48 126 52 -7 -27 60 -76 -67 96 117 112 -77 -63 -27 -36 43 73 33 -58 -32 -126 -70 116 -127 79 -79 -7 28 -106 -9 -8 -14 -66 76 16 -54 30 -13 103 89 -102 -19 -48 20 -35 60 106 50 57 68 -3 -51 116 -32 83 37 70 37 -17 83 -88 -3 -96 103 -31 -23 -52 -61 58 -120 95 19 -21 -78 -96 -5 -114 94 -28 27 -37 -36 108 121 -118 41 81 -110 -66 -113 74 -14 -72 84 1 33 -16 -108 -67 43 -17 -50 -73 107 -6 -28 106 119 16 64 55 4 100 104 -73 -34 85 -65 -46 108 -126 -31 58 -6 -33 -84 -21 -29 69 -127 -60 81 59 57 103 -62 65 124 68 -44 -12 20 -83 121 97 74 -122 -38 41 41 -59 -9 -64 -25 34 -8 92 68 -104 -114 -108 -118 -63 48 20 -114 -92 -98 -4 -65 31 -88 -16 -114 -123 43 24 70 107 24 -104 20 -72 -104 -70 54 33 -88 101 117 122 94 -64 67 -14 11 -110 -4 55 -108 4 27 87 103 59 -91 -7 55 101 40 -111 -64 -120 -12 10 -109 27 28 -97 -66 119 -74 125 15 -106 -107 79 -115 30 -84 34 1 -48 -120 116 79 68 22 111 54 -103 -19 59 106 -126 -22 -56 -117 62 33 70 -111 -91 -27 -53 -119 -39 44 117 43 34 123 -61 -86 -55 83 -3 40 -105 -28 -51 -30 8 2 -4 -114 -39 -78 -26 16 75 -4 -80 15 89 100 -75 64 -14 52 9 -53 -100 -61 -26 43 -10 -113 -101 47 89 64 56 -47 45 -39 -73 -123 58 29 14 57 99 91 23 41 80 48 53 89 112 -77 19 -110 77 -49 -51 -102 -6 -78 -49 -120 -109 38 5 -54 127 -79 72 55 -78 78 103 -6 -112 -26 -96 -27 -25 46 70 -51 -118 82 70 22 -117 -102 -82 -77 -23 124 106 -73 91 -32 90 -6 -32 43 42 -122 52 -67 -22 -84 -78 -75 -38 -33 19 -94 -63 102 107 -109 102 13 -72 -125 -19 16 -68 -9
e -18 13 45 -9 10 29 -9 20 28 25 -35 11 24 -14 18 -14 -18 14 4 30 -21 7 -30 -17 7 12 7 12 -65 -21 -53 4 64 4 -4 -13 -20 -46 12 24 -34 4 -62 24 8 -24 -1 -21 -1 3 -56 3 9 10 -9 20 -3 20 84 -3 -24 84 7 14 -27 4 -18 -4 24 10 7 20 7 4 56 35 17 27 -53 -25 -7 -4 -7 1 4 1 -3 30 23 4 24 -2 28 24 14 28 1 14 8 24 8 -13 9 13 -9 34 9 -2 -92 -5 5 -7 -17 19 -4 17 26 -7 25 6 20 -6 -13 3 13 5 -17 -25 20 -7 29 20 35 -36 -6 3 -6 -36 4 36 -6 27 -8 -26 14 -6 -4 -8 34 -14 -13 34 42 -9 -42 -24 -2 24 6 -33 -6 14 -17 18 -14 25 45 -14 6 45 29 13 29 -28 -5 28 11 5 -28 -23 29 64 13 6 21 -13 -38 -21 -17 -6 -17 -7 25 -15 -21 20 21 -64 -34 -56 -10 -64 12 -10 -24 -12 7 6 -4 8 6 8 21 -4 -34 56 -14 -36 -12 70 -17 4 10 7 -8 9 -21 -21 -20 64 -56 -24 -34 11 9 17 12 20 71 -4 -24 30 -8 14 -14 -21 18 -12 -56 10 -53 -10 -64 -7 -3 -20 12 9 -24 -53 -34 -70 4 -24 18 -4 24 10 56 -15 -7 -24 -7 -12 24 29 53 -1 -3 4 -3 -84 -4 9 -7 -30 -34 4 24 84 3 -27 -7 4 1 4 27 -3 -7 17 9 -20 -7 -34 -14 1 84 -17 -9 -7 13 28 -8 -1 -28 7 3 40 20 15 8 3 27 -13 -17 14 -21 7 -56 5 -1 13 5 -3 -30 -17 4 2 -25 27 28 6 14 -17 -6 8 -25 25 -21 -6 20 9 13 -29 2 -5 6 28 -5 36 29 29 -6 25 -6 6 32 36 4 -13 -6 49 -17 -25 -42 5 20 24 29 34 11 -14 42 18 36 -49 -14 6 -6 -61 -25 -6 29 60 4 -28 -34 -45 52 -42 29 -83 24 -28 13 51 -11 -21 -6 18 17 4 -14 -7 -45 21 21 -52 46 -56 -28 7 10 -11 -21 18 18 -64 4 19 -13 29
s 010001001110101000010010111111010101110011100000101000000110110001101111
m 122 57 -40 -116 98 -117 89 -20 -16 -64 64 -123 -100 113 57 -70 118 -63 109 72 127 -75 -122 -75 -103 -123 21 -95 -30 -80 44 -38 2 -45 4 -104 28 -87 -102 126 50 105 118 102 -104 125 -99 94 -27 107 55 -110 75 -14 52 -114 61 -42 125 105 119 -95 98 -72 -35 -20 90 -29 81 0 84 -56 79 102 65 118 30 -62 -127 65 74 -32 26 -61 -26 70 -49 -119 -101 69 -50 94 37 -23 -84 -32 -109 114 -76 -79 -8 21 60 5 -7 -87 100 20 -65 -4 47 58 1 99 -59 59 -64 21 7 64 40 115 66 8 -113 75 -11 -114 55 -80 122 -33 -33 13 110 -12 51 -21 32 59 17 98 18 -64 -31 80 -16 -105 27 -79 1 106 -41 -48 34 64 71 -44 102 71 66 4 -81 36 55 -63 -101 112 112 -99 -12 -31 103 60 116 -58 -16 -50 24 70 8 113 120 -40 -80 98 -75 114 31 70 99 53 79 45 12 -85 -36 86 -6 42 109 -69 93 -3 -78 -37 -118 -106 60 126 52 -6 -96 -26 -61 -22 -11 120 36 96 96 51 61 -102 21 -122 -65 -95 49 -13 49 89 -124 -78 111 21 8 38 -6 -51 35 11 44 -25 103 86 7 2 -33 -91 -120 -70 83 -13 44 -117 20 -34 113 -101 -113 -76 7 -14 -35 74 -78 88 83 110 7 45 -96 -10 83 30 -41 39 -1 43 47 71 -17 -73 -40 105 -65 65 -32 -103 84 127 17 -13 -8 84 121 -99 -112 122 14 -107 38 108 -10 -111 -16 118 -74 121 72 72 -87 -101 -14 -120 123 -125 63 10 -111 -121 63 -124 -127 103 74 32 -23 -94 59 -100 -103 104 -46 -91 -79 81 70 107 -80 7 37 -112 -126 -109 -31 -11 -4 -75 94 -127 72 46 -3 -99 -97 -62 35 -63 1 -55 86 96 -38 -66 -39 -119 -9 17 73 49 102 -6 123 -107 95 -28 -100 120 -108 -13 -70 89 46 -87 33 7 -16 -30 -21 2 -10 -112 33 73 104 -41 82 -71 -7 91 -65 45 114 57 44 -59 70 115 -25 -6 74 89 -51 -60 -94 33 -54 -66 81 -103 80 74 19 49 -101 -71 -21 -40 99 -18
e -7 0 -27 -46 0 -7 46 34 -40 18 -31 -14 31 -10 32 10 -7 -29 4 10 52 7 -10 -22 7 2 40 2 -36 11 27 -7 12 -7 6 86 13 -44 7 13 57 -19 13 21 -6 21 7 -54 7 -39 20 39 13 3 73 -27 -1 18 14 -1 -31 -14 -15 10 15 -26 -7 -18 -19 50 -19 -27 -7 -9 55 -2 -10 -56 -27 -10 23 -7 28 29 -4 -29 -11 -10 -11 -9 -13 -3 -13 -69 28 13 7 -28 7 39 21 -1 13 -1 -41 -44 7 -3 -14 -66 31 -15 1 31 -18 1 -7 -71 28 7 27 7 15 -1 -15 4 27 6 -29 -23 -7 49 52 -7 12 -43 12 -41 -9 19 -7 55 -7 6 33 -2 6 7 6 6 -4 6 -30 -7 36 25 -3 -25 14 -13 14 -2 -1 50 29 -7 -27 29 7 -27 -7 -15 7 14 4 -14 -21 -31 14 32 -12 2 -86 -12 -52 -87 -19 52 22 -7 22 19 -6 19 -17 29 11 2 -24 20 -3 -30 -7 13 -25 7 19 -14 -19 6 -2 -16 54 6 76 -29 22 52 -7 -7 22 -19 0 -19 6 -46 11 54 -18 -2 20 -31 86 3 46 7 -32 -18 -4 19 -56 63 6 10 -7 -54 -31 -9 -20 0 -27 3 46 7 -42 18 -2 -13 -31 -27 -44 10 19 -28 7 4 -21 0 10 -7 -12 13 19 2 21 35 -27 -7 7 7 -39 14 -4 -13 15 10 -44 18 -13 -14 11 21 -31 9 24 18 55 39 19 -10 25 -27 23 44 1 29 -57 -10 -7 -15 23 -3 -18 29 28 19 11 28 27 -12 7 1 55 1 10 -28 15 23 7 -4 -29 1 -31 11 -7 -1 9 -3 7 55 13 35 -28 -1 7 7 -7 6 1 -7 -29 -7 15 -7 18 -4 -12 13 42 -19 1 7 14 7 -12 2 -7 -19 6 28 -7 6 4 10 30 -31 -29 -39 7 6 -14 -34 -30 32 19 -25 35 -15 -50 -35 6 -4 -7 29 -6 14 6 -27 -11 -30 -9 2 -25 14 -86 14 14 -53 -2 32 -28 8 29 19 -27 -52 54 7 -22 -20 14 -19 -3 14 -11 -7 -32 -2 45 -29 -86 -6
s 110100010001011001100011110101001100101100101011101011111010111010111110
m 122 -95 3 35 110 45 81 8 -104 30 88 100 -18 -81 -127 37 -46 -32 81 -59 -50 -112 -68 -35 96 -65 89 92 108 -35 -63 86 93 44 13 -46 -6 127 52 47 54 127 -117 -67 113 -123 -49 54 56 51 -54 -21 -105 24 -120 123 -122 57 -99 -14 -125 5 5 -8 -112 6 123 95 -7 -127 13 -98 -39 77 -62 42 -90 -57 19 -63 52 55 107 -89 -2 -13 -42 -16 -3 35 97 -110 112 -72 -45 3 1 -68 126 41 31 -85 -13 -17 -26 109 29 12 109 -18 87 36 -102 35 59 -31 -121 35 92 54 -46 -20 105 53 -63 127 79 26 -11 -45 -24 100 -90 51 105 -50 85 -115 -54 -126 54 95 -25 71 -63 -71 -37 -73 -76 -65 -57 54 -85 -27 -29 125 70 -69 60 114 -73 -120 -57 -86 -26 -105 121 27 55 -38 33 94 91 -108 122 82 65 58 -103 58 99 -53 34 9 -70 4 -16 127 0 -48 -98 5 64 113 32 0 6 -72 84 -51 -74 45 -98 80 -35 -98 3 -121 -10 -95 76 -7 105 -53 11 78 37 -82 -75 -14 7 26 42 -47 -6 5 94 -30 -26 3 60 91 124 -99 109 -65 -111 -54 44 126 -75 -58 63 -33 -44 110 -65 19 97 -112 1 96 -64 43 87 -94 -70 -103 104 -119 -36 -50 -18 -37 -36 25 3 -13 -38 52 36 14 52 -126 -112 -1 100 -80 -98 117 -22 -107 31 31 102 8 73 -107 80 -64 -51 -39 -16 109 117 102 -21 49 -48 53 -124 -5 76 -82 -99 -100 80 -81 -30 114 -71 -30 35 -71 -3 38 83 6 -109 82 -63 -77 -114 70 -45 24 33 -69 73 -90 -44 92 75 31 12 -126 -93 -41 -99 -124 -47 -25 98 -18 54 46 -52 39 7 70 -99 -34 34 93 33 51 82 29 -56 112 -122 -38 37 -90 6 36 -60 4 -53 47 71 -81 61 30 -86 -127 27 4 100 19 42 -18 -26 -82 -78 -113 6 -82 -16 60 81 -38 -7 -23 -125 -105 4 -25 -58 -86 -107 -89 -51 42 -109 -63 60 13 4 57 0 -43 -83 19 -10 54 -63 -11 -42 11 -12 -111 47 -127 -75 36 -83 76 -91 -118 91 -58
e 13 -12 9 -5 12 7 -5 23 11 7 -16 37 66 7 50 -7 -13 -6 -2 -7 -12 32 -7 0 -32 -17 -5 17 1 6 -1 16 3 16 -2 -4 12 -32 -32 13 -32 -3 -13 -3 -6 -3 1 -10 -1 19 10 -20 6 42 5 1 -13 7 -5 -47 16 56 14 29 -5 -31 13 -6 -12 -12 7 -1 32 31 -19 17 40 -19 1 40 40 16 40 -12 12 -39 3 -7 28 48 13 11 3 -3 6 3 -43 6 28 19 41 -7 6 -7 11 -32 -11 -27 5 -45 31 5 16 49 -6 16 46 7 -46 18 -1 -22 29 13 -29 16 -40 -27 0 -46 34 0 -12 -21 -6 3 -6 4 -31 4 -22 19 42 -23 6 -4 38 -28 4 33 -7 -4 23 11 23 -4 -11 4 14 3 -14 -4 16 50 -6 46 3 6 18 -3 7 29 7 11 16 -11 37 31 -37 -50 -21 -3 4 -6 -12 30 4 12 0 22 0 -17 -23 -5 -6 10 -28 -3 -4 10 -21 -23 32 21 4 32 -9 -14 3 6 4 6 -10 33 -27 -10 -7 -12 32 -32 0 -3 12 5 7 -31 -6 10 -7 47 -10 -16 4 -21 -5 -16 32 -7 -2 -3 16 -7 -6 7 32 -10 -13 37 -10 -12 17 21 5 -32 19 -7 -17 6 -16 -1 48 7 -39 -13 -13 -2 35 -37 -7 -1 -35 33 7 -17 -3 -5 1 1 -13 16 -19 -5 -2 -6 5 14 -32 6 13 -5 3 -3 -5 31 -1 -6 -50 19 -7 -40 6 -1 40 32 -13 -12 5 40 11 5 -40 11 -6 -12 -3 7 -3 -21 -1 31 -28 -13 -19 7 47 -6 30 -40 28 -16 -12 7 31 -3 -23 16 -31 11 46 -19 -3 -18 -6 28 -22 28 79 -23 15 18 0 11 29 -21 -11 16 -6 3 -31 -4 16 21 14 46 -8 4 -18 -14 33 29 -22 4 16 -23 23 -31 0 -31 -21 -4 53 6 26 50 4 4 23 22 -33 3 -23 -4 -10 0 33 11 -17 -3 6 23 -7 -3 4 -11 -4 -14 37 44 32 -51 0 33 -6 -5 -3 12 10 -7 0 -45 37 5 21 -37 6 -46 50 3 3 -6 4 6
s 101100101110000101001100000101001010001100100100110001010001001011101111
m 93 102 126 126 8 -125 26 114 4 94 29 -53 -65 -42 -93 59 100 -105 82 32 74 80 -6 -53 124 63 7 -116 51 -88 103 -81 -76 -88 -113 104 97 125 -90 109 -96 99 117 -21 53 51 85 -109 -42 75 40 122 26 -86 -94 94 -50 60 -109 -50 79 4 94 16 -96 -78 -26 -18 89 -83 49 -11 -11 88 117 32 53 -44 111 93 -120 59 -17 86 -75 -94 -42 -7 45 -13 44 -72 -73 -60 43 -114 63 -48 117 -126 67 32 41 83 88 82 30 -14 -56 73 -39 84 -117 -72 -3 84 6 5 -30 -33 75 40 43 124 -56 -109 45 5 -47 48 -67 93 -53 124 42 56 -20 -57 -95 34 39 -53 85 29 64 -24 88 119 -65 45 13 41 98 47 -102 -47 1 58 5 63 22 68 22 25 36 -70 -51 -123 92 46 -97 -16 -105 29 92 117 -101 -33 -116 -38 67 -42 6 30 -118 -81 -76 -51 92 122 31 77 -58 -114 97 90 116 40 -49 27 -63 17 55 125 7 -88 115 57 73 93 1 -19 85 71 -30 79 -49 -103 -22 36 -123 103 -117 52 94 23 32 126 108 -36 -5 90 56 17 -117 109 114 14 43 103 11 -59 114 67 30 -22 39 112 -60 -73 89 7 20 -7 78 122 -46 119 -75 -2 -43 48 -83 -121 -5 70 -75 45 -75 -2 118 109 -12 -17 -25 -59 54 109 -71 -8 -88 124 -60 -75 -14 15 103 -39 -85 115 63 -68 -7 120 90 110 100 -88 -126 -16 -45 58 -43 77 71 110 -93 8 81 -111 12 58 46 -118 59 65 23 92 -79 124 -98 -36 -7 88 71 47 24 101 -125 -88 98 -63 9 -24 -34 96 -87 75 -55 -91 -50 111 -76 27 -39 -31 -80 -35 -16 32 100 54 -70 50 117 -25 66 69 -74 -90 119 39 20 -31 80 21 109 66 -57 111 -27 -71 111 76 126 61 24 -79 -85 42 -87 -18 -80 -53 -3 127 53 81 87 35 -85 -106 -55 118 -103 -62 124 -78 -47 -125 -8 77 34 105 54 -101 -7 33 -35 12 -91 119 -87 -38 71 79 -51 -110 88 90 108 -95 120 86 51 125 26 -110 -57 -120 19 98
e 5 -7 31 -18 -40 7 -18 13 -26 13 -10 7 10 14 11 -14 5 32 38 6 -29 -7 -7 28 -7 -15 34 15 2 -28 2 7 32 7 -38 6 23 -38 -20 39 38 -50 39 22 17 -19 2 20 -2 69 -5 66 36 7 18 -10 -32 13 4 -32 -10 -49 7 -37 -7 3 -5 3 -5 7 -5 51 7 -12 -7 -15 -7 7 2 -7 11 -7 11 -47 -38 47 21 -6 -21 77 75 1 44 19 42 44 2 -38 -28 -66 -28 -12 23 -12 -27 -38 -30 1 4 -22 -8 7 20 -8 16 -20 -27 -11 6 -28 -10 28 14 32 -14 22 -7 -26 21 -11 35 -21 76 -35 16 -21 -16 -3 12 3 -24 7 -24 -5 38 1 -40 -28 -36 -50 -14 37 15 -27 -15 -7 -13 7 -18 -44 -5 -1 -24 -11 -47 6 -31 32 28 31 7 -21 7 -4 -22 -4 7 -8 7 11 -35 32 17 16 29 -6 -3 29 -28 -24 -47 7 5 -7 28 -21 28 -32 -36 -5 7 70 20 -7 30 -20 -50 -5 -50 17 -19 -47 -20 -40 20 -5 14 29 -49 5 28 -50 7 7 17 -18 42 -20 13 35 24 -10 6 -7 18 -7 20 53 53 -50 -26 -6 17 -14 -7 27 5 -15 5 7 2 -15 -21 10 66 13 15 23 10 -45 68 -14 7 -39 -23 38 19 -7 -6 -37 -7 39 5 28 19 10 2 2 -32 52 -66 -4 -38 -23 -7 6 -38 3 -39 -4 -21 19 -13 -12 2 -3 -7 -66 5 7 -23 -10 11 -38 32 -47 4 -14 -27 -7 -15 -1 -3 47 -44 -5 -21 38 10 -12 28 -44 39 -12 -7 38 14 -11 28 22 -47 12 29 21 27 -20 12 -1 6 7 52 28 -38 -20 24 59 6 5 12 29 -21 -27 -14 -35 -1 64 16 -44 -8 -3 -20 -44 -5 6 16 -1 28 3 40 14 35 -36 -22 -5 15 8 -42 -7 35 36 7 -18 -15 11 -30 7 -32 -24 -5 41 5 1 7 -21 40 4 36 -31 -28 -15 49 -32 7 -4 6 5 47 -45 1 -22 28 -40 32 -7 31 -29 20 7 -28 -5 -4 -7 -7 -7 28 20 -11 32 64 32 6 17
s 110111100011100111110100001010011001101010111011011101100011110100001011
m 126 -121 -37 -11 96 106 -93 -93 50 -10 -98 101 44 44 -45 86 117 46 -107 89 -3 44 77 76 -50 -87 1 103 -100 27 -114 -9 118 61 -127 -64 111 -95 -91 -117 78 -116 -90 -9 -23 -127 0 4 -42 106 21 -41 113 -47 17 -49 106 20 -102 110 104 -13 -20 -23 32 59 76 82 -67 94 115 -123 -35 -118 -27 107 -105 -84 39 -30 125 12 -106 23 66 -42 23 -106 -87 -98 37 49 -10 -80 -34 -6 71 -111 16 -113 -17 91 7 32 40 107 30 -78 108 -41 5 93 -28 -67 111 8 2 -57 -74 -110 -55 -102 15 -75 61 -49 -29 98 -50 82 92 22 60 72 27 88 -111 70 -117 -88 -85 -120 -53 -41 63 -32 -123 -89 -31 4 65 118 -53 -119 65 -73 -6 -126 -54 83 -127 -97 -87 -93 125 -113 79 58 85 -99 -98 118 113 -64 64 85 -37 -121 121 -95 118 94 -71 -45 14 36 17 -34 36 -16 -38 -93 -55 121 -26 48 -77 -118 -77 -83 16 106 -99 -98 -105 93 -116 111 127 -97 110 23 -109 82 -117 17 -52 27 8 -68 97 -102 -91 -30 -57 72 114 64 53 -30 -103 -93 -39 37 -42 -87 76 74 -24 -44 -64 64 115 82 -70 -118 18 94 -113 -67 14 1 13 1 -111 47 -62 -54 7 -4 -40 117 -17 22 -120 3 -97 121 -49 84 -47 106 35 -125 -6 78 48 98 -35 103 -61 -114 23 105 60 -96 -80 -76 -108 127 -41 -113 -77 -126 58 -17 10 -84 -15 -24 -69 42 58 -89 -74 -110 67 53 13 35 -115 -110 52 -72 86 -37 94 -67 118 -74 -100 -28 89 -24 -2 -72 65 -42 40 120 17 120 65 3 -126 34 90 58 121 -75 121 104 90 -39 79 -65 113 -22 1 -127 73 65 -106 95 -93 -109 56 -5 -30 -120 -49 62 -60 15 -85 33 71 39 19 48 71 102 53 -108 71 30 52 71 47 2 -107 -123 -101 80 21 60 -85 59 80 106 -125 64 -26 -113 -22 8 84 -78 106 -52 -107 52 9 -94 -84 70 -89 -44 30 126 -77 -67 65 54 -36 30 93 45 39 85 -44 -12 -106 108 103 86 126 -12 103 -91 -98 -6
e -16 -59 32 -12 59 -23 -10 9 -7 18 7 -33 -7 -21 -70 -21 -16 -51 -3 43 -13 -1 43 -32 1 55 -11 -55 4 -23 4 11 -11 -8 -3 32 -7 35 -7 -20 -35 -39 -20 -6 6 -6 -37 -56 0 36 15 -54 -7 -1 10 37 25 -9 -12 25 -7 -59 28 39 -18 15 -16 15 14 59 -14 37 1 -65 -9 -55 2 -9 -4 2 -37 -8 37 15 3 -15 3 -43 -3 -65 20 6 -5 -6 -56 -5 0 -30 -15 -36 14 1 -48 1 12 -35 12 -6 12 -43 -27 -18 7 5 15 -25 14 14 -2 -63 37 -63 -42 -25 -14 -36 2 20 20 -37 -42 -42 15 -42 -40 3 24 -15 -65 15 14 -9 14 -20 30 -27 -4 14 -2 17 1 2 -46 -12 46 -8 -43 -8 -53 5 -48 -27 7 -40 -41 -2 -32 -41 63 32 23 -14 -23 7 36 -7 78 5 -33 -40 -42 -11 32 24 3 -35 -19 -3 -34 47 32 1 -20 -1 24 -20 23 11 -2 -15 1 46 -7 -1 -8 7 -39 48 39 6 27 -6 4 4 4 19 21 3 67 16 -32 -39 -59 1 6 10 -23 -4 -9 11 -15 7 32 1 -10 8 7 -9 -3 -90 7 43 -6 -21 1 4 -60 -55 -15 -80 -4 14 10 -31 -36 -9 77 7 -39 13 69 -21 8 33 16 21 -6 59 -56 0 1 20 -14 55 -8 -37 -4 0 -25 -8 -36 -12 3 -7 -18 -43 35 -15 -20 12 -3 -6 18 -65 0 -46 24 -36 31 2 7 -43 -37 35 -25 -15 12 -2 27 -18 37 -6 15 -15 5 14 3 -30 -37 -79 14 -31 9 -1 21 -30 -14 51 -14 36 21 1 -5 21 -12 -7 65 6 2 -9 5 63 30 7 -14 14 2 -36 21 -63 -20 12 14 -42 -6 -36 -24 -6 5 15 7 -42 -48 2 24 27 75 -15 4 -14 -14 2 36 -20 46 -5 -20 8 -55 28 33 24 -46 40 -15 8 41 -14 48 -32 -20 27 40 20 -4 -39 2 32 -23 -47 23 -11 53 7 32 48 33 -3 28 40 32 -4 -41 -1 33 3 -4 -23 -32 15 7 1 -1 -33 -23 7 40 27 39 41 32 21
s 000110011100101011000111100110010001110001000010011001001001111110001011
m 54 -21 -116 -66 118 114 15 -49 -19 29 -56 -13 67 84 39 68 81 -74 53 61 -10 15 -32 20 -22 110 57 89 -126 30 -18 2 86 58 49 110 8 16 -92 38 89 -47 -93 -56 117 -22 -29 101 -82 -98 -23 -68 79 74 20 -33 -108 127 97 -18 0 -69 -71 0 -122 -122 122 -24 -9 -51 -82 125 -4 53 -111 -65 -16 46 37 -18 -125 -83 121 -31 19 66 86 -12 5 66 -54 -90 111 63 41 -101 -48 -88 -85 -120 -11 -88 -28 -122 -13 8 83 -112 -124 95 7 -13 80 -53 57 79 113 106 -105 -81 -113 -25 76 109 89 84 -8 -3 21 -89 -86 -15 46 -11 75 -100 -88 -89 2 -11 8 49 90 20 -57 38 -95 -21 10 83 61 -4 -11 100 -91 34 -108 -97 -73 104 -110 6 -88 23 -72 6 37 -58 90 118 25 -2 -101 -46 18 -33 -23 84 90 -82 14 55 97 26 51 8 103 -37 -113 -14 13 -14 18 48 7 76 -108 -36 18 -62 86 -89 -73 -5 95 -55 84 68 -92 106 -66 38 90 101 44 65 7 -46 -121 14 -59 59 -80 -4 -58 57 123 -42 92 19 111 62 48 -29 44 -108 -8 61 -55 53 -45 -50 74 58 21 72 49 101 21 23 12 96 -50 -16 -8 -70 82 -122 45 -112 20 101 -103 -16 30 97 -6 -64 -5 108 -18 -33 -13 -118 -89 -125 -123 -8 -115 -121 73 -50 38 -112 -57 0 49 43 61 62 -62 -119 -123 111 99 -11 -97 -51 -127 -36 40 -106 27 55 10 46 87 1 -51 57 -8 -2 -69 44 6 -104 -81 4 -111 -71 119 -124 -29 -68 28 -110 113 112 -10 45 -94 105 46 54 69 117 -108 -46 113 -34 45 -71 20 119 96 -81 -64 43 -22 -120 47 116 53 107 -111 101 41 -19 -2 -58 43 109 126 -122 -110 -22 -84 14 65 7 -100 124 -47 126 14 88 -76 46 91 -19 81 -105 -42 84 99 -37 0 -86 120 81 85 -109 46 -104 60 103 -37 70 -78 43 2 101 31 -31 -111 98 29 45 -90 68 -19 77 -49 111 42 126 -91 -49 -27 36 24 20 98 49 116 -21 99 -11 -114 -41 -90 105
e -13 -21 33 -14 19 2 18 -26 21 43 0 -21 0 0 -21 0 -13 0 -17 0 -33 4 0 -12 -4 -57 -4 -57 11 -7 11 -51 -10 -2 -17 7 25 -7 -7 -14 -7 47 14 6 34 6 7 37 7 7 19 7 7 -5 14 -93 9 26 -44 9 40 44 12 -7 12 -10 -13 -10 -12 -19 -8 29 -14 -2 -26 72 1 26 -11 1 7 2 -7 -39 -34 28 5 0 48 -2 14 -2 -6 -6 -4 6 7 4 -9 7 -9 -20 -7 -20 -45 -14 12 -2 44 -16 -2 50 38 2 10 38 6 8 -6 22 -29 63 -2 -9 -2 -16 1 -16 -14 7 -10 19 28 -13 -23 -5 23 10 -47 13 -13 26 -7 3 4 6 -53 -9 -4 53 20 9 13 12 10 -28 -2 28 -60 -6 -60 20 -38 -35 0 56 -37 0 -22 -33 2 7 -2 17 -40 17 -12 -2 12 21 10 -10 7 -36 9 42 -10 -9 12 7 -17 4 3 -4 -27 -14 7 10 -4 19 -5 10 -7 26 -28 -7 -42 64 42 34 -6 51 37 53 37 -19 0 -9 -7 -27 12 -42 -19 13 -34 14 -7 -39 26 -10 -19 0 7 5 14 2 -19 26 17 -42 0 0 34 0 4 37 -13 -57 -21 19 -16 -5 -14 -4 45 -26 -57 -7 0 11 -7 0 2 29 -13 -17 20 -19 0 -7 -4 14 -8 57 6 -29 11 26 9 2 -7 55 -17 -7 12 5 -7 10 -14 -44 -5 6 12 -2 -7 -21 -26 7 -8 1 7 -29 -7 -7 -16 28 -44 -7 -12 -12 24 -41 -10 28 -17 -8 -5 -18 -29 2 9 9 -30 -20 -1 4 -2 -7 -10 -16 -28 20 -2 5 12 38 2 -2 6 -26 -6 22 -4 38 -7 -9 -6 3 -54 22 -14 12 -2 10 -2 -16 -23 6 7 10 70 10 60 -6 23 -6 22 -10 53 -2 7 -4 16 3 -10 -2 14 -28 10 4 12 23 10 -21 -10 28 36 7 60 -33 3 -6 2 14 57 -17 4 -33 7 -10 22 -10 -30 17 -7 60 12 9 -6 -21 12 53 0 -4 -33 9 -37 -2 12 -19 -17 -4 -5 12 -7 -7 -21 17 42 0 -7 34
s 110011010010111111100101110000000011010100000000110001010100011100101000
m 27 -120 116 -44 51 92 -62 -125 -42 115 79 46 -119 49 -60 -84 -79 118 -78 93 -90 108 -71 -24 120 -86 3 -38 88 107 -27 34 44 4 -35 -109 -6 97 102 -46 -122 35 -76 -124 124 -66 -38 73 15 20 57 3 28 -84 -63 56 4 18 -108 -82 -19 97 21 88 2 -120 -88 -73 39 -41 -113 48 102 -94 -33 -67 -99 -94 114 62 -109 -15 -71 88 64 23 -83 126 -127 -30 -67 80 51 -35 -97 44 -78 -42 -102 47 21 -79 -26 121 89 -90 -17 121 -83 -27 73 14 39 -24 -53 94 20 13 -13 106 64 -56 96 -65 44 -80 -24 -26 85 113 -60 -84 -82 -117 -59 -101 -91 28 127 -81 -19 41 -33 44 -97 -27 -93 48 79 70 12 -32 65 -76 48 108 -117 1 126 38 3 -55 -23 92 -110 -97 -108 86 3 -14 105 97 -106 121 41 121 119 121 17 -90 69 -78 104 -87 -50 82 -123 -31 46 5 98 66 -116 -33 5 -93 11 -92 108 -87 -118 -20 -66 38 14 -45 50 75 -40 72 31 -78 -31 -126 40 86 80 -85 -53 -82 0 45 26 30 -17 -126 70 -50 121 -25 39 14 22 74 -4 15 44 87 -14 45 57 -30 70 -32 124 -38 119 123 2 -10 -5 10 -38 73 35 -97 -114 -96 -107 17 8 33 -35 -94 38 104 124 94 -20 73 -7 -103 64 106 -117 -82 123 90 -2 -67 -50 24 20 52 -106 25 -63 -76 -112 -19 95 46 -22 60 6 -96 21 29 -62 88 -96 47 56 50 70 -15 -37 -92 -73 8 -78 -110 -6 125 -37 -89 75 34 94 7 102 -26 24 71 108 121 -44 -1 113 18 91 17 104 126 32 -1 -97 -107 -95 21 -106 -55 -115 57 -62 68 -82 61 -88 -10 -62 -88 -96 -122 84 7 -40 -110 -81 -29 -87 -60 76 24 -91 -73 119 -59 88 103 -94 -85 -53 40 -37 35 117 53 96 -98 -112 -73 88 -111 -12 -41 -56 -93 -96 51 39 -66 84 -100 11 99 -4 71 95 -34 -76 48 -69 61 17 -90 -37 -119 -26 -60 -118 -39 -51 6 99 -29 94 -20 28 33 15 27 -36 96 -110 5 65 100 24 -15 -88 79
e 34 -9 13 4 9 18 4 16 14 -16 -13 -15 13 28 -53 -28 -24 14 -13 -18 -26 -7 18 0 -7 34 6 59 5 5 -5 -4 -22 -14 -13 -15 23 7 5 59 -7 -21 41 31 -15 31 6 -28 -6 3 -2 18 -6 9 4 -42 -2 -77 17 2 13 -17 2 28 7 -6 -24 -6 12 -9 -12 -42 -7 7 -19 34 -21 -19 5 21 1 4 1 14 13 14 66 -18 66 7 41 74 33 41 -30 33 6 -30 19 3 -42 -11 6 11 15 -7 -28 70 17 7 21 2 -1 -31 -6 -1 -12 35 18 -3 -42 3 -39 2 -39 7 -55 -35 55 -1 -53 -55 -14 -53 -35 66 -35 -11 -7 11 5 19 5 23 -30 23 -10 -19 -4 10 15 4 18 -15 18 1 -70 13 3 33 66 23 1 53 -14 12 -13 14 -9 -45 18 -39 -18 -14 -7 -14 -15 21 -33 -53 53 22 15 -35 -26 15 11 -26 0 -17 0 3 -23 -3 10 -55 5 22 -4 2 9 -30 -5 -9 1 -5 -21 3 21 -15 -23 15 34 -10 -28 -2 28 -26 -5 -24 -21 -21 9 3 62 4 5 28 -16 39 -2 -17 15 -9 34 -4 5 -16 -18 -21 -13 18 -15 -29 -7 28 24 -34 -29 -23 -15 -32 4 -7 3 16 34 6 13 5 44 28 4 41 24 13 -31 9 22 -6 64 41 12 -34 31 42 5 -6 4 4 -3 -17 13 -6 -2 -18 -7 -6 41 21 -66 -31 -2 -7 -14 -6 19 3 -12 21 6 -42 -1 7 -2 -21 17 -21 -15 2 1 -70 -47 14 -34 -12 -73 37 -42 -27 -19 2 19 11 21 30 39 49 -19 -7 14 11 21 -66 15 21 7 -70 12 19 -33 3 -30 -1 5 -19 12 23 -11 3 -74 -15 39 -53 70 -16 -52 -33 -21 11 1 -53 3 -12 -35 23 -3 11 10 -39 5 4 7 23 -18 21 55 1 53 4 15 -35 18 -53 25 -1 -14 5 -3 13 23 23 18 -55 35 -14 28 13 5 -18 -18 -22 -1 -14 20 -3 15 -26 24 -53 0 -10 -14 3 13 -28 -28 -67 0 -2 -37 3 9 -15 -5 39 53 -22 -31 -45 -15 -15
s 100001101010111111001000011100001010000101111100011011100100000110111000
m 77 87 -121 99 9 -123 -16 -32 -40 32 22 64 -93 85 -120 -75 55 61 72 -88 -57 91 -63 115 15 -10 25 108 -16 -50 37 2 45 -33 4 2 33 -94 -79 118 8 -68 -108 6 -87 47 48 -102 85 10 -103 -32 21 -77 -7 119 -71 -32 -114 57 -31 47 -69 10 -120 -10 -125 -48 -101 7 91 35 -61 16 2 48 -42 81 -124 62 78 -32 -10 73 -2 45 53 18 30 -91 24 -111 -26 -44 48 -1 -3 -124 -91 -90 33 93 -40 -94 81 -73 -67 34 46 -47 36 35 -40 -22 27 -47 70 -107 -94 115 103 -20 -49 -49 115 -101 14 122 -69 -1 -42 -86 -7 -119 -80 -42 -83 62 13 -41 78 32 -103 93 67 75 -61 81 -120 90 -105 103 -120 -46 57 19 -96 -31 -23 -43 -22 -43 2 111 -63 -122 -54 -120 2 64 -47 84 -46 81 -116 -59 -66 -103 -127 -89 48 26 65 -108 2 39 25 -13 105 99 -118 5 -54 -50 -32 49 89 -39 -99 43 63 -98 48 87 -95 -48 108 45 12 104 37 -123 -34 7 104 -40 -52 108 7 4 -65 70 -10 49 -109 -15 -74 106 52 -65 111 -12 96 106 -8 105 -104 30 97 -78 62 70 -54 92 -41 -29 -57 -90 101 89 2 -1 101 31 -82 22 55 22 -126 -26 -45 -114 -85 -31 -14 -23 9 23 -76 -113 111 -83 -102 62 54 -9 -28 119 -19 119 -26 73 -79 9 -78 -92 -84 125 45 -100 -34 126 107 114 -103 -24 52 -73 4 92 -49 3 -117 -20 -40 74 -51 -100 -9 -99 66 67 6 -80 -37 -107 6 -94 -77 44 -114 -68 -58 54 -22 106 -78 -63 25 18 -105 64 -122 43 125 54 -109 38 51 -38 98 23 116 -81 -111 75 57 47 115 111 13 -15 -99 99 90 26 -123 46 -101 1 -27 126 -43 97 -61 -66 -74 -8 35 8 23 117 33 -81 -94 -122 -101 121 -81 100 -15 33 14 51 -93 -43 -110 -2 125 -86 33 60 -85 49 -81 -13 9 33 -104 -108 -32 70 -9 115 -37 122 -36 25 62 74 24 58 24 -31 99 -113 -103 -3 100 -91 -23 54 -7 44 -22 -14 1 15 -56 2 -119 68
e -4 7 -29 -7 7 -3 7 -20 -12 20 11 -14 -11 -9 -1 9 -4 -2 2 -16 2 -14 -16 21 -28 -42 5 9 2 -20 -2 -28 -14 2 2 33 -8 -7 7 21 18 -11 -21 8 48 6 3 -26 3 23 35 -9 -8 1 7 3 17 -20 41 -17 -11 -41 -31 -46 -31 -6 4 -6 -4 8 4 3 14 12 28 9 13 2 2 -13 -1 2 1 7 -4 7 -6 56 -6 -12 28 30 -1 -6 59 -23 -42 -42 -22 -9 22 -48 8 48 8 -7 -8 -34 -42 16 20 61 -2 -32 6 -2 45 -4 -45 2 3 -2 -7 17 7 16 -20 29 12 9 -42 12 -40 -37 -29 6 -29 1 14 -1 2 2 -2 29 42 -33 7 22 -8 -7 48 8 13 -8 -13 -8 30 8 20 -1 21 33 24 1 2 -45 -29 2 18 29 -3 7 -3 12 16 -12 14 -20 14 -1 37 -14 2 -29 -12 2 1 2 21 2 -21 22 -29 -5 -20 -12 20 14 -8 -35 -1 13 -7 -1 8 7 11 -20 49 -48 -38 48 -26 -31 26 38 9 -2 -13 -13 -21 11 -7 5 48 7 -20 26 20 14 -35 -20 2 -1 7 -2 7 20 2 -11 11 16 60 -9 14 -30 4 -9 -35 7 -14 7 -7 -14 -9 27 9 -8 -11 2 -7 9 2 -21 4 -2 6 7 -16 -3 -14 -21 -4 9 6 -3 2 3 35 -2 -9 -41 -2 -19 -31 -16 -7 6 21 41 6 6 31 12 -3 -6 2 -9 80 -13 8 8 1 -7 17 7 41 13 -14 -31 -1 -30 9 -7 -1 -4 -27 -42 -3 12 -22 17 -2 -56 13 42 -7 1 29 -23 -7 -48 -20 -6 8 2 -12 -30 50 -2 1 2 42 -2 -2 22 45 29 -48 2 -43 -8 -7 37 -30 -16 -29 1 -20 7 -2 37 20 45 -29 33 -2 -1 -7 43 2 8 -16 -29 13 -20 12 -8 -37 8 32 54 -50 1 -1 8 2 -21 -20 -29 42 -33 -3 -12 7 -21 87 48 -20 13 -3 -14 17 12 -2 -20 14 -2 -33 1 57 -7 -2 -5 29 2 -26 -28 21 35 -12 5 1 -14 -28 7 45 -23 -11 -21 -2 -48
s 011111110011011010110111011001010101100011101001100101010011101110110011
m -88 -26 -37 25 -26 -58 -81 45 -40 72 -103 127 -102 -92 -78 -106 -54 38 -79 -52 109 -43 -41 -78 -72 71 -86 -36 36 60 -100 100 -76 -75 -85 66 49 42 -92 -106 39 7 -72 -75 37 53 -3 -7 -90 17 -15 -119 -72 109 73 94 29 86 -48 -100 -83 -111 1 -7 74 14 -39 -94 93 -16 103 -121 115 -47 -57 47 -119 14 68 115 -104 -91 124 69 -33 94 -70 24 89 -52 -77 -78 93 -108 -84 -80 79 45 -69 -13 24 41 3 -31 -1 -70 -94 2 -71 -91 40 -25 -73 61 90 23 76 107 41 -114 40 21 -90 74 -9 109 81 41 -112 -58 3 34 10 -117 74 98 -39 39 -68 -57 109 -4 -59 73 -25 -5 -1 -24 -30 -96 66 -43 66 -3 43 -98 -62 119 104 -120 11 99 102 89 109 111 39 105 68 120 103 125 -38 8 18 -32 52 39 -24 -21 -12 26 90 64 -114 93 86 -51 -115 -120 118 -102 -65 -123 -60 113 117 66 -38 -34 72 -57 57 26 -63 127 26 120 10 11 15 42 -19 -87 -100 -12 -101 35 31 -127 -38 24 -2 102 -115 36 -92 -103 -113 -109 -17 -90 49 -58 -25 -127 -2 121 -19 -115 -62 -78 90 23 -34 -24 -91 -125 -64 93 121 36 -110 6 103 77 35 127 56 -52 -111 -106 57 -33 104 35 -3 78 104 -62 18 -1 91 58 47 -56 -46 -42 90 100 -12 -85 3 116 85 -102 -47 70 -110 28 -7 23 100 -10 -92 -42 -114 -87 81 -23 -114 29 109 -10 -115 111 -110 111 29 45 -45 116 14 31 120 -91 -126 -43 44 -93 124 -23 46 113 90 41 -69 44 25 -27 -65 -37 34 -26 50 55 53 27 -78 59 -56 -68 59 -103 -81 111 -112 45 -76 -108 38 -61 19 38 -70 -20 -107 82 -14 -90 -90 -115 54 -88 -93 -46 -5 85 65 -108 44 26 39 -67 -73 -79 48 -41 106 64 78 108 -51 88 122 -50 -118 71 115 -29 -9 -26 -110 -110 122 -100 -48 -16 -53 44 -23 101 -6 -54 -67 92 -40 -66 -40 -115 -37 -107 -111 97 104 -44 89 68 -37 58 -44 61 -93 -96 -121 -85 -28 82 27 -36 -1 106
e -35 2 14 -22 2 21 22 63 7 40 -49 -21 -49 -7 19 -7 -35 32 3 21 -31 -6 21 33 -6 -31 -54 31 -41 -47 32 -50 23 50 3 1 -3 9 -2 -1 9 9 -1 -3 -10 3 -37 17 -3 11 -11 -11 3 -23 -22 -26 21 40 -25 -21 -49 -25 22 -21 1 13 -48 -13 71 2 71 26 6 9 -4 -31 -21 4 -32 21 -39 50 39 9 3 9 -7 -36 7 9 -1 2 49 -3 22 -49 3 -22 21 -11 -21 -28 -43 33 3 -9 1 -24 -25 -16 -13 -1 -21 -13 13 49 -36 71 -67 -5 -26 5 -8 21 -17 16 21 -8 30 -39 11 -34 28 -3 -35 7 56 -50 9 35 -39 -13 39 -8 36 -14 57 21 23 1 -28 23 -38 1 -39 6 2 -6 -10 -49 -48 5 21 -19 32 -36 -14 32 5 -14 -21 8 21 -28 18 7 -21 -13 35 25 -3 -58 1 -35 31 1 -35 31 33 39 -33 -54 8 -54 47 -30 -47 -23 23 -11 -23 38 2 -32 6 2 7 -10 7 -33 5 -10 7 1 7 -14 -7 -39 2 -35 33 7 14 54 10 -22 47 7 -40 23 -11 -49 1 23 22 50 -28 40 3 -7 -49 21 -10 7 -6 7 -35 31 -11 -2 -32 -23 22 16 11 40 -32 -3 55 32 -9 -7 -66 -1 35 -3 -21 -2 -21 -3 6 -29 71 -31 3 26 32 -3 21 -50 -12 -25 -17 -3 1 21 -9 13 -1 42 -23 3 1 42 -3 -13 -4 -11 80 -71 3 -35 39 -35 -21 9 -25 21 -1 1 -39 -2 13 9 49 -71 -7 22 -26 9 -21 -26 4 -28 21 -22 -8 40 -21 -16 -9 28 -13 -7 -1 21 -9 -2 36 4 -70 -5 -22 -21 39 -21 36 -8 28 -5 -30 1 8 3 2 -16 35 49 30 35 -21 -3 -10 36 35 -5 -19 -35 -1 -8 -52 -27 16 8 38 13 -30 6 3 -23 -21 -35 38 -19 -35 6 -32 -39 -10 14 36 -5 21 30 -1 7 23 26 53 -38 34 -23 36 7 -1 -10 21 31 -5 19 33 1 -32 54 -14 31 -7 -21 33 11 7 76 23 21 47 -2 19 -23 7 -34 -43 -10
s 001101110110111110111000111001011011111110110001100111110010001010001000
m 125 105 -10 -11 103 81 52 -75 83 121 11 103 115 57 0 58 -118 -84 100 -60 124 -68 50 5 -38 127 44 -26 124 51 -23 -125 -112 -57 -127 -108 -50 -8 38 38 84 -15 61 -34 97 -29 13 -38 -122 122 19 33 -14 50 49 118 99 14 87 -93 34 -108 -49 -70 -33 53 7 77 -99 -94 122 112 90 63 -102 111 40 75 11 51 -54 31 -33 4 -104 -27 -106 79 -110 -120 -104 61 118 121 -78 -11 -96 47 85 17 -90 50 -74 18 -79 108 41 9 -44 114 8 -73 109 -6 26 9 44 -117 116 102 14 107 87 -7 -60 119 -61 53 124 41 -53 -57 -35 -27 -36 -116 102 -31 -19 -74 -9 101 30 37 -43 55 110 22 -79 15 -21 47 125 124 -17 27 62 -19 -54 -66 -127 -21 -96 -83 126 6 -22 8 35 39 57 -90 76 -106 -49 103 3 -75 -124 -33 67 -1 40 -31 107 -69 92 1 90 -103 31 -77 -22 74 78 -87 -97 15 71 -107 71 21 -103 -38 70 -105 -44 -57 -13 -14 82 38 -121 29 16 -107 -7 93 -84 -99 42 87 -13 -1 -108 -2 -70 -71 66 97 69 118 -43 -47 -67 72 78 -118 -50 100 20 2 75 -102 -36 -59 -74 36 103 44 25 -99 -10 -127 -98 125 -51 62 -127 -71 -114 63 121 -120 -18 124 78 -99 -47 76 -81 -37 -86 -53 26 -77 -28 100 -66 48 -94 -50 103 -52 -64 104 -7 91 11 -68 -69 -62 -1 34 76 118 32 111 118 42 -65 83 -39 -28 2 -32 -43 39 9 104 -84 -108 10 31 -3 -112 111 -16 -94 -21 37 99 -127 90 -14 91 -80 -47 127 -47 7 119 -80 -30 112 30 -91 52 -6 -102 6 39 10 108 22 83 -51 95 -22 3 -70 -114 43 -24 -56 95 33 -109 47 64 55 -15 40 -113 22 -117 115 68 59 82 -102 23 -104 -113 -51 -113 10 51 -71 51 -7 93 -70 -79 89 54 -7 -21 42 -118 118 -111 10 -126 21 -41 118 -19 -51 33 21 -34 -26 58 0 109 55 105 122 -92 30 -57 47 98 -93 30 -90 103 19 -16 -123 88 56 -110 -90 14 -109 -108 -23 -101 27 91
e 7 12 -17 -2 12 -9 2 -13 -36 13 18 -3 10 7 29 7 -7 7 44 -2 1 -32 2 17 -32 23 -1 -32 -10 45 10 28 1 28 -44 0 -13 -7 -13 10 7 -12 10 -23 -13 -23 -67 14 12 -15 -14 -15 -44 -34 2 13 -2 58 38 2 10 -38 -1 -7 -1 -9 16 -9 -76 -12 76 13 32 17 -28 23 -13 28 -21 -13 -29 -42 -35 7 -44 -4 27 2 27 -17 -10 -8 -3 23 9 3 12 -9 20 -29 -20 -16 -13 -19 -8 7 8 -46 -38 42 6 -1 8 -7 -9 27 6 -76 6 -3 68 -3 38 2 -38 42 13 20 -9 29 -14 9 -4 -14 20 27 -20 -56 -19 -28 -19 28 8 20 9 19 14 33 -21 19 16 21 -15 8 19 17 -8 -23 -35 3 -35 -49 -8 0 -7 6 -9 -7 -3 9 -9 -38 -9 36 -42 -36 -7 -6 3 0 14 14 0 20 1 0 28 27 5 -8 5 1 -33 -1 45 9 -45 -1 21 14 -34 -15 13 42 17 13 -12 -35 -14 34 19 -13 14 14 -34 14 -50 1 13 -7 5 12 -39 39 13 -9 -45 14 13 -1 -14 10 0 34 -2 -28 -13 -13 -88 12 10 42 -13 -7 -34 14 -7 23 -14 12 -10 34 -2 -32 15 13 -23 13 -10 10 -7 7 -28 -10 -7 44 23 -12 -2 -12 -32 -10 -87 -23 26 -13 10 -12 2 -28 15 -38 44 -13 -1 2 -7 -9 33 -38 27 -23 -29 17 -12 -9 66 -15 76 -13 -13 13 -29 -7 -7 -4 -39 -13 36 1 -29 8 -23 4 6 -76 -27 9 -13 -17 20 -2 -28 -16 35 -9 -38 -29 20 -43 4 -16 -6 61 8 8 -17 -8 -6 -28 -3 -3 -14 8 8 20 -6 20 16 -31 9 -8 53 -14 8 42 -20 3 6 28 8 -21 37 -6 -28 -19 -3 28 14 38 -8 42 -42 -20 15 -6 -50 17 -14 21 3 -20 15 0 28 17 7 -8 35 -9 20 -19 -19 9 14 51 21 -9 -45 -15 -9 1 -17 -36 -24 35 -3 1 19 0 5 -14 -7 -1 -9 1 14 -9 5 17 36 -1 -34 3 -45 -34 0 1 -12 7 0 -13
s 110011110111110111001011101000110001100111100000010000001101100010110000
m -34 -35 -43 -86 -81 -86 -69 12 86 89 59 112 -26 97 116 104 83 -24 -6 -94 -29 -80 50 75 33 34 -62 127 -38 57 61 31 125 29 -41 113 -75 93 92 69 -96 -71 108 -99 29 107 95 -76 -116 55 -99 -107 -9 57 -56 -90 -12 -96 -107 32 123 24 43 7 50 24 30 -77 -37 93 50 57 109 75 61 -29 107 57 70 82 2 120 106 -80 -80 -42 33 -115 106 85 82 -120 -92 108 -57 10 -48 -6 -91 -93 -92 -112 112 -67 -38 -62 87 65 90 -72 -44 30 63 -126 55 -67 -13 -115 -114 -91 -50 93 119 -113 56 -59 32 46 -80 108 -86 -39 86 -92 -82 24 52 40 -38 -120 -78 84 -81 124 91 -121 -62 -87 -74 -27 -100 78 3 -89 84 96 9 80 29 111 127 -39 99 106 85 71 -114 -58 -59 -3 -96 55 -105 -105 41 99 57 -28 116 -47 14 -80 -33 -118 103 96 71 -8 7 58 -97 -43 10 37 48 61 102 -41 10 -95 85 1 13 107 56 -45 -43 -2 122 20 112 -119 57 -126 -14 10 -9 62 -63 -35 0 47 4 -72 -124 -42 97 -100 -76 -59 -52 -19 87 -76 -7 3 111 -41 120 -75 -89 78 -28 -6 79 69 -19 35 32 13 11 30 116 89 -4 43 101 -82 116 -63 -62 -69 -11 34 92 -91 -79 40 69 -2 119 31 -63 -28 -28 55 -14 127 54 -48 -98 46 88 -38 -97 -122 -39 -83 4 77 -69 -113 -43 -102 23 -13 5 -46 12 -37 -30 109 71 16 88 -45 38 50 57 109 -95 49 -123 -33 33 -102 -25 22 -88 -28 -23 -65 -123 87 111 -32 47 58 8 73 94 28 -40 -67 -85 -100 127 -31 35 39 -30 97 -38 112 115 -114 -13 -108 70 -37 -103 7 -25 24 43 -125 -58 -83 6 -67 19 -12 124 -102 -126 32 -20 -42 -90 63 -118 -127 -25 105 125 51 -92 7 -7 9 -78 113 46 -31 -51 127 19 -66 -87 -6 -30 111 -89 5 -15 -73 -11 -102 -82 -39 -49 125 -92 39 93 -96 42 -114 -91 -23 5 90 -126 74 -94 87 -82 89 -105 69 -20 -15 17 -91 -61 6 -41 25 120 -57 44 -46
e -17 4 -3 -7 4 43 -7 36 18 11 -17 -37 17 -6 21 -6 17 17 36 -44 -7 -29 61 0 70 -25 -14 -25 10 42 -10 -3 22 -3 6 -29 -8 -14 -6 -4 14 -38 -4 25 18 -25 -2 -13 2 4 9 -4 -27 -15 -7 -44 -28 -11 21 11 -17 -34 27 -6 27 -12 17 12 -11 -4 11 44 29 -25 -5 25 28 -5 -10 28 -51 -3 -2 29 6 29 -21 -44 -21 -25 -4 -8 -9 -25 6 27 2 20 -7 -4 -7 25 8 25 7 14 -7 8 -21 22 6 38 -17 6 -12 17 -12 -11 -12 -18 -49 18 22 -11 22 22 33 9 -5 -2 7 -5 -29 7 -46 -22 51 37 25 -35 -51 -5 -51 9 -6 28 14 -7 8 14 25 -8 1 7 1 -7 28 -7 -2 9 -2 28 -17 21 -17 12 -3 17 -18 -6 43 22 43 -18 -22 18 -37 6 -37 -21 -7 -22 39 -46 7 -29 35 -26 0 58 0 -14 27 14 50 5 42 -22 -8 9 -15 3 -6 -15 -7 6 -42 26 38 25 -28 -18 13 14 -50 -28 6 7 6 -17 5 38 -12 -14 -18 -7 42 -13 -11 -22 9 23 -29 15 -37 -10 -6 -11 -6 -38 17 44 -18 7 29 13 -27 -25 -9 -4 -13 -15 7 29 -41 11 -25 -8 -17 10 14 6 3 -4 17 6 25 -4 44 21 29 -4 -11 26 70 44 10 -2 11 3 -4 -21 -6 -8 -27 -44 14 12 -28 -21 21 25 -27 25 -2 21 -35 -4 33 -28 -8 44 -2 -35 11 29 -21 28 -7 27 2 8 12 37 9 -11 21 -6 -44 34 -7 -11 5 -25 28 6 22 -2 21 -22 -29 -59 6 21 7 17 -25 -8 12 -5 -9 18 6 -17 51 -7 -12 -9 -25 -18 -5 -34 -42 -7 8 22 -46 -9 -25 -35 -56 7 -2 -12 -46 -35 -33 -35 14 22 -51 8 36 9 1 -6 -5 -49 11 -9 37 46 1 -21 -35 -7 -21 -51 2 -3 -9 -28 43 35 24 -18 8 -3 -42 -1 76 22 7 18 -29 2 -50 -7 28 -28 0 -14 17 14 -3 7 -13 -43 0 -9 -35 -33 -27 37 -42 -12 -21 36 38 17 -29 -18
s 100010011111110001110111110100110011111110111011011011010000011111110100
m 108 -25 76 80 68 -62 38 93 -15 -37 -89 -27 71 42 107 -30 -109 73 -14 40 -88 113 -104 45 -23 -94 18 -71 -86 58 121 -67 -80 -39 -58 -124 104 -112 18 111 93 16 3 85 -91 -49 -54 101 -93 3 67 77 111 49 -1 121 13 -127 -27 -105 71 87 115 47 -18 -55 -115 89 49 -127 115 -26 115 -60 86 58 27 83 -73 -127 124 -124 52 -124 84 110 77 62 -25 -64 -116 -14 -51 -4 127 -50 -127 -51 -105 -15 -28 -121 57 75 48 -65 92 -77 69 16 100 -23 34 16 92 63 -97 -106 -23 55 -77 -62 60 -75 -51 108 -87 107 -11 -14 96 91 93 -97 -86 92 57 -33 -87 -47 111 -61 -114 -117 35 -25 117 53 75 -60 -19 50 11 -7 40 -105 -124 -64 32 -28 68 -60 -47 -75 89 110 -117 67 -59 33 -12 -60 43 -84 56 -123 -27 -28 -15 -102 20 111 118 -57 -57 127 -34 28 1 -111 -97 106 -10 -42 81 -78 74 -59 -36 -36 -41 106 86 77 -31 -15 -8 -60 60 -50 14 33 99 -53 100 -15 118 -82 50 -52 48 45 -104 3 -91 96 122 78 -27 5 -34 61 56 -109 80 50 -13 31 -49 -7 -54 36 48 33 -1 -49 10 20 -86 -53 -81 -7 -86 -66 47 -108 22 53 14 -107 72 22 -20 34 106 39 13 -126 -115 -95 23 -4 -28 -113 -28 -53 -98 9 1 -59 77 -105 117 16 -126 -118 28 -44 30 16 -50 6 -52 -23 -31 -45 -21 -16 85 -64 -123 107 -46 -55 61 -97 -13 -108 -76 -8 -1 103 -118 67 46 -4 55 83 1 64 1 -121 -37 -104 55 -45 44 21 -52 81 -64 32 -49 -34 -32 -102 28 114 120 110 -26 -116 125 -54 -43 -120 14 -122 -31 96 114 122 -51 -84 -117 -47 -76 9 23 24 20 100 30 39 -36 -103 86 127 52 4 -63 -49 116 88 -127 -28 97 49 -68 -25 -115 -20 5 -88 -13 77 19 101 -70 -6 24 37 -20 47 104 -32 113 -122 -10 126 -37 -44 29 104 47 -112 2 35 116 17 -86 106 -65 112 -92 35 -20 2 65 -8 -50 -45 -45 30 35 67 82 -17 -61 -70 -109 -104
e 9 47 6 -1 -22 2 -1 24 28 -24 -13 -2 13 -20 -15 20 -9 17 -35 32 25 -1 -32 -1 1 -18 -3 -18 -64 9 64 -18 5 -18 -13 42 -14 -25 -12 -3 25 7 -4 4 -29 -4 8 -18 8 14 -7 3 -14 7 34 1 1 -24 -12 -1 13 12 7 -20 -7 -39 -9 39 4 22 4 -1 -1 -21 -19 18 -49 -19 -71 24 1 -18 1 56 13 -56 22 32 -30 -21 3 68 8 -6 -31 8 8 31 1 -3 1 -17 -14 17 -7 -25 -7 13 12 42 -14 -7 18 -21 39 18 13 -4 13 52 -1 -49 4 -1 -4 14 24 9 42 -1 18 -10 -56 -18 -18 22 18 12 -21 12 38 19 -38 -9 -40 -13 -46 -1 -22 46 -28 -22 5 28 5 -26 13 -26 -27 8 -27 -13 -18 15 17 -13 -6 17 -49 6 2 -4 -2 14 14 14 -2 14 -2 15 60 -5 -42 -18 25 -42 12 -31 -40 -38 1 -3 -21 3 9 10 9 5 22 7 -7 5 -12 7 -26 12 -7 27 7 -29 22 42 -18 46 -18 7 -20 25 -12 -9 -1 7 22 -16 -29 -1 9 -18 -28 -15 7 13 -42 -7 -1 18 14 24 -13 -7 -13 35 29 -20 21 18 46 20 7 22 -64 -36 1 1 3 -24 18 -14 48 -64 25 -27 -35 -3 9 13 4 22 -32 8 -1 3 -4 -18 -4 -1 -64 -28 12 -18 3 -12 13 -47 -7 -32 49 -40 -3 12 -22 4 -7 -25 8 -39 33 -3 4 24 14 1 -1 -25 1 56 -14 24 7 -16 -13 -13 -39 -56 -8 -25 22 -31 23 21 -25 -1 19 -17 -24 31 4 1 1 14 59 17 14 -22 7 -18 21 -13 -13 -19 8 -49 -31 -18 -56 1 -21 -9 -17 49 -10 -7 -4 -18 13 -14 -18 -23 -14 -12 30 18 -28 -13 -18 -13 49 -12 -47 39 -38 22 14 9 -5 14 -10 26 -18 32 -2 -32 10 15 21 26 57 38 27 -29 9 13 2 -10 -46 14 -22 -6 -31 5 2 5 28 -14 -49 27 14 -25 13 -66 1 -46 -17 -3 -6 -25 43 -11 -1 14 14 3 -7 2 9 -12 -15 5 -7 -17 42 -29
s 110111000001011010111010000000000111010101001101100110110100001100000000
m -125 85 114 -47 -119 -14 -99 22 5 -97 118 -96 -23 91 -22 -36 -73 -105 60 96 62 95 -63 -7 34 85 -69 104 108 -40 -65 -98 -21 -104 -12 18 -92 94 124 -94 -55 -12 -6 -92 -106 -35 -47 24 35 -33 -69 -91 -84 14 -17 -29 -87 99 97 1 -40 91 -75 122 -53 -18 111 92 -19 -105 -24 -10 -31 28 -85 126 -55 3 53 -115 46 -24 49 88 -33 -38 -63 85 15 71 79 110 4 53 70 44 39 0 -109 -50 53 127 124 -36 4 -13 23 80 48 33 40 -42 -127 12 112 101 108 -85 18 40 -75 66 -81 32 -70 -14 74 -111 60 -88 61 120 -104 -52 110 31 -23 -42 -90 -20 115 -15 -47 84 1 101 -55 37 97 50 -68 -118 2 113 66 21 -75 124 -15 50 -58 -35 38 -37 56 92 -64 73 -1 26 103 32 -64 36 -42 26 24 75 -103 -83 22 -90 3 9 -79 -57 -17 18 -119 -74 -23 -59 43 117 -64 -54 -80 114 79 -76 102 -95 -62 108 -17 94 1 75 18 -4 86 28 -100 92 29 42 39 51 -68 37 -18 -66 75 -80 66 -17 99 83 -47 92 -110 87 -46 113 0 36 102 -51 -100 -89 26 68 4 100 -86 115 120 68 19 -15 -78 -76 -80 84 12 103 -119 76 -84 -64 -35 124 98 -94 -106 -57 114 -23 -27 -72 -51 -21 -48 -64 88 93 90 23 -118 -118 -21 -35 -2 -46 -92 -71 -58 -20 -93 -96 93 102 94 58 -69 55 -124 86 -63 -100 100 -28 -19 -69 31 -38 -120 60 -98 103 60 93 -120 -100 -28 -40 58 70 76 104 -113 -32 -13 -110 8 -2 12 -28 -34 -117 -75 -111 122 32 95 104 74 15 -101 -120 77 34 -87 -55 90 -20 93 16 -53 27 -13 -101 22 61 -84 -98 -104 18 -69 119 127 -90 78 -64 95 -76 4 -16 -29 31 1 27 68 -41 -11 84 63 91 73 59 -96 -123 -6 124 2 119 77 21 124 -110 -7 -32 27 35 10 122 96 6 106 -41 -57 -35 48 123 -23 -17 52 6 -119 34 -74 -123 -119 59 -61 89 31 11 67 -21 -11 -66 6 93 78 80 -25 -116 21 -71 113 -53
e -33 -14 6 0 14 -10 0 42 -10 -20 -21 -21 23 32 -22 -35 -33 49 -2 24 -6 -28 -24 16 -28 56 52 56 -47 -56 47 -21 -31 -21 2 -3 -41 -12 55 6 12 1 19 31 4 47 -21 -26 21 -11 -17 -11 -41 -6 0 9 1 20 31 -28 21 31 37 32 37 -18 33 16 -21 14 -17 25 30 -51 3 56 7 -12 -56 7 -17 -32 -17 -34 2 34 14 24 -28 -25 -6 -14 16 -31 0 4 21 1 -18 -11 18 -32 41 47 -21 31 -4 -14 31 13 11 47 -34 35 16 34 -16 -17 -56 -1 9 -1 11 -1 11 -29 -7 7 -12 17 20 -12 34 -20 -8 -14 8 2 25 2 -1 3 1 -7 0 -28 9 18 24 -9 32 -24 6 -4 2 -15 14 -15 -15 4 -14 28 49 -20 -63 -16 -6 -49 4 6 10 -11 -10 -5 -13 -5 46 11 -21 -20 46 -19 -16 -21 6 3 2 -6 7 1 7 52 -7 -52 -35 12 -35 19 24 -17 -6 -2 -60 -6 19 55 -11 14 -1 4 -28 -4 21 -9 -21 17 32 -6 -55 64 7 1 -14 52 -4 0 35 -21 -20 19 -17 -21 3 -6 15 21 55 -20 2 1 -21 24 -4 32 28 -21 33 56 19 21 47 6 0 -28 19 20 -56 41 21 47 12 32 21 6 -33 2 -31 14 -56 -21 28 6 -17 -60 -31 -9 -47 31 1 -21 -11 -42 11 -67 37 -24 12 -16 6 -31 -14 -31 -37 -25 -21 16 3 11 -17 7 41 9 25 12 -1 34 -31 -7 4 -37 -17 -14 -16 34 -4 -17 -14 0 -9 -25 -18 1 3 32 -49 0 -20 17 -18 -13 34 32 11 -14 -4 34 -25 -66 16 3 4 -1 0 -34 -1 -30 -16 -7 32 -1 31 4 -11 20 14 -13 8 4 -11 -2 34 -20 14 16 -8 28 -1 2 9 -11 -19 52 13 7 -2 11 -12 -15 20 24 -21 8 -2 20 -14 -15 -49 -1 14 -6 14 31 10 -12 -26 -5 24 23 35 -2 -10 -19 -15 -5 3 -14 21 -16 28 20 7 9 49 -52 -6 -6 -21 13 -7 -17 5 52 -13 21 35 55 -20 -19 -1 49 -3 4
s 101110010001110000101011101111111001011101111110100001100010010010101011
m -45 -126 34 -25 71 30 -88 -70 123 57 71 -53 88 -95 94 43 -24 -28 -127 94 60 -112 -116 -58 0 -105 -40 53 42 0 95 -104 -110 -31 39 109 83 -11 114 -68 72 -80 112 -24 43 30 35 64 -28 115 118 39 -90 -62 -56 35 18 125 -36 -43 -23 97 30 5 107 -15 46 35 -127 -65 -8 -45 37 73 -6 -69 93 -25 -46 112 43 126 108 106 -109 -116 10 -84 -2 116 -111 -91 -124 67 -21 35 20 103 -101 -115 102 -41 -35 21 -26 108 14 53 31 -63 21 23 92 -31 69 -101 3 25 21 -119 -5 -80 -78 46 -38 -21 105 -67 97 -112 58 118 100 -88 99 71 49 15 -40 -52 71 97 104 -71 110 -64 12 57 -116 40 10 17 -95 -72 57 -120 -111 4 -107 7 11 -28 7 -110 115 24 23 31 39 -76 112 72 16 -6 -61 -79 -119 -87 -60 112 51 25 6 124 -52 116 56 -58 66 56 104 67 -35 -32 77 54 51 -89 -41 -33 -70 39 -96 -2 -103 26 6 -83 109 -120 -49 101 -8 -17 -103 -94 -73 61 -56 119 -32 22 -31 -81 14 52 -85 69 74 -57 0 -65 113 61 -67 85 75 19 -38 32 -119 -11 -65 -66 -122 55 97 -99 125 4 56 35 89 -112 -47 -121 12 11 -26 27 -103 113 33 105 38 116 73 50 -99 84 -119 116 -3 125 -123 -48 105 63 53 -70 78 17 -10 -108 -58 46 93 58 119 -71 -6 -116 -114 -79 -35 -5 2 79 51 103 118 -12 -40 -56 78 23 35 104 -92 -87 -94 -114 -99 -3 -15 61 -75 -52 -17 -80 125 119 -70 -115 14 104 -91 -74 -15 -125 80 126 -12 -45 -31 -40 -79 -12 -1 -77 -126 -95 49 93 9 90 125 -47 97 -78 121 -27 66 -33 -40 103 114 79 -30 81 122 -69 -39 56 84 82 23 83 123 126 96 16 63 -21 -72 -42 66 24 84 36 9 -8 106 -19 -3 46 83 105 -50 -52 115 121 -95 -49 93 72 48 43 -75 -13 -125 -40 18 -107 92 37 -110 -91 -20 26 -9 -94 127 19 30 127 -87 -101 -118 22 -110 119 38 -108 -11 44 119 81 3 102 -125 -34
e 21 4 -21 46 -4 -14 22 -17 6 17 -21 8 -21 -5 -17 5 34 28 -9 -10 -46 0 10 8 33 -11 17 11 -24 -10 -24 28 22 29 9 -6 -10 49 -23 92 -10 3 -60 -27 13 21 18 -7 -18 35 0 42 10 -2 22 5 38 17 15 -16 23 -15 -21 38 -21 -5 -21 5 3 4 3 -5 0 -35 2 -11 -13 2 24 -13 35 -28 35 -3 -9 3 -2 10 6 -35 60 11 -7 21 43 7 25 -19 14 -35 -14 9 10 -9 13 -10 -23 -11 -15 -19 11 -27 7 -11 5 -7 1 -3 1 21 -11 21 -34 16 -58 -54 -13 -19 -43 -35 29 -43 -3 -29 7 -2 7 -3 64 3 -8 -2 -8 -19 -19 -18 -15 -14 14 -11 -19 -14 12 13 -12 -4 11 16 -10 14 33 -18 35 17 -25 1 -27 -25 -21 21 -14 34 -27 -63 -19 -6 8 -11 8 -17 29 -35 -81 7 51 -6 -3 46 -8 -8 -8 -17 -19 17 0 -43 0 22 14 0 -2 -12 23 -31 -4 -39 -3 -10 -3 -13 -18 13 49 11 7 0 -5 -46 23 -21 8 -3 4 17 30 -22 0 -7 17 22 -20 21 -6 2 22 -28 -23 50 -9 -3 21 41 -13 -5 0 -7 -21 -11 0 -28 -24 2 -22 0 -35 -17 47 -31 21 -37 10 5 -28 -60 -21 9 21 -4 10 18 0 -60 7 11 -21 -5 -24 18 16 28 35 -28 -34 10 21 -10 -10 5 -60 15 2 -21 21 35 -18 -14 -6 35 -3 -13 -10 -5 -38 10 16 -3 -15 -13 13 21 -35 11 -5 21 -7 -3 2 19 -5 35 -14 16 2 9 -82 -19 -34 -35 50 -19 -3 -9 -19 2 13 -7 35 35 -3 2 -7 21 -19 7 -49 -14 1 -19 -9 21 -43 13 34 -45 11 19 7 7 -11 -3 7 -29 -10 1 7 18 -35 -3 -11 34 -8 -15 19 -31 12 -11 -43 4 29 -14 -47 -43 -12 23 14 4 -25 -8 -10 21 19 18 14 48 -11 6 -14 -21 0 35 14 22 4 -6 -6 10 8 46 -25 -17 28 11 -25 -28 -21 -46 7 14 8 0 -6 -17 2 8 0 -23 -17 -22 -6 -25 6 -13
s 110011101011010000110000010110100000111111101010000100001110011101001011
m 70 52 48 -80 72 127 22 52 17 -113 -116 102 8 59 -113 27 -36 -85 17 -125 -100 -122 -86 94 -73 43 1 -48 8 51 80 -122 -44 -99 -8 -48 38 -12 -79 43 -68 111 -65 102 82 126 19 -2 -93 93 118 -118 83 60 103 88 103 56 -52 -124 -104 -82 78 13 108 -68 -22 115 -100 94 112 -99 34 -93 -6 20 -32 -75 66 111 -18 47 5 63 -28 123 96 84 102 -25 -56 120 47 81 112 47 105 -77 29 -100 8 116 3 -97 -42 -78 32 50 -22 -109 61 -41 69 101 -2 -94 -127 -91 -28 -118 -76 -24 46 -13 -28 -101 -44 -113 27 -100 125 4 96 124 -34 -127 -13 -11 118 -32 -81 79 -31 -98 -61 104 41 39 -50 -28 123 -71 -50 120 -121 -44 -4 124 112 -120 97 98 47 46 68 22 -14 -10 4 114 -117 22 -118 -85 41 -54 -18 18 90 23 -87 87 -75 5 -58 111 45 -96 -55 41 51 43 -64 -127 83 74 83 115 -29 -111 -37 76 6 -23 -12 98 95 98 -69 -19 94 93 -36 -63 -23 107 -91 7 91 112 -41 79 -107 -34 2 -13 54 106 -62 -72 -38 51 -25 -75 -60 -102 -121 5 -91 -112 74 28 -38 -55 -6 -96 7 26 -122 -89 -121 -74 -106 29 60 2 -67 -44 13 77 -33 -95 -105 79 53 8 121 -24 -49 19 -20 43 112 -31 -112 46 -8 78 -35 -78 -7 102 -66 -70 -16 76 20 -119 -115 117 -123 16 125 98 118 -125 103 -82 -94 52 -10 11 118 -36 2 -94 -106 0 6 109 36 78 20 -45 -56 -40 76 62 71 73 79 -110 57 -91 -73 3 -86 105 29 12 -43 120 114 76 -16 16 49 25 -67 117 -58 18 0 120 -88 -3 0 -15 -62 26 -68 12 82 -75 32 40 -88 104 -62 -32 -58 92 -92 -9 -19 78 -28 -36 119 -17 53 -32 -113 -41 -78 121 -83 -25 -65 10 6 -88 99 -46 112 -49 -27 106 -89 125 -53 103 29 -113 43 -33 -23 -47 -12 31 -99 22 90 33 -112 -119 -117 70 101 81 97 16 -127 115 7 -20 -43 -108 -65 83 63 121 101 76 16 -40 31 19 -40 52 77 64
e -7 21 7 12 21 26 -12 -2 29 2 -7 -6 12 -12 21 -12 7 -9 -7 -25 -7 6 -25 36 6 -18 -30 18 -7 11 -7 42 -17 42 7 22 -3 18 6 -38 11 -35 38 14 -2 14 -17 21 17 7 34 -7 -3 -21 -12 10 2 -2 20 -2 -7 20 -14 -24 -14 -2 7 2 -35 21 35 -10 -6 22 -50 -23 0 -6 -7 0 5 -69 -16 -38 7 -38 -67 25 -67 43 38 -4 -42 14 0 -42 -17 0 -3 -7 -3 -55 -9 55 -6 11 6 -4 46 -11 16 14 -14 16 -18 14 0 -35 0 -4 -10 -4 15 -2 -15 -11 0 14 -4 5 57 -24 -38 57 5 67 5 28 -22 10 28 6 36 14 0 69 14 -3 9 -14 -55 9 28 6 28 -11 22 11 78 42 78 69 -14 -21 9 0 -7 -24 16 7 -26 15 -26 -15 11 -15 6 54 -6 -28 -57 17 22 -12 -7 -22 -10 -7 -36 -28 36 -1 14 1 11 -4 11 17 9 -34 21 -28 -35 33 -22 -6 -35 78 35 2 69 -2 2 -14 2 34 12 18 -6 -7 -45 -35 -21 1 -17 20 11 -2 2 -17 -73 7 42 21 12 42 6 -2 7 35 7 43 2 12 18 2 -20 -18 -34 -21 7 21 12 -6 7 -5 18 3 7 -7 11 12 42 -38 -7 -7 14 -46 -25 -17 6 -38 35 18 -14 10 7 -17 -2 42 -53 -20 7 3 36 25 -11 -2 38 -20 67 71 -14 -22 -17 -2 6 -7 -35 0 3 41 -5 11 12 38 20 -28 11 -14 -5 -4 2 38 42 -80 -67 0 10 -22 -3 -2 6 55 0 0 -15 -5 -3 35 40 -55 16 -67 -6 -42 -22 -4 0 6 42 4 -3 -14 28 7 -8 36 80 4 4 6 15 -57 -4 11 5 -42 -16 10 14 57 -78 0 5 83 -4 10 14 -20 -28 9 -11 14 28 16 4 -11 -66 -21 -16 5 -28 21 -10 -11 -9 -28 -81 7 14 69 87 4 14 -15 9 -7 -14 -44 -26 17 11 15 22 -78 6 7 69 -21 36 25 -9 -1 13 -7 2 -26 -36 34 15 -1 -21 -6 11 6 -21 20 61 9 -22 -2
s 010110110110100101001010010010111001000000000000001111011100100100001101
m 71 2 -41 65 119 -35 99 -86 -7 13 -96 -123 91 -38 116 50 92 60 -83 -65 -28 -90 -92 -17 -92 -120 38 -79 -38 -44 71 -32 -112 61 -50 124 65 -85 -5 -108 50 -70 9 53 -3 -29 -75 -119 -65 -58 -112 -100 -58 -23 -60 56 1 6 39 104 -59 -50 94 42 121 -85 -73 -119 75 -50 8 63 62 18 72 -40 -87 -123 109 109 -64 -44 21 46 -122 119 53 -113 -124 -42 -48 -28 -9 93 58 65 104 -37 -95 -12 22 -83 33 -102 -100 -83 69 -110 84 71 -76 -60 9 -16 -90 -49 41 -34 83 44 62 122 49 -110 -104 -106 -79 -32 -79 -57 123 -86 9 90 -17 -46 70 -10 21 68 105 -9 -15 -51 -104 87 50 -80 -21 0 43 -110 -67 -26 -29 -57 -93 -37 118 76 -4 -12 48 22 -22 -19 33 -47 -61 85 -27 -4 87 -56 40 109 -111 123 -92 -24 -103 54 96 33 119 -16 62 -75 -66 -96 -38 6 -68 87 115 -112 -59 -70 76 32 10 14 -116 68 -25 -57 89 -109 -93 -63 -60 7 -11 -11 -89 -109 78 -14 23 48 -42 38 -78 -16 -62 -116 -67 39 111 113 -40 77 -8 -85 -41 -81 116 74 8 84 65 123 73 -77 -17 33 -23 -35 114 72 68 64 14 121 -49 85 -118 -13 -21 -64 95 -41 58 90 41 78 95 -118 -23 -52 76 -96 -14 -65 -113 -19 59 47 50 33 -19 -63 -62 86 -58 -107 -47 50 68 98 7 5 77 68 -21 105 -99 73 69 107 62 115 11 38 -28 -13 42 127 -100 -50 -115 23 110 -6 6 21 -100 -87 12 49 20 125 -29 18 -119 -120 3 8 35 -110 28 20 -86 112 121 -8 8 -72 -53 34 -62 -67 -115 -74 48 44 -10 -98 23 -54 -11 -54 39 98 109 -97 -79 45 60 -8 110 67 25 83 2 97 -44 -3 106 117 -100 -27 -114 -75 -62 -24 -55 77 39 24 -104 26 32 -101 43 120 -5 90 -17 -58 -106 107 92 -117 79 126 -94 39 36 -24 -73 109 -62 -45 -72 40 -112 -10 40 44 -44 43 -34 -1 -17 68 -52 -71 3 30 -25 115 61 80 -113 -82 -80 -76 87 118 91 7
e -21 -44 15 -13 -2 24 -13 -6 22 6 19 -70 -19 -36 -20 34 -21 5 7 21 9 -15 21 3 -15 31 1 31 -52 32 34 -29 48 28 7 -7 12 -34 -21 -8 34 -34 42 5 -7 -5 -19 10 -19 -11 27 -11 -12 9 13 11 25 12 37 1 19 -35 -44 34 -44 -44 21 -44 7 2 13 11 15 7 8 31 70 -8 34 -70 -7 -28 7 6 7 6 -7 21 7 -7 -8 -21 6 5 33 -6 19 -51 18 -17 -18 16 12 16 -23 -34 23 -21 35 35 -14 44 -7 -21 -44 7 -9 -7 -9 39 11 39 3 -1 -3 -35 77 -45 -10 -7 -35 -10 6 -35 -2 7 2 3 7 -3 -14 -26 42 -28 -33 -11 0 18 -21 10 -16 -19 -13 -48 -13 22 -21 22 4 -6 -15 35 -7 -21 -5 9 -15 -5 -39 -15 31 -3 -24 7 63 -7 -70 14 -70 20 35 -62 -7 2 -9 7 -3 9 3 14 3 1 -28 1 -32 -10 32 48 19 -27 -21 21 -5 -9 33 -5 34 -4 -34 -3 11 3 29 0 10 27 34 9 5 -21 3 62 2 -1 -3 13 32 -10 6 -48 27 -19 14 9 13 -28 5 6 -44 34 -19 -21 3 -34 -55 -10 36 35 -27 -2 34 -9 -36 15 -11 6 31 -29 52 -34 34 -34 28 8 -21 -7 5 2 57 -19 15 -8 -7 31 -5 -11 34 19 1 28 -11 -35 7 12 44 21 -34 75 8 35 -41 26 -44 7 -42 44 -8 11 7 -70 12 11 7 42 -1 -6 35 -70 -23 51 -7 25 44 -8 -8 7 7 -33 17 7 -20 1 -8 -18 70 -33 4 10 -18 -35 6 -16 -14 -7 23 8 16 -21 9 8 6 -39 -33 7 -14 -18 17 -28 -16 -39 -49 -23 3 -35 21 -35 -2 -6 14 3 -7 -35 4 -9 15 -11 -39 7 0 3 14 -19 -35 -28 -13 -14 -10 -22 -59 19 -70 2 13 20 -3 -22 -20 -14 -4 15 -28 -11 -24 -10 0 -7 -19 -15 -39 -13 24 -48 22 7 7 4 -70 13 -11 -20 3 0 -5 -6 29 -9 10 24 -15 -28 7 1 -9 81 32 -5 20 48 34 5 -7 3
s 110001000100111101011010111111110011001000000110000110111011011101111011
m -45 -75 -29 65 -117 -93 -71 -108 -52 115 -120 -61 -110 -87 -26 22 -32 -113 -122 -14 -27 -62 -101 -50 -7 -103 -48 -94 -48 -110 90 -39 -41 -124 -53 38 72 -16 -3 106 -83 -123 -85 112 -126 98 -23 28 36 -58 -39 43 -58 52 -33 91 -126 -52 -63 -117 121 5 23 -76 -62 122 76 -45 51 17 36 -103 24 6 -119 0 -47 -21 -94 28 -125 -85 -46 24 120 -11 98 84 -96 -59 119 -84 17 19 -76 88 -5 10 94 -80 26 -58 90 100 -85 -127 9 90 -92 65 -120 -9 -113 -83 -85 120 74 -1 18 -19 -46 -100 -16 24 94 114 18 19 -24 65 -94 -20 -102 82 -82 39 -76 32 36 115 -69 125 -34 -98 -11 14 -31 34 -71 74 58 10 -98 -104 -57 22 -70 20 -29 -108 71 -61 100 0 48 -50 22 120 4 -53 -114 -90 31 -71 -30 126 28 -86 -19 67 -81 -108 102 96 114 58 -68 35 79 -103 -39 95 -38 21 -21 32 41 -28 117 30 104 38 -25 -36 -63 -105 -46 -109 75 113 11 -58 85 -30 75 -91 93 39 24 48 121 62 31 -101 70 103 -31 0 123 9 -36 -17 125 36 38 6 17 104 -55 46 62 -34 -36 115 108 58 -6 -6 37 -24 -22 -50 80 29 -102 -35 122 -38 47 52 120 81 -96 107 39 21 -49 -4 -13 -49 82 -69 -7 11 -97 -84 -105 114 65 0 -11 -78 -3 -60 -106 52 43 42 -54 73 -97 120 111 94 -9 -30 8 81 -89 86 49 -36 -125 -7 -84 -22 12 -74 -109 108 -74 105 -106 -68 -67 -38 47 109 -37 -25 73 26 -33 117 -25 -101 -126 14 -6 -101 95 89 -119 -66 67 0 -6 23 67 102 4 8 -109 -20 36 -97 22 108 -23 -111 -116 70 107 50 -125 0 -108 -96 -29 101 -43 33 -36 80 75 78 119 71 21 -75 -107 -99 -107 -15 16 -34 -95 -107 61 9 -45 65 -58 79 90 -10 -123 -28 77 77 6 98 70 -42 -76 58 -10 -45 78 95 -23 -56 77 30 -29 -42 87 57 88 -73 -121 40 9 -9 -108 -88 -41 -2 107 -49 65 91 -43 -101 -53 100 7 -108 -63 -79 -56 -87
e 6 4 20 -29 4 2 29 -31 27 31 15 -17 15 -20 0 67 6 -8 -3 -12 -31 -7 -12 -35 -21 0 -8 0 -20 19 20 0 8 0 -3 -26 -34 7 -15 48 7 -41 -48 -17 32 -17 5 0 -5 10 27 -10 34 32 34 32 21 -31 5 21 -15 -11 8 -20 -8 -27 -6 27 1 -4 1 -32 7 6 -7 -6 -16 -7 -20 16 13 0 13 -10 3 20 35 12 -35 -6 48 -21 4 -43 9 4 8 -10 -6 10 -6 -21 -34 21 8 7 -59 21 5 0 -26 -21 0 -26 27 0 -16 -7 -20 -4 -32 -4 -66 -23 14 0 22 6 18 -13 -29 21 10 29 57 42 57 -60 6 -28 -25 7 -25 -6 9 10 19 -6 8 -19 21 -8 14 8 14 -9 -21 -9 32 -4 -26 -10 0 -7 8 16 -26 8 7 20 2 -14 -2 27 0 -27 17 -26 -25 0 -29 8 -26 -57 24 -26 28 24 35 -25 -44 8 -6 8 28 -18 -19 8 -8 -32 32 -14 -3 -32 9 -3 -41 26 41 -32 13 32 0 19 0 27 20 24 3 -6 35 41 -4 -8 -32 -29 19 -25 31 -25 27 42 -26 32 -29 0 3 31 -3 41 -15 -12 51 20 7 0 28 0 -27 4 -42 -32 -29 7 10 -46 0 43 -15 20 -7 20 0 48 -6 3 17 15 -13 5 7 -48 -1 0 17 -32 -20 -5 -21 -6 38 5 -19 34 -8 12 -7 -27 -61 -5 -35 -17 8 6 5 37 19 -10 -1 16 -34 -33 13 14 21 10 -5 -16 8 8 13 21 27 10 -4 -1 35 -9 -32 -6 -6 -21 -7 21 -16 9 -14 -41 23 0 -10 21 -26 -35 -8 -18 -6 62 -16 7 15 4 9 0 25 6 -16 6 -51 -4 18 -8 14 29 -21 -27 57 -4 -30 -28 0 44 26 -16 -57 10 4 -28 -27 -14 -25 8 0 -6 -34 -26 18 9 29 -9 -17 -66 14 0 -28 18 -8 -30 -26 -20 14 10 -2 18 19 -27 8 20 -19 -14 2 8 -9 -46 34 26 17 24 10 0 -35 -19 42 -19 20 -24 0 21 35 27 -27 8 -32 -17 19 3 0 8 -41 -8 26 32
s 010111101001011011111000101010001000110111110111101001010110010010011011
m 39 93 -71 -52 112 71 -7 39 -110 121 23 115 -122 44 -46 11 -61 -69 -55 27 -8 46 -65 -95 -126 27 -13 -81 -95 -72 4 20 99 114 -109 -2 87 -47 -11 -116 39 101 -122 89 121 50 59 121 101 54 -99 -62 105 -99 85 -84 26 -13 -61 -31 52 9 -82 80 116 -88 110 93 -90 103 -124 79 3 45 -48 7 98 103 -5 87 69 -105 -6 6 40 -126 79 -30 -36 88 -110 88 -34 121 33 -76 100 49 -1 -35 82 -103 -75 -57 -71 45 114 -95 43 119 -26 -104 87 -114 74 31 27 -82 -117 -26 121 -68 107 21 87 -39 1 -14 116 -99 45 -49 -69 122 78 -73 -104 3 113 -98 -126 98 -21 -31 -46 -30 -80 66 81 -40 4 79 -86 33 4 115 3 76 70 46 118 -101 105 27 -94 51 122 -45 95 87 -82 71 -69 94 68 -56 23 -21 92 27 87 18 -8 76 -87 26 0 -87 -86 49 76 101 -83 19 29 -24 -78 -29 52 71 -106 20 54 -54 -84 75 95 70 -80 110 85 19 -57 39 68 -67 61 117 -43 70 -111 17 118 111 23 -93 95 -104 -1 -77 102 33 -98 27 25 41 -70 61 54 88 0 125 82 87 -58 63 22 -39 99 37 -31 -105 74 -6 80 97 -99 -120 50 63 -75 -98 126 34 -52 87 -25 37 5 -114 97 102 -20 -28 -104 25 73 -28 33 74 43 -59 -10 124 115 102 18 41 -50 -71 -121 63 -39 -122 61 102 56 57 48 31 -91 -38 -100 -25 121 93 -86 -120 -1 1 116 -10 -96 11 121 48 -21 -46 83 57 -55 -88 20 -62 31 -39 -127 98 114 82 114 -40 29 -69 -83 55 28 -27 9 -11 -56 18 126 125 6 -84 -6 61 -59 127 -95 77 -125 -53 -89 95 10 -19 48 27 51 109 -65 -126 122 79 63 87 60 95 -119 61 124 56 -32 60 -19 3 -16 29 -105 97 -78 -106 101 101 19 95 30 -31 -109 -56 65 3 50 21 -102 125 -29 96 -90 -7 -78 42 -45 -69 -127 40 -100 -100 105 -60 -65 -36 -94 113 -18 48 -98 -27 -114 15 -108 -98 77 -14 45 -91 39 38 -60 115
e -20 -33 28 7 -33 42 22 -1 19 -1 0 21 0 10 -24 39 20 -17 9 -5 35 3 5 67 -3 7 -14 -7 -4 26 5 -36 -7 -18 9 7 66 -16 -13 -30 16 15 -30 -22 -17 -22 -25 -16 -25 31 -24 -31 66 -24 -7 -22 19 1 8 -19 0 -38 -1 10 1 36 -20 -36 -18 -33 -18 22 6 25 -10 24 1 10 -4 1 -6 18 61 -10 -9 6 -19 5 19 25 -30 3 -17 -22 -35 -17 -25 -29 49 -38 -1 -4 -77 -4 1 16 -1 -3 -8 35 -19 -1 -28 -19 -36 -45 6 -18 -6 -16 22 -16 -63 23 -63 -60 28 28 -3 6 -14 3 6 -14 9 19 -9 0 25 0 -6 10 -6 13 29 -49 -35 -1 26 -35 35 26 4 -1 -18 -3 9 -3 27 17 27 -27 -28 24 -17 6 -28 -17 16 -28 -42 -77 -42 -19 35 19 81 -23 21 24 -14 -7 2 9 7 -2 -3 7 67 6 -76 12 13 12 -26 3 26 7 26 24 -24 -4 10 -24 3 10 15 27 -15 -17 27 -21 16 35 -16 -24 10 -7 -10 -20 67 35 -33 12 -17 7 -26 16 12 7 24 0 2 48 -7 -18 -10 -1 -9 15 -21 -5 -17 10 -3 -16 -35 -7 24 -33 -4 -24 -7 -3 31 -1 -7 -66 0 4 -16 -10 -18 44 20 -9 44 -33 -24 25 3 30 -42 -7 22 34 4 52 19 -18 31 8 35 66 1 -5 22 -65 -30 8 19 -22 -1 -25 -25 -36 10 31 18 1 -66 -22 6 -16 19 -6 8 -1 29 35 -6 -3 36 -6 17 18 32 29 22 25 1 -19 10 -4 1 29 63 -6 -1 35 -6 -4 19 19 1 -28 40 -3 6 -18 -17 23 -29 -28 19 1 -8 -13 -4 16 3 -1 63 14 -3 35 67 -30 19 0 -28 -14 -27 -6 9 27 16 0 35 -63 -6 26 35 -13 4 19 3 -67 40 46 -21 9 4 -24 0 -3 34 6 57 63 13 -27 42 -17 35 -37 -26 -28 26 -4 -42 16 3 -19 2 -27 -21 -7 -27 -24 -67 -35 -17 -12 28 -7 50 57 67 -59 19 12 -24 -21 -26 -10 24 7 15 17 2 -17
s 011011111011010011111101111001011101010111101110111100010110001011101000
m -64 111 -95 13 95 -119 63 37 -111 -89 7 -47 -40 -6 87 12 101 75 14 111 59 -96 -7 -34 108 -49 34 -18 -91 29 -12 -98 -48 43 -112 -81 -40 81 -111 83 1 38 -44 30 -113 69 -48 110 57 42 -50 -102 105 8 -96 56 -29 14 -92 -58 75 113 55 32 13 -6 121 54 99 -110 -8 96 -56 -2 102 125 -104 -108 94 -124 48 -101 -40 -73 42 -77 -95 14 77 71 -122 15 -100 41 -3 -59 29 10 -50 -67 -98 -68 -89 -98 -81 9 -123 112 16 -125 -55 -112 -40 -82 -25 -71 -123 -121 115 -48 -29 10 -98 -5 119 78 -85 -99 -100 68 101 4 -28 -44 35 -83 -6 -126 -93 -60 -30 -60 -92 -65 -103 57 -77 -92 70 5 79 -6 60 67 -96 -20 -45 -105 -58 2 21 21 48 -99 -59 47 39 -112 50 61 -94 -121 -56 -48 -40 -76 18 -41 23 -125 24 -17 73 116 65 -100 40 110 80 96 78 -110 -28 -84 -106 19 23 30 -44 -6 76 -65 -94 -11 -48 -22 -4 113 73 93 52 -6 118 -1 19 -18 -49 -80 112 -54 -33 -65 100 -89 91 -77 -113 99 -70 114 -99 -41 46 -98 -112 -120 68 -107 74 114 -53 87 49 108 -91 -121 105 -57 58 -11 -123 61 -51 98 32 -42 98 -22 -1 -99 2 -107 -37 12 36 50 15 95 -16 -83 -60 87 -42 -53 44 14 -108 -84 -94 -9 -112 29 -73 101 -68 97 109 35 -83 -71 -76 -60 -112 117 -54 73 -40 3 -77 70 112 -93 -94 -54 101 -4 -12 6 14 -34 17 -84 -122 -95 25 98 93 38 -85 -104 93 38 26 -31 13 -18 72 71 78 -95 -94 -8 83 112 41 100 117 -111 -72 -31 111 25 -112 -1 25 -51 -112 5 105 -122 -44 126 -13 48 -29 101 27 -37 49 26 -63 -127 18 91 121 -62 -109 -43 -10 18 -63 1 -94 121 -93 58 120 65 119 28 68 -45 69 -22 122 108 61 -39 2 35 -116 30 12 -126 -42 89 -110 107 40 43 15 -19 -75 110 21 123 -45 -127 -124 59 6 64 112 113 123 78 -51 55 -20 87 99 -83 -26 -90 -18 -55 44 64 -75 -93 -113 17
e 32 -10 31 45 -10 -11 12 -13 42 13 -1 -16 1 11 20 -6 -32 -52 -37 -7 57 49 13 6 -49 16 -73 43 -11 -16 -80 8 -15 -8 13 -19 -20 1 20 -11 2 -4 11 14 6 14 -26 17 26 -3 -6 3 20 -10 -12 -13 5 -33 -11 5 -1 11 -12 -6 -30 -22 -32 6 -7 10 37 -13 53 63 -23 -16 -6 23 11 -6 -15 8 15 4 -13 4 67 -7 -67 -2 11 26 -2 14 -9 -2 42 3 45 3 44 7 -20 7 13 1 13 14 11 35 -36 12 -1 -36 -6 -1 -42 7 42 9 13 -22 -12 26 12 -35 -6 5 4 -15 -21 -17 4 21 6 67 -24 -23 2 -23 22 23 22 5 -3 19 -1 44 1 1 -7 -1 38 -13 -38 42 -14 18 -2 22 2 27 1 -20 54 63 -31 52 -9 -31 -11 -12 -11 67 69 42 21 -43 16 -20 -39 -17 19 6 52 -19 23 52 -6 -22 -6 30 5 30 16 -4 -16 15 -1 -16 -7 -38 20 7 18 49 34 2 -4 -6 19 15 17 -5 45 -6 6 -52 -20 32 6 4 -10 30 -6 -12 16 17 13 15 -6 1 19 7 -12 8 -20 13 -13 -4 1 -7 -6 -6 49 -17 -32 16 6 84 -11 -7 -12 -49 -3 13 -16 -35 7 -11 1 6 8 -39 -48 -13 27 -10 7 -26 49 -11 7 16 14 -26 -11 -26 5 33 3 11 13 20 12 -7 1 6 11 -11 68 -14 12 -2 -26 6 23 -28 7 6 20 13 15 -1 -5 25 -14 12 -36 12 -35 -14 -6 4 2 -7 -67 3 13 2 -44 -5 -28 7 6 -3 12 -15 -44 35 4 28 36 -67 -13 1 -2 -14 -42 23 2 -9 -3 -35 -27 44 -42 -25 -7 9 4 -13 -16 -21 -14 -35 6 -2 36 35 -1 21 2 42 6 -19 9 -23 -1 12 22 6 35 -5 -38 36 -4 -18 -21 1 16 -6 38 -39 23 -18 -52 22 16 -35 5 19 14 4 -1 -42 -1 -31 -16 53 11 -15 18 -42 41 2 -16 -52 -19 20 -18 1 -52 -30 -31 52 -17 11 6 6 -42 30 7 -16 21 20 20 15 4 52 -19 -6
s 000110001000101100110011001001101111001101001111011000111111001001100110
m -28 114 -62 -78 93 -71 53 100 77 -94 -118 50 59 20 -84 -45 -6 84 57 45 -112 11 73 -22 6 -102 -47 -116 -46 -22 19 -10 -92 -83 -107 13 109 23 65 -97 79 -52 -103 -114 -91 126 -63 46 102 -124 121 119 -115 88 -79 -54 65 1 -74 -90 70 -56 -103 -118 126 125 -104 -27 -118 -120 -127 -113 42 -119 -101 -123 122 -13 11 43 -34 -27 -100 -16 -36 -86 -89 77 -46 5 -47 -117 45 102 104 -43 106 -90 10 14 2 -106 -70 119 76 90 80 -81 -3 124 -5 57 24 76 -32 33 66 80 -20 27 -112 0 -118 15 -106 -42 -115 -84 -121 94 -107 100 -124 -110 62 -98 71 -124 94 -112 -10 105 -125 -20 85 -64 -43 33 -23 34 3 -56 22 103 16 87 68 -95 -51 25 13 104 -5 -20 103 -60 -45 -93 -59 79 -65 8 93 -91 113 75 18 -15 -75 -114 85 32 41 -21 97 90 113 13 -109 -6 -102 103 27 -7 -87 -28 -101 -67 33 101 37 -22 -109 47 110 76 117 -14 -79 112 76 -72 27 9 -5 42 5 33 44 57 -87 68 -53 -121 15 44 -14 28 -80 -115 76 1 37 115 9 35 -63 -17 -109 14 17 111 111 -16 -103 -92 -103 -70 30 0 49 -59 -37 93 53 -60 96 -77 -93 8 94 -42 -52 60 53 88 -121 -82 79 -46 26 118 49 67 -79 89 106 118 -82 -72 -15 38 69 -54 -38 120 -58 9 6 44 52 -47 16 -68 -43 23 127 -55 -23 3 -52 117 94 5 -15 -42 -124 83 -70 -42 112 -21 58 81 79 -31 -18 -47 40 13 73 -50 88 -5 4 97 -104 -73 94 11 23 27 -82 11 -99 28 51 88 60 21 62 -88 -58 -70 54 -82 -111 12 -114 76 44 127 82 -25 -102 -107 -14 98 -64 93 -27 90 -68 -127 77 -31 51 -62 -62 -33 77 -108 92 -82 -77 6 71 80 58 -41 -38 -86 88 10 62 -75 123 -35 84 106 102 66 -13 73 -40 30 -35 10 76 84 -27 -74 71 -1 -63 52 -34 7 101 58 9 -36 -26 -80 16 103 -112 -18 67 -20 7 -45 96 -115 118 -51 -6 -89 -91 -105 70 10
e 6 0 9 8 0 -12 -8 1 -1 -1 -1 -16 1 -5 6 5 25 23 -32 64 7 -6 40 -8 -10 -59 -7 -59 -7 -13 7 24 28 9 32 33 -46 -5 39 -6 -5 13 -6 -42 -9 42 -38 5 38 -13 18 13 46 -33 8 -35 -14 15 3 14 1 3 -14 5 14 8 6 -8 -21 0 -21 -35 -6 -5 12 -59 -3 19 7 -3 64 9 30 21 50 14 -10 40 -10 12 -6 19 22 42 42 -22 38 -42 -2 14 -9 -3 46 3 -62 -5 -62 19 34 10 6 14 -5 -5 -8 -5 18 21 -53 0 -35 -24 7 -14 7 -10 3 -11 25 -30 22 -25 14 22 -13 -10 -13 -55 5 -55 6 -12 6 -11 42 -28 -8 -2 29 8 5 21 -14 -62 -20 -63 -19 63 12 38 -13 28 21 6 23 -18 9 -23 0 -9 -12 -29 12 1 10 -1 -30 5 16 6 -22 -59 12 13 -7 12 55 -7 -8 9 -8 7 11 -40 -13 39 -13 28 -21 18 -42 14 -39 -33 -63 39 -13 12 13 9 28 -9 5 30 -24 18 -14 -7 45 -6 -8 -13 0 -7 9 -8 -20 5 -1 28 18 15 12 -33 -33 -9 -39 -1 32 -46 1 40 9 5 6 -5 6 -59 18 -47 7 33 8 -6 13 -1 59 46 -1 10 -5 5 9 6 -6 -32 -42 0 40 -38 -6 6 21 62 -42 35 7 38 14 9 -13 -3 -32 46 -14 40 5 21 42 -3 10 -70 34 -5 -41 8 -12 -13 -28 -4 48 35 -30 -21 14 14 3 -3 67 -14 -30 60 8 -14 22 -21 -10 -51 48 5 -2 14 -12 -3 -3 42 7 30 -2 37 -14 3 5 16 62 -5 5 -19 18 -12 22 0 -42 5 -6 2 -18 18 -3 0 -25 -62 -7 51 19 -10 19 22 5 55 5 -22 12 -18 -13 -56 0 -55 -8 7 -6 21 10 -11 14 -5 -25 -63 -22 21 16 13 -14 -6 55 63 23 6 -12 -9 11 28 -16 -25 -8 -1 21 -14 13 -14 -12 28 -66 7 -12 -12 16 -12 28 -6 20 -8 -74 -7 -9 -7 -5 -12 8 -27 -1 -7 -33 16 13 -39 9 28 13 -23 12 14
s 010111000010110100110001110100000001101010001011001100011000001111001000
m 1 -37 -95 -82 76 -92 -35 45 54 78 -16 67 109 92 -93 -110 11 -41 -3 54 -5 57 -109 106 9 57 34 -51 -42 1 -5 -65 -14 -119 36 -119 47 -19 109 101 103 -39 69 18 -72 -100 34 119 74 83 -1 -69 45 -47 -29 -99 -24 5 71 97 -93 74 9 -80 87 95 120 -9 -122 -85 -43 23 41 27 42 -35 -36 11 -60 20 -47 86 -108 116 -42 -80 -102 119 81 84 19 26 -121 40 121 -126 45 -2 -52 100 98 39 -7 83 -84 80 -44 4 -86 -107 -97 -84 -101 68 32 114 94 -108 60 44 -73 71 -1 -83 -65 46 39 19 46 -20 61 -97 21 -119 122 -103 63 126 -97 54 28 -112 32 75 82 -118 11 74 9 96 35 -53 5 35 -110 -51 13 106 2 -14 -67 -82 47 72 -88 -53 -5 106 -50 40 58 33 -8 -15 118 -66 91 20 8 55 -62 -5 -50 -72 -104 105 -54 102 100 -18 -125 126 -4 5 -70 52 -62 -27 60 -28 -33 56 1 -67 -17 -76 24 -17 -91 37 -67 62 -116 70 58 -13 -63 0 -95 68 59 -11 -14 7 -16 118 21 103 -24 39 -66 50 125 56 112 -23 -82 19 -23 -116 35 39 34 77 -118 46 -60 -114 10 -4 3 61 -36 63 103 -75 -71 -76 -88 -111 -104 -79 -23 -67 -14 104 -32 -27 -123 -15 49 103 64 -118 19 81 -83 40 78 71 103 97 -61 -28 103 65 4 -105 55 -23 52 92 -38 18 -41 60 116 -110 -84 96 -88 -46 -112 22 5 119 93 -30 -97 -127 -111 55 27 2 101 -112 113 4 -110 13 -98 -76 -88 -43 -79 -87 -91 -50 10 4 -90 120 10 36 105 95 -45 -4 -112 -96 -103 -109 53 28 20 -106 -6 -19 -103 68 -15 -16 124 82 34 115 44 -72 51 -94 -70 -69 -40 -58 121 73 46 -25 -90 12 -45 -57 73 102 -62 -90 -121 28 125 -105 -119 -18 -11 63 -103 -117 82 22 -77 -10 64 58 107 65 -10 -121 -41 119 38 105 -57 36 32 -16 55 -109 -97 -105 122 -38 0 -54 27 -7 -98 29 78 -62 -9 107 -6 -57 19 -123 70 58 36 -7 -74 27 -98 -15
e -10 -4 -5 -26 4 7 -26 -5 6 -5 31 -7 -14 -56 -32 56 -1 -24 21 35 0 -8 -35 0 -36 -31 -5 31 3 -19 3 -21 5 -21 -3 -44 7 -4 -1 17 4 10 17 -17 -14 16 14 -41 14 -61 -9 73 7 17 -31 -21 -5 -17 -21 5 14 -21 34 56 8 8 -1 -24 38 -4 56 41 -8 12 -10 45 -18 -37 3 27 18 21 18 2 3 -2 32 35 -32 12 49 -4 -13 -16 2 -13 14 -4 9 -61 -9 31 -25 31 -14 4 -14 -4 21 -4 -9 -8 25 9 8 -25 6 38 6 -41 -21 -39 11 -5 1 4 18 -4 14 42 -55 -14 2 54 16 32 16 -22 -12 -22 16 10 16 -4 2 51 -9 -9 36 -9 35 -8 -10 14 5 -15 -4 15 15 -63 -2 51 -25 32 -24 -6 -9 24 39 5 -7 -1 50 -6 4 -6 -7 9 -59 32 54 7 -49 -16 0 44 22 0 0 -18 0 -5 17 -7 1 14 1 5 8 -1 17 -5 -51 17 -25 1 -10 -2 10 14 51 14 41 -9 -41 -1 68 -5 1 -1 0 21 -4 -5 -14 26 -1 -41 5 -5 -1 -14 44 -17 26 -21 1 -5 3 10 -14 48 14 -56 8 -51 1 31 1 -13 -5 -17 -26 -8 -61 5 31 -7 14 3 -4 56 -21 -17 1 -3 16 -4 -35 -30 -8 17 -38 31 -16 21 3 14 5 21 -61 -21 3 -7 8 35 17 -8 17 63 -32 -16 -8 12 -14 8 -10 61 38 18 -7 -21 18 4 21 2 -21 -18 -14 -8 18 -4 8 19 13 38 -32 2 -21 16 9 -5 10 -31 -18 -2 1 18 -46 41 -2 31 18 -46 14 -25 -12 4 -6 10 -13 39 2 -42 16 9 -47 4 -31 -39 -41 -31 -1 -54 -4 4 16 -13 9 22 25 54 -2 -6 16 -51 -39 48 9 -1 -16 -8 4 -4 5 -9 -14 15 -54 -8 7 -39 5 32 22 -15 24 16 -2 -5 -4 -59 -7 14 10 -6 -8 5 -1 -5 7 -5 15 -6 44 -2 7 0 -51 -32 8 9 24 5 -5 0 -41 7 0 1 -14 5 -29 7 -1 -1 34 5 10 24 -44 -14
s 000111010001001101100101011110001110100011010011101100111011001111011110
m -51 32 105 121 -35 98 -60 -104 30 31 95 70 -17 47 -9 84 39 -113 -57 72 87 19 -83 44 118 -104 -90 -39 -27 -40 -109 -85 108 -45 40 -17 92 -27 38 94 62 -93 -96 6 25 -57 -46 101 -39 48 120 -8 -58 93 63 -109 82 111 -111 82 -79 3 25 -54 107 -56 71 100 -65 -28 103 -115 -44 86 -50 -59 56 18 90 -100 -4 123 37 96 66 -34 -4 84 -56 91 29 -95 -73 17 122 -82 -82 -109 -58 -112 111 -35 -28 -2 -2 -107 122 -75 -106 48 -92 35 12 -32 121 51 102 121 -46 123 34 38 34 1 -51 -19 -50 -73 -76 -37 77 57 63 94 50 87 -93 102 55 122 55 -10 126 13 10 -39 26 -20 -102 96 28 15 -77 69 -90 1 -23 51 -53 96 -116 93 -27 -38 -116 88 4 -11 -29 81 65 -111 93 126 5 74 34 -116 -76 27 -57 -4 20 67 99 -84 60 88 -84 114 -73 -123 85 108 41 6 -72 90 95 93 92 26 76 -115 -2 21 27 -81 -58 123 58 19 -42 26 52 -58 -3 92 -21 62 15 35 -46 -121 -117 -48 20 -102 76 -121 -74 -100 -62 51 49 -41 -90 -87 18 -25 -23 -93 21 -34 116 -127 -11 36 -82 20 -13 -41 -127 0 -90 -118 -24 118 94 -93 -49 -23 101 -85 -81 -110 -63 -7 -96 -76 -107 49 -9 119 46 -125 -100 -68 -34 -27 -20 24 -28 -116 -89 -93 -76 29 -110 -62 98 -119 38 -91 113 -46 114 126 -109 -95 -7 8 106 24 -4 -87 99 -83 -73 62 86 27 -92 40 -124 93 -3 -65 48 -50 -54 -69 -57 -33 -10 -48 114 76 -3 -86 -6 -13 -89 63 -69 4 20 -18 -101 58 -104 -122 72 124 -116 114 -48 106 -27 66 82 124 -71 -7 24 -21 -67 105 93 36 72 115 -23 105 97 -110 50 -105 41 115 36 33 58 33 104 24 58 108 -101 -110 52 -107 54 -32 71 122 -29 -80 14 -122 76 111 -56 -74 44 94 -27 -41 -85 -94 20 119 41 41 -102 -51 6 32 -117 0 -57 86 -51 59 33 -77 -31 70 -93 -100 44 -49 -67 125 -66 75 -46 -31 51 98 110 62
e -10 -7 -4 -42 7 18 42 28 -36 -67 15 -6 -21 -3 0 -3 10 -10 16 -73 -28 0 63 14 0 21 43 21 12 18 12 -24 4 -24 -16 18 7 21 19 -26 -21 -22 26 -15 17 6 -35 -28 -41 -7 -51 18 -7 -36 -42 7 1 -28 -3 1 -15 21 -31 3 -22 26 10 -26 -8 7 8 7 0 -18 9 21 -9 -9 -12 9 33 24 -4 6 -16 -6 -3 -63 -3 -18 -43 16 -72 -6 -9 -64 -35 9 -3 7 3 -2 -7 -12 -61 21 2 16 -3 5 21 -22 4 21 -26 4 -41 8 42 26 -7 26 -45 4 30 -5 9 -12 6 4 -7 -6 6 -7 59 3 -44 -32 -18 -32 32 16 32 29 -42 51 23 -3 -14 23 2 24 23 2 23 2 16 1 -13 64 -13 -35 -4 0 -10 -41 -29 -26 -34 -4 18 30 18 -27 17 -27 -6 21 6 0 7 -28 -15 44 -28 15 -32 -28 -14 32 -14 43 12 -43 -18 -50 18 4 14 -51 -36 -48 19 36 -1 19 22 -13 -22 17 -35 19 28 23 -28 65 21 -28 -19 10 39 22 7 43 -17 43 -35 28 -28 -4 51 -15 15 -36 -42 -24 -19 28 -25 -24 -15 63 17 3 0 28 -35 -21 51 -7 24 45 42 17 7 28 32 7 15 12 21 3 24 26 -10 16 6 18 63 -35 0 -26 -57 -21 -6 7 12 -35 -1 -36 7 3 16 -7 22 63 21 -41 26 -3 3 6 -22 18 35 26 -9 -7 -8 9 -25 -30 -4 -24 -1 -6 3 9 -2 -22 -4 -16 26 6 -64 8 -4 9 -7 18 -3 -1 9 -2 44 9 -30 -4 -18 -5 -30 -2 21 3 -2 11 -44 21 41 -9 -64 -26 -9 4 -32 3 41 12 -2 26 -6 2 30 50 -16 -5 -44 64 -21 -53 4 -7 -13 -41 44 35 26 32 23 -30 49 14 5 12 -23 -28 -6 1 7 -14 -6 -44 -23 0 -32 1 -10 -32 21 4 12 -35 -18 6 23 -27 -14 4 18 23 49 4 1 -27 15 -13 -30 -68 35 -8 -14 23 -10 -43 -4 28 37 18 -14 51 -27 52 36 -6 18 19 0 -4 22 10 -15 17
s 110110000110100011101101011001000000011000111001110110111101011011000110
m 26 -5 -90 -83 -23 -78 46 -33 0 75 71 121 1 47 11 -119 125 -111 45 -97 34 -49 -51 -119 17 96 -75 -31 106 22 9 -86 51 -110 -42 122 -71 -8 100 -7 91 -7 114 -125 -79 -11 6 -66 80 -97 -62 -25 94 28 -109 -3 53 -127 38 -35 -113 96 -70 16 31 67 -55 117 115 117 98 -102 -75 -1 -34 -57 -5 48 -28 -122 -39 47 98 -117 -38 69 55 -86 -3 -32 -12 -126 119 114 -41 63 -49 1 -126 14 100 84 -18 -86 -58 9 1 -103 -39 88 -51 -10 -61 -14 -102 89 80 107 -55 -64 -87 106 9 29 55 7 54 61 -113 -7 -82 -39 -88 -16 105 90 108 72 -37 -80 -103 125 -125 38 66 57 -37 93 43 17 82 -31 -70 46 -61 31 30 87 5 102 -43 -108 33 43 69 -30 -78 33 125 29 -81 85 114 60 77 58 -112 -47 117 53 -24 126 -123 -73 -104 -97 -99 -87 89 48 -98 51 120 100 23 -111 4 124 -113 16 -65 95 -22 -60 69 85 103 107 36 66 -4 -30 -43 16 121 -123 -111 39 -27 -50 -42 11 -6 -26 85 88 18 -105 -96 18 -109 -126 -46 78 76 122 -92 -112 110 -85 -7 -70 75 117 47 122 102 104 125 60 100 -59 47 20 92 98 113 -34 76 79 63 -65 26 17 48 32 56 -6 -120 -110 -44 -80 63 -55 92 27 85 30 -42 -66 31 -43 25 124 45 -11 58 17 -66 102 122 58 11 -16 -35 -25 -124 81 72 -125 7 -30 109 -23 -69 94 -77 125 54 34 41 85 46 -82 -113 1 -9 79 111 51 83 24 -98 108 29 -3 127 -71 93 -37 91 -19 17 98 117 119 -73 -23 -20 -4 -74 -10 -108 19 -39 22 112 -79 59 -114 19 -84 49 5 -114 122 -86 64 -79 59 -87 -17 -37 -61 40 24 115 89 -89 120 -124 105 119 78 110 15 -62 121 66 -95 -15 6 -74 -87 -76 117 -104 -125 116 43 58 104 -33 35 29 59 -69 -49 4 -30 7 -44 35 114 -6 25 -84 -12 -79 -48 -37 34 -50 -117 48 123 -42 -64 -7 -126 -79 -2 -56 -23 -19 25 -42 -55 -124 37 -116 3
e -42 -6 -26 41 -5 7 -42 66 51 -29 -1 -14 -7 14 -37 -14 -23 -29 -22 -10 -11 15 -10 -7 -18 -28 2 49 -8 -4 -25 -23 -16 -23 22 6 -7 8 -20 11 -7 10 -7 -10 -3 -49 -27 37 -6 -13 14 -13 7 49 41 -24 21 29 35 -21 1 34 -9 42 9 -15 23 -15 -1 5 -1 -3 15 14 4 28 26 -4 8 5 -7 23 7 -61 22 72 3 -10 -8 1 7 -21 56 10 1 56 6 -3 20 22 -20 17 -7 -17 -1 -7 41 -21 -34 -7 -13 -10 -17 -14 15 17 -18 -1 18 -9 -3 9 43 21 8 -33 -5 -34 17 -35 5 17 -61 5 -6 3 -6 52 1 -52 35 -4 35 -51 -1 4 -14 -20 -28 14 17 38 27 1 27 31 21 28 -22 56 5 -4 17 -10 29 18 -26 33 9 38 7 8 -7 0 -7 0 14 -13 -14 -10 5 -16 -6 6 11 -6 -52 11 7 -35 -7 -2 -34 -2 -4 17 -4 -16 28 -55 -25 -27 22 -25 28 -20 -7 -5 -7 3 -21 -3 37 15 -37 14 -14 -11 20 23 -7 -7 -5 2 3 -41 -4 37 29 -39 14 1 -6 25 -41 23 20 29 -22 7 1 -10 3 14 -15 -37 -23 -28 -14 5 -8 -25 -41 -15 13 -29 -28 -7 -1 -8 -7 -14 42 -7 -23 -22 10 -5 -10 6 15 7 -1 28 10 3 -8 -6 -21 -23 13 -34 -28 7 9 -45 -7 -22 7 34 3 10 9 1 6 15 4 13 -1 5 16 -3 7 7 -21 61 -34 -5 1 9 7 21 -15 -61 -56 -56 -3 -1 3 -1 -20 26 4 17 -5 1 8 -7 -20 7 61 -52 13 3 1 17 1 -27 27 30 -56 -56 1 29 42 -73 -18 34 17 -9 -31 -1 8 -14 -21 -7 6 56 -13 63 -17 5 5 18 -6 4 9 52 -14 8 35 -28 -7 -34 -27 13 17 28 -5 28 21 -35 27 10 -52 28 -29 35 -5 26 -34 4 7 -17 14 0 28 -26 -4 54 -29 16 28 0 -41 -5 14 30 -4 10 -7 14 -29 2 26 -11 38 7 -33 14 0 23 -25 14 4 -20 10 16 7 29 -6 27
s 110000000001011010010011100100011010111110100100000110000100110100111100
m -32 17 99 -106 -85 9 21 -15 73 44 -106 36 69 -54 98 -80 104 -121 -90 -104 -88 -12 96 1 -26 -98 81 101 -77 -81 -116 118 119 66 55 74 -91 -40 71 -82 -9 -40 -120 -63 22 47 -115 -90 -4 103 -121 -112 -51 95 -39 19 8 14 -46 125 -68 -86 -43 124 88 23 -63 24 -30 80 66 -16 -55 -29 -30 -63 -14 18 76 -58 -26 108 90 -90 85 31 -105 -108 -107 -57 62 -34 -14 73 -17 -43 28 -36 -48 -113 103 -33 93 -115 8 -84 -38 26 -43 97 -125 -55 115 57 -83 36 67 -15 -61 -36 90 -91 71 26 108 114 80 40 -2 27 115 117 68 81 -81 93 -33 -34 1 110 -28 49 -95 -118 13 -60 100 -25 -51 -58 3 -56 15 -120 125 -90 89 64 9 -44 -1 -125 -123 -55 55 -31 61 -48 75 -5 32 -20 42 98 -96 -24 50 -62 -119 -34 8 -108 -62 124 112 -13 -90 -112 46 124 -114 -38 -25 -31 -30 -3 125 -101 98 127 67 -7 -117 76 -23 -113 11 -34 -63 115 53 -115 -121 -40 -32 8 -92 91 -69 92 -32 -23 89 31 127 -104 -108 32 -74 -108 117 -68 75 -70 59 -92 -97 92 -40 -3 14 -42 126 -118 77 -72 -24 -106 34 127 -71 -2 75 126 -80 -58 -106 53 -96 19 107 52 -7 33 -117 -75 70 -98 18 -125 -70 -77 -107 64 57 82 85 -23 36 -51 -116 -101 -30 44 36 72 35 108 42 -59 -61 -49 36 -6 -77 -57 -92 -18 -47 -40 119 -29 19 -114 -90 106 71 -90 -51 32 -46 -78 -103 93 37 114 120 -113 28 -105 -16 -100 99 -64 -86 -46 -74 -100 -29 -27 -102 99 -93 -76 -17 85 120 81 102 -12 74 -95 -85 -76 79 -74 -81 -5 65 -71 13 64 -5 0 22 -56 4 94 109 -11 102 68 -26 62 50 71 -17 117 -2 5 -60 84 102 -76 -20 13 89 -86 39 -86 -22 12 26 -11 119 -78 -56 -52 -63 -120 38 120 -99 119 -27 47 36 60 -56 -43 -49 -80 81 12 58 123 26 -32 -88 -120 112 -98 40 60 -54 -67 -90 72 -56 52 -50 -119 -17 -89 97 -27 -104 -25 98 56 83 27
e -21 70 -5 -19 -15 28 35 -13 11 13 -13 20 13 -46 -10 -46 21 35 -27 -16 28 -23 16 28 -11 -56 -28 56 17 27 17 -7 -22 -7 27 12 39 -8 24 29 -31 3 29 42 24 -43 -4 -28 -21 -16 7 16 39 -2 -19 -14 -23 14 38 -7 -13 38 28 46 -28 -21 -21 -21 -14 15 14 17 -11 -1 11 -56 -35 -11 -17 -13 17 -7 -17 -28 27 60 54 -16 54 -1 -29 20 33 -42 12 13 4 12 -14 16 14 -3 -39 -3 15 -8 -7 -20 41 24 12 28 -32 -12 21 -67 28 -27 -28 -15 -14 -15 5 -7 5 24 13 5 -3 -17 0 2 28 0 -4 -54 -4 10 6 -10 46 -11 25 -5 -15 -47 -2 -14 32 2 29 32 -7 -7 -7 -21 -20 21 -1 13 8 -47 32 10 -35 -54 -5 35 15 48 8 -5 8 11 -24 -11 20 12 -20 10 0 22 -12 4 -28 -51 10 28 1 -25 -1 28 -5 28 49 -2 -27 22 -32 -7 -2 14 -24 -2 -56 -24 -3 1 3 20 53 -20 -28 2 -28 -30 -46 -28 -24 21 -1 3 15 -28 20 -19 27 28 -13 22 -7 -13 12 2 19 7 -24 13 -27 10 60 -16 20 -46 11 -28 -28 -56 -7 15 17 15 19 11 16 -13 -56 -39 -13 -63 8 48 45 -37 -21 -27 -42 -15 37 -4 -11 29 -14 56 -42 -14 -17 -4 -7 7 16 38 -35 -45 -28 16 8 -21 -29 38 67 42 -28 -1 -4 21 11 70 -14 -13 -39 14 -23 -8 7 28 -38 -13 -7 -32 17 20 21 28 -13 14 -54 12 -14 -1 -22 7 -11 -3 -13 12 -5 17 -14 -49 -28 3 12 54 -7 -32 1 -20 28 16 -13 -15 12 32 -25 -14 -28 -22 3 -15 2 7 -5 -7 -23 -24 11 -13 -12 30 -32 0 1 28 4 47 -32 -10 24 5 25 -32 24 -5 7 -50 2 -21 0 32 -23 4 -7 30 -10 -21 35 25 1 5 5 47 -8 2 2 11 -45 -5 27 7 -8 22 21 21 12 -1 20 59 -47 10 1 2 -42 -28 5 28 -28 8 -1 -7 -11 28 2 -20 -27 -61 10 70 -3 -35 12 20
s 101001101001011001000001100010001111010000001111001011011100100010001000
m 116 -10 100 71 71 65 120 -125 -54 89 -2 93 -112 -29 -119 -66 103 68 81 35 -33 -74 28 28 11 -68 -51 37 35 112 73 28 121 -123 -24 -34 -33 -50 -79 -93 52 49 -26 20 79 33 123 -121 18 -42 4 102 81 111 21 -12 -70 -32 66 97 -61 26 83 -86 -47 -61 -68 87 69 47 -103 -35 66 75 -91 117 -90 94 -85 -60 15 -87 53 74 -34 -56 -112 65 -75 -68 -102 82 77 31 -33 112 111 83 -72 -21 -100 -109 -84 93 -123 -21 34 96 -67 -102 -76 -13 -50 -19 77 83 -117 -104 60 97 50 49 -45 28 76 56 -76 127 51 -121 124 -63 -124 77 -3 -126 -49 114 23 28 -58 3 -80 -21 -53 70 21 38 44 -38 58 -76 10 114 109 -106 33 -4 -73 109 -78 -12 27 -11 127 -52 50 40 22 46 100 -74 -84 45 32 18 -54 20 10 115 71 104 -66 -59 -49 118 101 -36 -68 -16 -111 -25 -67 -44 2 -2 58 -105 5 -122 92 36 -3 -11 -84 -79 -74 -121 -14 -106 -77 90 -34 5 99 13 107 41 117 -121 -96 59 58 -63 -42 -39 -97 0 101 66 -12 49 70 -81 -21 56 60 103 -21 64 34 -93 28 -30 -11 41 -78 -64 101 85 61 -98 -100 -2 33 -122 -82 -87 -67 111 -10 8 -79 106 -7 -39 -120 -62 -126 -42 -39 62 84 -127 120 97 103 -81 -44 -54 14 -57 -106 87 70 10 117 83 27 26 7 36 -4 -82 10 -111 -95 -73 -11 26 4 -104 30 -78 102 18 -33 111 -109 -127 61 72 23 -120 81 -104 51 -66 86 23 22 -83 101 20 -67 117 41 112 64 0 31 52 2 -96 -64 105 -93 -75 3 56 59 20 106 52 -52 105 -51 66 61 -67 66 14 12 -36 -20 -100 120 126 -24 72 12 -96 -35 121 97 100 -37 -78 69 -112 120 22 -34 71 110 31 3 -29 51 42 107 34 -6 25 -55 -19 75 113 17 -112 104 -87 -67 -105 -1 94 -127 12 49 102 -119 -123 46 126 -111 111 98 -36 -32 25 60 -23 126 110 -74 17 4 -109 -116 -117 32 -43 103 -91 -30 -7 -99 -4 -14 37 -73 -67
e 7 42 11 19 -9 -59 19 28 -16 -28 30 -9 2 -7 10 -7 7 33 -19 -9 15 2 -9 53 -2 -33 22 56 54 2 31 48 4 -25 19 -58 4 9 -3 23 -9 -13 24 28 25 18 -9 0 -9 13 -11 -13 -4 -10 19 31 -25 78 -23 25 2 -23 4 -7 -4 -21 -7 21 10 -9 -10 11 -2 21 -3 33 23 3 -31 23 -27 -25 -14 -16 19 16 -7 -9 -7 -21 23 -18 -52 18 47 -52 -9 -29 -20 13 -20 -18 4 18 -13 9 13 -18 23 0 2 -4 11 2 21 -11 -3 -10 3 18 -11 18 11 39 -11 0 23 -19 2 14 32 -2 16 32 30 -7 3 -25 21 -49 14 49 14 58 29 -11 1 20 5 -1 18 -5 -6 13 -6 -4 -18 -17 -15 -52 -15 28 -11 22 33 -3 11 33 18 11 -57 11 57 16 0 28 9 -2 -48 -10 32 4 -30 3 15 30 -25 15 -25 46 -25 38 19 22 27 -3 2 -4 20 4 -10 -6 -7 71 -4 -3 13 -15 13 -25 11 25 0 1 0 -4 7 -15 3 -7 -25 -13 -9 22 -25 -19 -2 4 -28 4 4 -2 30 10 -19 25 3 -28 21 -13 -2 9 37 -7 2 0 -7 -33 -4 -9 31 10 -19 10 -13 28 -33 4 2 31 19 26 -25 -23 -60 19 -18 9 9 9 2 -23 10 -33 18 -11 31 9 -25 -25 -19 23 19 -4 4 -25 -9 21 -23 -23 45 18 -12 -21 -16 -21 -3 13 -61 -53 -29 11 -14 9 25 -28 23 -23 -13 -4 -14 -18 54 16 -52 -10 7 29 -11 21 34 -25 3 46 23 -29 -11 -14 20 -28 -16 18 -17 -7 -13 -11 -21 18 45 3 -68 20 -29 -11 14 20 -3 -19 18 -18 2 30 -36 -45 29 0 -3 -52 2 -25 -24 -32 -15 3 -3 -11 -18 25 1 11 -14 5 0 -19 -6 -2 2 -4 32 5 -9 -3 9 -10 25 -4 33 -14 31 -11 -19 11 57 -2 -5 16 -5 41 2 -6 57 -4 4 16 -30 15 -9 15 11 -10 25 -1 33 -22 -11 -29 0 57 -25 4 16 22 -10 9 -2 -3 10 -58 13 35 -30 -25
s 000101011001110000000010000000000100000111010111110001101010101001010111
m -53 50 31 -38 50 16 -109 36 38 -83 -47 -80 -5 -84 75 -20 -104 101 -63 -3 22 -14 71 -60 108 6 -21 -103 115 116 -58 -80 -25 -92 -5 33 -2 88 60 -66 100 -57 -94 -126 118 37 69 26 114 47 77 21 -66 73 99 117 97 -93 44 48 113 -17 -60 -57 27 -39 -118 -52 -82 -14 61 -71 17 -108 -67 85 10 0 8 -8 117 -15 -97 96 -63 118 -57 39 83 39 -30 -104 -49 -82 -49 -1 -16 -71 -17 20 8 -87 53 98 42 -33 -99 -44 -4 31 70 5 -113 -116 -111 94 107 -60 97 93 -74 10 116 119 -28 35 27 64 -15 90 -40 -92 -28 18 79 -54 -107 94 -46 -16 -39 3 -26 -63 92 -113 25 -126 -46 64 109 98 2 123 36 16 -6 -77 -96 -36 1 -38 22 -50 -127 -116 -14 18 -45 41 -65 66 -106 28 56 -120 -125 -61 86 -37 -78 72 93 73 122 26 -25 25 29 -127 59 71 -72 93 117 32 21 68 -46 -71 51 -17 65 -102 -95 43 -114 -109 -109 37 -91 -38 -98 -66 -18 26 -117 83 102 -35 47 33 -6 51 9 14 -2 -111 -84 3 -103 72 14 -60 51 -103 -42 24 60 53 92 -77 76 -52 21 -45 -31 0 106 56 116 -10 -58 -117 -108 -42 -121 29 67 -27 -83 106 14 10 -109 -39 -36 -43 -107 -45 -43 93 -11 120 -77 31 89 33 -54 -115 2 109 118 -59 63 -112 79 -126 -94 -58 -75 -38 12 -90 122 36 36 -66 -70 52 -67 -35 -20 -102 -75 -82 -101 69 -38 17 -80 100 3 43 -36 18 -116 -50 80 -39 -127 -38 -42 114 -115 25 17 97 -39 -89 -113 -33 96 -82 43 120 -126 -57 -120 115 -94 42 -106 9 -27 109 -35 43 107 62 93 -22 60 124 -64 -4 104 31 -122 5 8 103 27 -27 51 -88 -108 -104 99 11 -70 -70 -84 85 -86 -59 12 -62 -8 -22 -76 -52 72 -85 -79 -93 -49 -95 16 83 24 -87 12 71 99 -15 110 25 2 46 -108 76 -96 -92 -117 -63 -12 40 -112 -37 -90 -23 -78 93 -116 -78 21 18 -62 -90 -24 -42 41 71 123 -75 115 24 -6 -123 -76 -14
e -28 6 -13 13 6 -11 13 21 -14 -21 -5 -11 -42 -18 -33 -46 -28 16 -5 35 22 15 -3 26 -13 0 37 0 -7 -2 7 13 3 13 -35 -13 -26 -29 37 9 -29 6 9 -32 8 32 14 -16 14 2 23 2 -2 9 -13 28 -34 -21 4 -34 5 -4 5 -18 -5 -3 -28 -3 -10 -6 10 -28 -13 35 0 0 7 3 -24 -9 -18 13 18 -25 -5 -25 48 -3 -48 -35 9 6 1 -32 -22 28 -29 -22 -7 2 15 -29 2 29 20 70 -20 6 -15 4 -52 -11 7 52 -3 -7 24 -10 24 9 -28 37 10 -34 -10 4 7 -21 11 -18 7 11 38 -7 -45 50 45 5 35 -5 23 0 24 21 22 -34 -21 -7 20 -21 29 -20 -15 20 -2 -55 39 14 1 1 -14 -77 -7 33 -16 -24 22 43 -9 -13 11 10 11 -14 4 14 -11 52 11 33 7 -3 -13 -45 20 -13 -5 20 -42 23 -26 -19 21 -19 -2 -11 -2 -3 20 -23 9 2 37 -9 14 37 6 1 6 8 -34 -8 16 21 19 63 -18 20 37 -28 -26 -6 -13 -19 13 -34 2 16 -21 -21 -23 5 -23 -9 -13 13 -38 32 5 -6 5 3 8 -18 -13 16 -31 -6 23 6 -7 -36 13 13 -2 -21 0 2 5 7 29 18 -14 -27 -28 -5 -33 -6 3 -14 13 -9 -16 0 -32 31 -7 14 34 13 18 4 5 -2 -5 3 -29 -3 9 -4 48 -32 -5 35 14 3 0 -2 -10 7 -2 -28 70 29 34 25 -4 7 -20 -5 18 -6 32 -25 1 10 48 -22 28 35 -7 42 0 29 -7 43 10 -18 -7 -4 25 -77 -52 48 20 -7 35 6 -24 0 1 9 -22 -7 23 7 -24 -21 29 9 -11 -34 10 -7 6 -28 -45 -1 52 14 -8 -7 -1 -31 -46 -34 -9 -5 -21 15 23 20 -4 -21 2 54 -14 14 16 41 -11 45 -2 33 -5 14 -16 23 -1 -13 -38 -34 -14 -11 -21 21 -20 -13 -2 -2 11 -3 14 14 13 1 -63 20 -34 33 26 22 -16 -19 13 -20 -16 -11 26 -23 14 19 9 11 -2 -37 -33 -3 29 -16 13 -8
s 111011110001110010001100001011010011100011110011001000100011000001100001
m -84 84 -10 7 58 85 -74 23 -84 -102 -117 4 5 -120 -116 47 -79 25 -85 -44 -122 54 83 107 65 119 37 -90 -23 5 39 -67 -114 -3 -45 62 -98 40 2 51 -98 -58 31 105 -68 -57 9 37 74 -85 -79 -115 36 83 -88 17 -35 96 86 89 91 37 -89 125 91 47 96 6 110 -92 28 -89 -27 54 -72 -17 111 -44 -114 69 21 6 75 42 -115 84 -92 -109 -48 -92 -57 3 -1 33 -112 -67 120 5 -12 66 -88 -122 -7 -101 50 -113 -21 35 -108 -31 -119 -108 -112 -1 -62 15 -23 -73 10 82 42 -62 44 -26 92 12 -119 99 112 -92 -46 124 -71 72 13 101 -71 65 102 40 -8 -43 102 57 -50 34 10 119 38 -22 -73 81 64 13 -25 61 9 16 -20 -60 85 4 -87 27 -60 29 -54 41 88 7 -23 3 118 -71 3 91 21 126 -112 14 59 -101 11 -31 -93 -14 106 109 78 32 16 -77 -11 39 86 42 17 71 -15 -117 72 -46 -29 62 -93 -28 63 99 118 -26 88 28 122 -20 -61 -113 104 99 -62 116 -44 114 -120 -49 -88 76 -11 115 -83 -107 -107 -78 50 127 -117 54 94 50 27 -65 -25 92 -111 -27 -6 -48 27 77 -26 -51 63 -117 -104 -107 -92 64 95 -94 111 -66 50 -6 34 -4 34 -38 -41 109 -75 119 -26 89 86 37 -47 103 -100 -29 121 70 -17 -94 101 -74 22 -33 -108 -121 -28 -45 -101 -94 34 36 8 96 125 -86 -34 53 6 -64 58 -34 26 124 15 43 88 85 100 -55 -45 22 13 -39 -74 85 123 -48 76 -69 -50 -24 -125 6 110 -22 -100 40 26 55 -50 -61 123 81 -119 19 -32 119 -74 12 68 62 105 -39 -47 8 89 125 108 81 59 -38 5 41 -50 72 -8 118 -13 56 104 -11 90 25 -8 20 -9 55 -63 -26 75 -100 7 -111 43 -95 -71 66 112 -62 -114 52 27 -30 -33 12 -58 -83 33 -82 -16 13 -75 17 41 95 -24 -120 -64 19 94 -32 3 118 124 55 -89 -47 -77 54 37 -112 -91 -61 -113 -59 -34 37 52 13 -89 -80 106 -90 -121 -1 -110 -51 110 38
e 24 45 7 -65 45 14 7 -44 15 21 -5 19 22 6 -13 -6 24 29 -24 29 49 -6 -29 -14 -6 -15 -12 15 -35 10 21 -3 -1 -6 -24 3 6 30 -25 4 -30 56 4 -29 -23 29 -7 -42 -7 15 23 15 -6 -55 7 37 23 -21 -14 -23 5 -14 -20 -6 20 6 -24 40 25 -45 30 -15 6 32 38 33 38 38 -21 38 20 3 19 20 -24 20 42 29 54 -32 -4 5 12 -36 -5 1 -7 6 35 -15 11 -21 6 -21 -12 -30 12 3 14 -3 -1 -20 -12 -7 -6 12 -9 -25 10 7 15 -7 3 23 3 3 -38 -7 -12 -19 -34 -12 -20 34 -28 -42 12 18 32 18 -11 39 7 -7 -5 4 8 -11 14 -8 -21 14 7 -19 -7 14 3 27 -51 1 18 22 -12 13 -22 9 7 22 7 -9 -14 39 14 15 11 -15 4 1 -4 24 34 -1 3 12 49 -3 18 -49 -14 7 -30 12 7 -12 5 -12 5 1 -23 23 -55 -7 2 -63 -14 2 -51 18 -51 -25 4 23 -33 -8 33 23 -6 -49 2 -24 14 -51 -45 12 -23 -7 -5 -33 21 -1 23 -5 3 -55 7 3 -2 -21 34 51 -5 -29 -23 6 23 33 -30 -15 33 -51 21 55 7 6 15 -21 -15 6 5 -21 30 24 3 -25 -24 -24 29 45 29 -7 6 4 25 -15 29 15 -21 7 -23 3 58 14 24 6 30 39 -30 -6 -4 14 42 29 20 42 -8 6 -38 15 -25 38 -7 -15 19 -35 -23 20 -33 47 -12 20 19 -3 -6 23 -1 -25 42 5 15 -32 -11 23 38 -49 -38 5 3 -19 11 3 20 21 -1 42 -12 12 -32 3 -9 -38 1 7 5 12 7 11 -9 -10 21 7 -12 -12 3 -41 3 3 12 -1 -1 18 -14 34 18 -9 -12 4 -11 24 -9 3 -7 -14 3 7 22 -1 -12 -14 -34 14 4 12 -7 13 18 -14 -22 7 -18 7 -7 -4 -21 -37 -8 -28 14 -7 -5 -7 -14 1 14 15 10 18 4 -54 -4 -13 14 8 22 12 7 49 33 -14 14 -23 -15 -33 55 -4 5 2 -13 -17 51 -22 3 23
s 001111101010000011110001110001010001001011001001101010110001010011011110
m 95 -40 36 -14 -97 -92 -33 4 -106 -56 82 117 59 73 35 93 67 -107 -75 -16 -2 95 20 -94 21 70 86 -119 3 93 40 -58 119 6 120 107 40 -92 -1 -77 49 -125 112 -2 74 -95 45 3 -27 -36 -9 -74 -10 93 -6 -24 71 -109 -109 92 -90 98 88 29 89 99 -71 -52 -103 -16 -76 109 -72 -30 77 -33 -34 -103 -58 112 -32 -116 121 69 16 108 37 54 80 -26 -88 57 -21 90 118 55 -98 -125 77 -30 109 63 -107 -109 -43 -27 103 -25 -103 -107 -100 25 76 -112 -107 88 8 -117 50 -67 -116 100 -8 -97 68 -37 125 20 29 -51 27 -9 -57 123 123 69 37 -71 54 109 10 17 110 117 59 -33 118 -32 -101 -83 -110 28 -75 49 61 -55 4 -65 66 -97 81 21 -22 92 -98 -80 -95 72 63 -109 -47 -38 -88 -19 88 65 -57 112 28 108 40 -54 -25 17 51 58 -26 -120 84 -69 -7 -82 94 113 -101 -10 -22 -104 123 72 -71 13 -63 53 -111 -75 -25 -107 39 -2 36 93 -95 -118 -78 68 -121 -58 122 78 41 106 23 88 33 26 6 -42 -23 38 4 42 9 -2 54 -104 9 -51 -7 -21 12 49 -5 -112 -83 -79 -15 -45 110 85 114 -54 -66 60 -7 11 -25 -82 -13 -97 -55 -87 85 64 -26 -17 112 65 -93 -66 32 13 -59 -50 104 21 66 72 -43 108 89 48 -89 -16 80 -24 -63 80 -78 17 75 9 -47 45 45 -99 -105 -88 -9 89 -52 39 119 35 103 -42 -84 -73 -46 -9 119 -6 -31 103 -80 77 -11 105 -127 -16 11 -88 108 104 118 -123 25 111 48 124 83 105 -76 21 -18 52 -17 -57 -67 47 48 34 77 107 102 7 -96 109 28 -72 -42 -79 45 28 -42 82 110 -36 109 126 107 -78 -114 -72 33 -29 122 -50 52 -100 -126 -114 -106 8 94 -78 57 46 -101 127 19 32 -12 -110 79 -65 102 -95 95 -28 -83 97 111 122 -100 13 -119 -29 -64 44 121 -114 73 9 9 13 -123 0 -16 4 9 -1 -66 36 -119 0 28 -95 81 -30 39 -11 -11 -41 63 73 -61 -125 8 90 34 10
e 14 -14 25 -6 -14 42 -6 10 -8 -4 -11 -17 -11 26 4 26 14 -58 7 18 0 -19 -14 7 -28 -22 10 22 -35 -6 -3 6 -34 -51 -7 8 9 24 8 12 -24 -7 -12 -8 -2 -2 -24 -25 40 7 4 7 -14 2 -13 19 38 -4 -15 38 11 15 -8 64 -8 28 -14 -28 8 -21 8 -19 19 -14 -15 22 64 15 3 -30 45 6 -28 37 -7 37 -10 -14 -10 -14 12 4 32 2 52 -19 24 -52 7 7 7 25 -9 -25 -16 31 16 -4 -15 -33 67 -8 -20 67 -28 -20 44 8 7 30 19 -30 22 -38 -7 -72 -30 -7 8 28 25 -9 -37 24 15 -10 15 -23 14 23 -61 -42 -9 -7 68 -14 1 -7 -25 -1 -25 89 -11 16 11 41 6 41 12 19 12 14 46 4 -58 -7 -25 58 -30 -25 77 7 42 -8 33 8 17 -67 -17 4 24 34 -8 28 0 8 -44 0 -7 9 8 -10 -7 10 6 -8 6 34 25 -4 -2 11 1 2 41 1 -7 -12 7 5 14 -2 3 -1 3 -4 -26 0 -1 14 -7 7 14 10 -2 6 -20 3 -4 -48 -8 -11 8 -10 6 6 -1 -4 14 -7 -12 -14 2 -26 19 3 -23 22 -4 14 -3 -2 -6 -19 27 4 29 -9 11 3 24 -26 -6 -12 -14 7 2 14 14 24 -19 -56 8 22 2 -21 -3 -24 -63 -6 -7 15 7 -9 -8 14 24 28 12 42 -10 2 8 14 -24 -28 15 7 52 -30 -9 -19 -28 -24 38 -50 -15 30 -16 22 -28 -4 -46 37 19 -8 19 52 19 -15 7 -38 -15 25 -30 -52 -7 -28 7 33 37 25 69 -10 -38 -20 -14 -4 -7 -15 -19 -56 52 -20 -9 10 -7 -7 56 30 -8 -16 -7 24 -4 33 15 19 -67 23 -20 -24 -12 -7 15 -14 -30 -23 1 7 9 -25 -33 -18 11 67 8 -49 -24 25 -25 15 -12 -4 23 41 58 9 12 -26 7 14 -42 8 -1 8 -25 -25 6 11 -42 34 -41 12 8 58 17 0 -19 31 -7 -46 -63 10 -25 0 -3 42 -7 4 8 -32 -2 17 -6 -1 -4 34 19 58 8 -2
s 001000000001100011010001111101111000011100100000011010110110011011000001
m -69 97 -20 16 111 -92 38 -21 -108 -108 -100 89 46 -69 -70 -47 -122 -112 44 89 59 68 45 -87 -84 -79 -97 10 47 5 -98 61 39 -59 -15 54 -72 19 -67 41 105 -42 -21 119 -107 -44 83 30 -52 -77 -122 51 103 104 -64 111 66 117 -65 -122 34 125 70 7 -104 -112 16 -109 48 -52 16 -75 89 -102 -126 40 -11 -88 -83 39 -76 -71 103 -54 -11 13 -63 -4 -17 -124 112 -104 55 37 -70 6 -56 85 68 -15 5 67 -85 -5 50 87 -124 115 69 -121 -119 -31 0 -86 -9 59 -40 -61 -54 -23 -11 21 110 34 -22 -116 49 -69 -6 -19 -55 -4 53 72 -117 115 30 -83 -78 87 -102 31 -38 12 -1 -43 16 -105 123 11 -32 21 -123 -35 19 -13 -74 -123 54 108 66 -111 -88 47 75 -94 72 -58 113 25 61 -83 27 67 -122 103 59 89 106 -42 -27 44 -111 -112 -46 51 105 -99 22 34 -101 53 47 -43 94 -16 26 -70 22 36 109 -103 -111 -26 -37 24 -74 69 -4 6 -24 76 -101 -121 39 96 89 126 70 97 3 13 -104 -27 98 -57 11 68 51 5 -81 -80 37 -122 63 27 55 -64 -75 -72 110 -103 -24 -110 -126 -9 11 -88 49 18 -85 46 -108 75 -66 -5 -112 80 72 56 -102 -22 -14 39 56 -99 48 121 62 -46 -9 -39 -105 20 99 61 -35 39 68 -15 67 -54 -58 12 101 61 -77 32 125 -49 -7 -102 34 37 126 -94 72 113 32 -125 42 90 -26 -28 60 -30 14 -49 -51 0 -98 -44 84 -97 19 43 21 -14 -1 121 13 119 75 23 -126 -20 113 75 100 37 71 30 -57 -81 -57 120 -59 68 76 -37 -26 31 -14 -79 120 75 -32 68 19 16 -48 87 2 9 -59 -49 -86 75 54 86 -126 51 48 41 51 3 53 86 81 57 -88 115 -65 -96 18 72 -26 38 40 -74 86 -35 108 -87 -55 43 107 -21 -1 -9 125 35 102 -90 -91 -16 -123 58 105 -82 65 -105 80 79 76 -2 -46 -78 19 -69 -39 -112 117 -89 74 3 61 34 104 105 -19 -40 11 -104 107 90 86 89 114 -105 10 -85
e -10 16 8 -34 16 -24 -14 -5 14 -5 30 -41 -30 -7 37 -7 -10 51 -10 -4 -3 -8 -4 -3 8 9 -24 -18 31 10 -31 13 -5 -13 10 9 11 25 -21 -19 17 -4 35 33 6 -33 -35 8 35 14 -32 -14 -11 -10 14 -1 30 5 13 -30 -41 -13 0 20 0 -8 10 -8 14 -16 28 1 -8 -33 -28 -9 35 -28 -31 -10 17 -13 -17 -12 14 27 7 40 7 -33 -19 -39 -6 39 -1 -17 35 1 5 45 12 -5 11 17 31 17 -31 39 -13 33 48 0 -52 48 -28 0 28 -14 28 -14 1 14 -2 53 2 33 -10 -11 -4 23 8 -6 12 -8 -27 -7 31 -49 -33 49 -19 33 -19 42 -13 -3 -10 -5 19 -14 5 20 -16 -44 16 -33 -39 -12 1 -6 1 -3 0 -37 -51 28 -8 66 14 -8 24 2 30 -14 33 -14 -41 -48 -41 42 8 -5 -9 -27 3 9 49 3 3 19 -3 24 11 -24 5 -4 5 5 19 43 -10 -16 -21 10 -12 49 -4 1 -12 -21 -3 -6 -8 10 8 32 7 -3 21 10 20 4 -16 -35 -6 14 5 8 5 -35 -32 30 9 10 -14 13 21 -5 10 -4 -30 4 6 -7 8 -27 14 9 32 46 -31 -10 14 -8 14 -19 9 -11 -30 31 -17 -7 -14 -19 10 10 33 16 -4 35 60 19 -14 -9 33 -1 -42 -41 30 -13 -14 13 10 -37 0 -4 -17 8 -19 13 15 -33 0 52 -35 -8 28 -14 14 10 -11 -1 17 -17 30 -12 -43 10 -31 -28 17 -52 8 -12 -6 14 -7 -1 10 33 5 30 28 -5 10 -1 -2 -17 5 -43 12 -5 48 7 -31 0 -33 39 -28 -28 6 14 -1 0 19 5 35 11 -5 19 -4 31 -20 -24 -39 33 -27 -6 -50 49 0 -8 1 -28 27 17 14 49 -10 -2 -19 19 33 -11 17 -48 -4 12 -8 -19 -41 -27 16 37 -73 12 -51 -30 -2 18 11 3 24 -4 10 17 -19 -8 5 -16 24 5 12 -14 9 -1 52 3 3 37 -3 10 -51 -24 -8 -41 8 24 3 32 14 -24 -23 41 5 21 -37 -5 4 51 33 6
s 110100010000011000011010010001110000001101010001010111001001010000001000
m -41 64 100 -26 -41 7 -73 99 94 -107 33 -75 109 72 -119 68 126 -37 -87 -18 114 14 54 -78 -8 -114 -106 -44 -23 103 -94 100 92 -14 -93 -72 -87 -26 86 -36 -57 45 21 96 -58 -56 1 76 -10 125 2 -5 107 -106 80 -11 -6 21 -9 -116 98 22 -92 -95 -92 -99 -12 8 78 -110 92 99 -6 118 39 32 119 -38 -34 22 -100 43 -14 -37 -13 61 -87 28 -53 -70 106 12 88 -59 110 -29 -99 97 106 77 48 40 -17 -39 115 124 -25 69 108 -55 8 37 -74 -22 50 91 -106 -39 -124 -78 -19 87 109 37 -109 63 0 13 65 -92 -112 -33 -44 110 -41 12 -15 -23 116 18 -80 113 -73 93 -123 -87 113 97 -123 -32 -12 81 -80 -78 -21 7 38 -66 -50 39 91 -53 97 -32 -75 68 92 -102 64 120 115 90 66 57 112 2 -105 126 -76 112 -77 15 56 63 -63 -70 108 46 19 76 -72 62 75 61 -38 56 -110 13 -53 47 -114 -84 -115 11 -16 -44 57 -4 -60 -60 57 -109 -87 57 62 110 -49 -107 -27 101 -30 25 -60 -64 34 -90 75 -35 -73 1 -79 -119 72 -20 119 123 -21 16 -124 -34 28 -125 73 -105 37 -115 -58 80 127 -75 93 -7 -108 40 80 -41 -35 8 -111 -53 96 42 -12 87 -90 68 -15 124 -87 -31 -26 -120 -50 -73 -26 56 74 -115 -98 -110 -14 51 119 -102 77 126 -13 -12 -64 -66 -30 59 -96 -47 118 73 83 -13 112 -6 23 -118 36 19 32 -69 -6 -65 38 76 -107 99 -64 74 87 -121 -59 -115 -35 60 100 -89 11 -110 86 -25 -117 -3 -57 -117 93 -66 127 47 32 65 -75 -61 73 31 76 26 -89 -10 -76 52 -117 -65 5 -101 -41 109 -87 -48 -78 -75 -108 -59 36 10 43 -126 -3 -83 40 -17 -94 -114 4 34 113 0 11 80 71 -127 -23 -78 106 -14 24 31 -76 45 67 -108 -10 76 -26 -8 -63 104 40 5 -29 102 -29 37 116 92 21 2 120 -58 -10 21 59 96 126 -4 50 121 84 -118 43 -59 42 -36 121 60 16 32 -12 -60 -15 12 86 -120 95 24 59 69
e -11 36 -7 64 -53 -19 23 14 2 -14 25 -21 25 37 4 37 11 9 -12 25 -41 -6 -16 -17 6 28 28 28 -30 -14 -21 -11 -1 11 -12 9 7 12 11 19 12 22 -32 -14 -30 14 -9 -31 1 -5 -42 12 -7 7 -23 17 -28 14 6 -6 25 -6 -33 -37 -33 -7 -36 11 -35 -36 -35 -10 7 -42 10 -31 0 -10 -21 0 -3 -11 -3 39 -60 -33 -11 -16 -11 42 -19 34 26 14 -22 -35 1 -22 42 -5 46 5 7 -5 22 -12 -28 11 -6 10 -20 67 -9 7 7 9 -60 44 -60 -23 10 23 30 6 -30 -10 6 56 5 -3 -42 -5 33 42 -14 27 -28 -9 -42 9 64 10 67 12 22 -15 -4 42 0 4 -5 0 19 -22 63 14 11 -7 3 26 -3 -15 9 4 9 64 -7 9 23 -7 -7 30 -7 2 -10 14 -21 -7 -21 -4 -42 -1 -9 14 41 9 9 -52 27 -64 -17 -28 12 -28 14 5 14 -1 0 -2 7 19 -11 -7 -7 -11 22 3 -22 -30 15 -30 31 -4 -31 -2 -37 41 -11 11 -17 30 -36 28 51 23 -14 37 -14 -2 2 -25 -9 7 -23 -11 -11 19 -12 -22 29 16 30 -37 -6 31 -11 -28 -2 -36 21 10 23 -6 -5 -14 28 -15 -25 -21 -12 43 13 -19 -11 12 23 36 16 1 6 19 35 28 14 -10 21 1 -6 11 5 -6 12 7 33 -16 17 -7 19 6 -11 -14 -33 53 -1 7 10 5 -35 0 -7 10 3 -12 6 33 8 0 22 33 -3 11 -7 -33 26 35 -11 22 10 -42 42 -6 28 -5 0 78 -30 -13 -42 10 -33 -5 -7 11 22 9 42 -11 60 10 26 56 22 -38 64 42 -60 -12 11 -23 -5 22 -30 -68 -11 10 -14 -26 -7 16 9 -42 4 -60 14 -47 -23 -9 -26 77 -64 13 -49 12 -19 7 -5 -7 42 0 52 14 19 -4 9 -7 21 -64 3 33 -12 15 -7 21 4 2 0 -7 -14 -19 -7 -1 7 -2 49 -3 21 -41 15 28 17 -4 -9 28 -7 41 -31 7 17 -2 2 -54 7 -21 34 19 -4 1 22 -9 -9 30
s 101101001110100010001110001101010111011101000101001111001010001111101100
m -22 41 -49 21 -31 -75 52 -31 -42 -70 -6 -83 -2 20 -103 118 -61 -35 110 -119 -99 -31 -123 -123 106 -99 81 74 -127 -2 -127 70 32 74 80 85 -92 23 -29 -13 -43 56 -99 -104 -91 -96 57 -119 54 -21 -112 -96 -89 62 82 41 -21 -89 66 -117 -70 -121 35 -84 57 -121 -21 -125 -62 -104 83 -68 73 -17 112 -66 119 -22 4 -47 73 96 -72 62 -106 -41 -117 110 -60 61 -63 109 -9 57 50 111 -90 12 104 -63 -6 23 -96 -57 119 98 11 -60 13 116 119 -69 55 15 -82 -100 67 -116 -1 79 108 -64 -80 -123 -89 50 -106 -110 -117 62 -78 -104 21 105 -19 80 103 -89 6 -83 -48 111 126 60 60 105 118 55 -126 -115 -95 83 17 96 -80 -83 -39 -14 -108 -20 23 114 104 -99 -12 -19 59 -118 84 40 -85 -94 17 79 56 -29 -41 107 113 -13 -24 50 56 119 60 38 -12 -71 37 -44 -89 -70 -11 95 -93 -38 38 -102 126 124 125 -37 58 47 -60 52 -105 -61 86 22 -76 -55 -124 -21 31 17 70 7 60 45 -21 74 34 99 17 74 -65 84 98 118 21 -17 -62 21 -67 -4 -22 0 -115 -69 -102 75 -52 102 -23 63 40 50 77 9 31 -127 -38 98 -13 -16 -121 -3 5 4 20 -74 87 -73 -23 -86 40 -36 126 116 118 -116 -19 -82 117 -84 -14 -76 45 -48 0 -58 -71 -81 21 -116 -126 81 -66 21 -37 31 -123 -62 109 -14 -90 -127 8 -41 -21 39 64 117 -53 1 -2 127 125 -34 -1 6 -66 -115 -14 -99 -61 -67 23 -58 -26 -93 102 -31 79 75 -21 -6 -71 -51 81 -39 -11 -27 125 44 -84 107 -69 24 -67 -109 -79 82 -112 -9 -13 -9 -98 88 89 -75 -60 8 -4 -108 84 -109 -6 -52 25 -10 -119 -47 6 -11 -2 -45 10 -26 12 104 -6 -48 47 68 57 11 20 -71 0 20 -3 127 -77 1 79 -45 106 -16 125 -122 -75 -90 80 20 122 89 -46 -68 43 94 89 -56 -99 -59 -7 75 124 84 84 21 -74 110 12 -8 -29 81 45 12 -9 -104 -78 0 85 72 2 -29 -44 103 118 -57
e -19 8 -11 -34 -8 15 -19 0 8 0 -2 0 -5 -62 -2 -18 -19 -11 -63 66 7 -21 66 19 21 -44 -62 44 -4 34 -4 -4 -26 -4 -63 -34 3 18 20 56 -18 -39 12 -28 15 -28 48 -26 50 0 11 0 3 19 -19 -21 40 0 -2 19 -2 2 -19 18 -19 -13 -20 -13 7 -8 -7 21 21 -6 -20 -44 -36 21 4 36 -1 -4 1 -1 63 1 -24 -66 -24 6 12 4 -13 28 11 8 -48 44 -6 0 8 -28 3 21 10 18 66 -4 -2 -6 -6 19 -22 -6 -13 22 1 7 -12 2 -21 -2 19 19 19 -6 36 -8 34 -1 7 34 -1 -7 6 24 -6 -11 15 -11 11 -20 -11 8 11 10 -9 -6 -63 9 21 63 3 10 -3 -1 -4 -1 21 -8 -52 10 -22 -2 -31 -1 11 -11 2 11 15 19 -38 -8 -6 8 0 -6 0 -2 7 -26 -34 -6 -7 -49 -40 7 -19 11 19 71 -8 -62 2 50 -2 26 63 -11 19 -3 -20 19 -1 -20 39 21 -39 -15 -10 15 -26 9 26 -11 -18 -7 -20 19 33 -39 8 -62 -20 -19 2 26 0 -26 -11 -2 34 42 19 42 26 14 63 39 -2 -97 15 -18 -28 26 19 58 -11 28 4 -19 19 21 0 0 -44 19 2 4 21 18 -4 12 -19 63 28 -8 -66 48 21 12 7 -44 28 21 -4 -48 -19 4 -12 2 70 3 -30 66 -18 13 12 -2 -24 35 19 -6 48 -58 20 0 -17 42 3 -21 -1 18 19 -19 12 -36 10 19 6 4 -13 1 -8 7 -24 -11 -35 -6 6 19 -20 21 -36 11 23 1 6 6 -1 21 6 -33 10 -22 -6 4 -1 -20 -8 -2 -11 -22 11 6 -1 -10 21 2 -34 -10 19 -9 -6 6 -6 -8 10 -11 -39 7 21 -1 -17 -67 -56 -11 -19 19 -39 63 44 -8 3 -6 -34 1 -7 -73 0 -6 -15 2 -11 10 11 11 -21 -11 8 -10 15 34 -9 -8 63 11 2 -3 -15 -26 1 8 34 21 0 -7 10 2 -19 -9 -11 -62 14 7 -28 -15 -19 -15 18 62 -19 0 -2 -20 12 28 49 11 -34 15
s 111110101001101010110011100001000010111001000110100100001110100011001000
m -110 22 -123 -53 -118 119 -39 -104 -83 -66 79 -21 21 91 98 18 -45 66 26 -80 -104 -61 27 8 -11 106 -124 -61 94 -42 1 -21 -28 -78 26 113 -43 124 41 -32 -4 -40 -18 -110 85 -77 -31 48 23 87 26 98 -70 -102 9 -13 117 -11 40 -59 -73 -28 117 23 33 85 -33 13 5 43 -90 83 75 -101 -82 35 -114 -64 70 13 100 -7 48 -17 70 40 -124 90 -31 -50 77 -46 57 -78 61 0 60 101 -81 -22 -57 89 -96 85 -53 4 -48 7 62 67 -53 -120 91 -58 99 -21 -87 123 61 52 73 87 -80 -104 -28 -56 -6 23 64 -101 83 -19 104 -68 114 -25 23 -81 -31 -8 -32 -13 -110 -18 -36 109 -35 100 -86 -50 -49 79 24 -96 -104 -68 -27 86 -65 -127 -22 47 -93 -96 70 106 -75 -104 80 39 -105 -86 -28 -58 -104 -36 125 119 -60 -108 15 98 -2 98 -34 85 -100 -51 60 -26 -59 -105 88 85 -12 72 81 -63 -115 -126 -22 -113 98 -101 -63 111 29 31 -8 -95 21 67 40 118 80 14 14 52 121 108 97 -44 62 -25 3 -79 108 57 76 -23 -125 -75 -22 -12 -38 -6 -51 -32 -3 -110 73 -11 36 -26 51 -83 -127 -28 1 -68 121 -103 -91 -10 -49 72 87 -98 85 73 -101 34 63 -107 -51 102 103 -2 109 96 114 55 -17 -82 76 -71 -49 45 2 -114 -45 1 22 79 -5 93 -127 -70 -62 -22 -86 94 -104 69 -85 50 3 -70 111 -100 17 -52 34 52 -24 125 -32 -126 -27 123 1 28 71 103 60 -74 66 123 60 95 -27 98 5 104 127 87 -14 -36 120 93 -100 -2 30 -90 99 125 127 -52 -117 127 60 -28 -9 -20 119 -25 32 -97 -109 -20 -126 66 -98 15 -97 -121 -111 92 -111 77 -123 35 107 51 -97 28 -82 2 71 -22 66 -45 24 71 -77 -55 -26 116 68 -10 122 -18 -84 -17 88 66 40 -34 -76 -110 56 28 121 -45 6 -109 -6 12 77 -23 112 39 -94 3 98 -81 72 -105 -73 17 25 106 -101 38 -99 -35 21 116 111 -65 -32 110 -113 79 13 75 90 122 15 98 63 -39
e -29 -2 -11 -8 2 25 -8 10 -3 10 -19 53 -64 13 15 13 -29 35 -3 10 -30 -9 -10 -22 -9 -25 22 25 1 -11 43 6 -21 6 -3 -2 15 -4 -45 16 4 -7 28 67 -3 67 21 -19 -28 20 -1 20 15 -11 34 -46 2 28 1 -2 19 -1 5 13 5 -12 -40 -44 -15 -2 5 12 9 28 -3 -25 6 -3 1 -6 1 6 1 -35 -3 15 22 -10 22 28 -16 7 0 67 8 -50 -21 8 -22 -40 -22 -2 15 -2 -24 -4 -24 -24 1 -21 27 -5 -18 27 -12 18 28 -5 -28 18 12 18 -13 -2 -13 21 12 -16 17 -1 -14 -23 15 14 -16 28 -16 2 44 2 23 -3 23 21 -8 -19 -6 22 -6 -6 2 6 -21 -24 21 56 7 -56 20 0 28 -19 18 -15 35 -28 -11 -35 18 11 -25 -13 -92 -3 21 -3 -19 -27 19 -15 -14 21 20 -16 -31 -2 2 -30 -7 28 7 22 -16 -22 -12 17 11 -21 -6 1 -11 21 -36 -11 58 -36 7 -20 -14 3 -25 -3 -19 6 -19 -1 16 30 -36 29 -7 -7 -2 34 -32 -8 11 -19 -10 -25 1 19 2 -20 -8 7 36 10 20 -7 -19 24 -3 -13 9 19 -29 31 -13 2 1 -11 -8 -10 -20 -10 -25 15 -19 1 4 13 -6 16 -29 -3 -67 20 -10 -21 9 -16 5 25 -68 -12 -1 -21 21 6 -20 20 -3 -15 -29 -10 4 12 16 -1 22 -67 -5 -28 21 -12 5 -20 -5 6 -38 -12 1 -4 -2 15 -1 6 -42 5 30 -7 -12 15 0 5 -22 8 12 -28 -22 2 3 -2 -6 8 -20 -1 22 -21 -15 43 -47 22 24 -18 -28 7 28 3 0 -18 -32 19 -23 -24 -45 16 2 -25 -17 24 -13 -14 7 21 16 0 27 -2 18 -14 -20 -28 16 -19 -18 -7 6 -13 -23 -6 -49 -16 21 27 -17 -56 -14 -6 -19 21 21 -15 -2 -56 58 23 20 -11 -16 -19 25 -17 31 -3 -9 35 11 21 25 21 56 28 -2 20 -19 -30 19 15 -7 6 -35 -22 -11 -30 -35 25 -7 1 -3 -22 -11 -19 11 -36 15 21 7 35 -2 3
s 011000010100101010010111101000110101100010001100110001001001001001110011
m 47 -76 19 58 20 76 -3 -24 -34 90 -85 57 126 -49 41 66 -115 -19 -9 -54 41 -98 101 -83 -31 -64 68 -70 -12 -79 60 -101 -115 49 -88 -31 11 126 35 -124 -91 -75 -37 80 74 20 103 43 -76 86 -63 44 69 -41 124 62 17 -15 49 83 91 9 104 -35 -68 -26 38 59 52 -49 -67 89 127 -126 70 24 7 75 32 123 77 -27 61 6 124 -64 34 -47 126 27 -2 -33 -5 4 68 38 -21 -10 65 8 51 -99 -90 63 -76 62 -75 -70 116 -17 38 53 -83 -34 -42 89 115 42 -88 71 -34 104 -44 -16 -2 60 -4 -67 -78 125 79 -66 -107 15 89 94 98 -104 -87 -21 77 98 -121 -15 38 102 -21 -76 -108 -1 -63 104 1 80 71 -115 -42 76 103 23 -28 -26 -71 -81 67 -92 34 103 -116 -3 114 114 -71 122 -41 -33 42 120 41 74 44 -78 15 19 106 5 -86 32 -123 93 115 -89 56 -46 13 19 76 83 24 -56 39 18 -21 -31 63 55 91 -73 -116 -21 -120 -68 88 11 39 61 -108 -44 -68 -101 79 81 -42 -85 125 -1 33 94 31 50 12 -61 -40 99 -41 101 -59 -58 86 -1 10 107 -91 -57 42 -35 -82 58 67 125 73 -45 46 -67 100 18 124 122 -15 25 103 -19 25 57 1 -54 -47 -53 -101 -53 64 -91 30 95 48 76 20 -11 39 54 29 -111 -95 -83 -15 -28 -71 96 12 -126 120 110 102 -46 8 -41 -118 -91 -78 -58 -76 82 21 111 -18 -5 39 44 -11 -50 -96 92 53 -107 46 -43 117 -108 7 119 21 101 7 -42 104 25 109 -123 6 37 -22 -20 -5 -80 -32 -109 -1 39 76 -104 -109 21 -84 105 -78 55 124 22 -36 -84 118 42 45 110 -68 -100 7 -20 -73 -68 109 -27 -62 -73 1 122 -66 54 -88 -4 -47 30 111 -85 -12 -28 51 127 -32 37 11 -104 -78 79 10 63 -95 23 -27 100 64 -64 64 65 69 78 -26 61 -84 -89 -71 -52 -111 -28 56 28 -39 110 65 87 25 91 68 -60 -119 -13 -49 -84 -114 -64 15 34 -29 -36 -30 -114 96 -116 12 -93 -90 42
e -1 -18 3 -1 37 -56 1 -14 -14 14 -9 10 9 17 -65 -17 1 -59 -48 -25 12 28 25 22 37 21 -30 21 18 12 -11 22 -44 -22 -8 -5 61 55 -19 2 -55 -1 2 -4 -19 -4 -7 31 7 -7 -11 -7 10 26 -1 7 -14 -16 8 -14 9 35 14 17 -14 36 -1 -23 27 -18 -27 7 -28 -1 7 -51 -4 7 -11 -4 19 22 19 5 8 -5 -70 -25 -30 1 11 -35 -18 -18 9 5 7 -22 6 -26 6 18 -10 -18 10 63 10 -29 8 -33 5 14 -63 -5 23 63 -64 27 64 -19 -7 -19 2 15 4 15 7 14 -17 19 14 -17 -5 24 -1 -30 -1 9 -1 9 21 7 -21 20 9 -23 -1 -6 21 -10 18 -21 11 -10 1 -56 -29 56 24 5 -24 56 -73 36 17 64 3 17 19 -17 -56 -2 56 14 -15 -14 10 5 10 -36 14 -44 5 -1 12 14 9 12 22 21 -22 30 -14 30 -27 45 -12 44 -23 -11 -26 1 31 26 56 -19 1 -24 -1 37 23 19 31 1 31 11 17 -12 19 1 -22 1 -18 30 -19 3 -12 31 14 46 49 -9 -5 -26 1 -22 19 -14 8 -11 14 25 19 17 -28 -35 1 -21 11 18 -11 26 -1 28 -7 14 -21 10 -9 -11 55 31 -24 -2 -34 -8 4 -18 -25 7 -28 2 37 -21 -4 7 -11 7 -14 -22 -7 -8 -8 -10 -44 -42 -55 -23 -2 -8 -30 -4 14 -1 -10 23 -7 7 -27 4 -10 7 54 55 14 -6 8 -4 28 -14 -19 29 -23 -5 5 -27 -30 -9 30 1 6 -14 62 18 -4 9 -2 -19 19 15 -5 32 -25 30 10 -63 -24 29 -64 -7 -5 -58 -9 63 -21 6 -64 -14 18 19 17 -10 -2 14 -29 -15 -1 -5 -5 9 63 -14 -24 67 -7 -23 19 -9 -1 2 -21 -21 15 14 -1 -5 17 56 -14 -21 32 1 -1 -36 -19 56 -17 42 -25 3 -14 23 -63 17 1 14 21 3 12 -1 56 -44 -56 -14 5 24 -10 12 -23 -36 -70 1 17 30 -3 -28 -31 56 22 -11 25 -41 28 -10 12 19 -36 -44 1 -17 -5 -19
s 101101100110101011001000010001111001110111111111110000111111111111111001
m -104 -85 113 -34 60 92 -22 4 124 -15 72 -117 -107 44 117 58 23 89 -99 66 91 -74 58 114 -121 -94 -21 103 40 -96 121 -39 -102 -34 -125 -71 -57 -108 14 -116 -25 -117 87 76 9 -40 -14 -64 37 48 -108 75 48 23 -87 -15 -109 -82 -74 -124 -27 98 39 -100 59 -32 -86 94 -27 -22 -46 5 -96 117 -1 -123 -23 -98 37 65 -104 -123 -19 61 -58 124 -92 -93 40 79 -47 50 42 64 -9 21 52 -91 -8 23 29 -41 -45 54 -89 -93 125 -19 58 -15 -96 -44 106 99 34 24 -44 97 63 -57 79 76 -127 -62 -100 -113 67 -86 -74 -93 98 8 -67 -115 58 92 78 10 -26 -47 -51 111 -34 72 98 -121 34 -9 -70 74 111 61 27 -86 -98 -40 0 83 -33 54 -4 8 -23 7 -124 -93 -92 122 -15 26 -77 67 -86 -79 46 114 75 0 105 -24 -117 -58 -38 -41 105 -2 34 11 127 102 -50 125 -18 15 -98 -65 -125 -64 95 -126 109 -12 121 -95 95 -73 94 127 31 -99 66 22 -123 34 2 79 13 -120 106 -115 -120 32 -87 -124 -64 -103 -71 109 59 -61 11 0 -113 34 -61 -109 59 123 117 110 -45 14 -117 50 -20 67 118 -121 -125 67 -33 32 113 43 -93 -89 110 102 -92 -82 26 15 31 -105 -22 -123 61 -23 62 -86 115 -39 42 104 65 -127 -38 -91 -41 -90 104 -113 89 -10 77 65 116 122 -78 -88 -45 -70 -42 -94 58 -47 -9 -118 125 -10 -94 60 8 -80 108 91 -119 -106 24 -30 -95 -18 -107 -55 -90 -105 113 101 -87 -22 1 -3 -12 -121 -104 43 -41 10 22 -85 -116 -36 3 80 93 43 -74 34 13 42 -31 63 -76 75 -96 -75 -31 25 9 -106 -86 -41 -40 -97 114 47 9 -78 -90 70 -32 23 127 -96 -124 109 91 -93 -80 101 -14 -98 36 110 7 -11 -46 51 -110 -107 31 -39 -52 70 7 69 -62 108 112 48 -104 -127 -67 -82 -64 109 77 -43 45 -61 74 18 36 -58 106 -16 -38 108 71 116 -14 -23 127 -35 -57 20 -106 87 -115 45 -111 27 -94 66 -33 106 -91 -31 106 -86 102 38
e -20 20 23 -20 -20 59 -30 -14 51 4 0 28 0 12 -7 12 20 55 51 -13 10 18 -13 -13 18 91 -14 -83 -29 -29 -29 -28 -16 -28 51 2 9 22 52 -35 23 -28 35 35 20 -54 -33 2 13 21 10 21 -9 -28 -20 5 3 4 -51 3 0 51 -27 -12 -27 -30 -20 28 37 21 24 -14 18 20 8 83 -9 1 -29 9 7 -28 7 -49 78 -49 -35 13 40 20 -35 0 19 35 -38 28 13 -8 -1 42 1 -8 9 8 21 22 -21 0 65 -32 0 27 -21 0 28 -21 12 -24 -12 14 -5 -14 35 3 35 -14 9 -16 -7 7 -21 41 49 21 8 35 8 -7 -20 7 13 -1 13 16 8 -7 -21 -1 -54 -21 8 62 -7 21 7 32 16 -32 4 19 14 58 21 -21 -55 12 -23 55 50 38 -59 -35 -59 -51 14 51 -28 3 -28 7 21 -16 2 -8 10 34 -7 18 -13 -13 13 14 -22 19 -29 -7 -29 -16 54 10 -21 7 13 21 -32 -13 28 -4 28 -8 7 8 2 -21 -56 -10 14 -10 13 -20 13 28 20 -14 -8 -20 -29 -2 -4 -16 -40 -24 2 -21 -20 -28 13 -4 -51 28 0 -51 -8 12 38 -2 20 83 10 -20 33 -21 20 -18 -21 4 -83 -9 0 29 -22 12 30 -35 -21 51 35 20 -13 -13 -18 -42 -24 -83 35 5 29 -13 3 -28 21 -51 -51 40 -27 -13 -22 28 -35 -51 -35 -35 27 -20 13 -28 1 -21 -24 -21 9 -5 -9 22 -3 -49 -51 -9 -36 35 7 0 -28 54 -19 24 35 8 5 -23 7 36 1 -8 -9 8 35 -7 1 -14 49 -8 0 35 -21 -21 -20 0 -28 -1 -19 -14 -8 -21 13 -1 12 16 32 14 -7 21 36 21 0 14 35 -19 0 -7 21 -85 -4 12 -8 7 -14 7 21 -35 30 -54 14 16 -11 0 -7 -32 21 -54 -34 -8 7 -7 -9 -32 -76 -13 -4 23 -16 -7 -65 -7 21 51 54 -23 29 7 59 28 -35 -70 -2 4 28 10 7 -7 44 30 55 -14 -23 10 2 59 13 -10 -51 14 21 -28 -40 13 7 -16 28 -55 -2 8
s 100100001010101010100101111011100010000001001001101000010010111010011100
m -116 -12 79 73 -59 -115 -28 84 104 -79 -47 10 80 -107 123 -66 85 -25 -34 -117 13 -63 111 33 -127 63 84 121 12 34 -105 21 8 83 26 4 86 77 106 20 -62 96 -107 -61 25 -69 -58 -89 77 -82 5 -111 -17 -118 41 -83 121 -45 81 41 123 -71 -20 -58 25 33 -20 -69 -125 18 30 -93 89 -63 -70 23 14 -4 -56 21 -6 18 62 -101 -93 21 -16 53 54 -9 -77 62 -112 60 97 7 -120 -48 -107 6 -79 112 7 -107 73 -62 41 52 63 57 19 11 30 -64 104 -53 -68 95 -67 32 29 -76 -3 -94 40 104 56 74 16 120 3 86 13 -102 82 97 -1 125 24 -47 -99 84 22 -56 106 25 29 -50 27 105 66 1 -53 -115 84 25 106 -112 12 86 91 100 -93 -26 26 62 -22 40 -19 94 -69 -93 -24 26 -13 116 25 -108 -15 2 80 -60 -100 127 58 -88 -49 91 84 -53 -92 -12 41 110 -75 52 24 -17 122 86 99 -56 119 -31 -69 92 -92 -37 -31 -28 -19 89 87 66 52 69 112 -52 58 -62 -83 30 -99 31 -19 -28 55 4 9 -87 60 123 40 86 73 -24 62 113 -86 -23 111 -42 10 -110 -63 72 -118 63 39 -101 68 113 -40 -116 -80 38 -83 -117 11 -74 98 83 -120 -97 75 17 -122 68 -119 -43 -29 -76 -116 13 54 61 -73 8 14 -54 -126 -88 -62 74 -93 62 -106 11 68 -64 19 12 -86 118 -43 94 113 -83 18 17 5 -103 -19 107 -89 90 50 20 96 -118 -83 53 19 33 -38 -30 97 -13 8 -17 -38 5 72 -90 34 96 -82 -29 33 -14 37 -88 -101 8 24 -71 -96 -69 -89 -54 100 -50 -104 124 58 -94 -25 53 -103 80 113 43 -94 84 98 -68 -120 -122 -19 -114 98 43 70 -82 80 -62 36 -44 -61 -11 37 -78 65 -65 121 -35 127 20 -89 -56 -10 103 -72 103 -111 -93 99 -39 -72 36 7 -123 83 -37 109 71 48 51 -1 -78 -95 -5 2 9 -42 13 -45 27 117 127 95 36 -92 96 36 75 40 81 6 39 12 -5 -101 -99 16 -98 -120 39 -61 104 -66 126
e -18 -16 -20 25 -11 21 -25 8 8 -8 10 9 -10 51 -2 51 18 -23 15 37 24 26 -37 -6 26 -12 -5 -12 -49 1 11 -16 -5 -16 -15 35 -5 -55 -51 -60 55 -21 18 11 -9 11 7 -4 -7 6 35 6 5 28 25 7 -5 -8 44 -5 -10 -44 -10 58 10 -10 -55 10 -16 11 16 7 -26 8 -4 -12 -15 -48 11 -13 17 -19 -6 -12 15 12 7 -37 -7 15 18 46 7 -11 12 -34 7 -12 29 -70 29 58 -5 -58 -21 55 -21 47 44 -12 17 18 -47 -17 -10 27 22 16 22 -17 -7 17 10 5 -3 -12 -13 7 33 -6 38 14 19 -3 1 -7 -70 39 -8 -39 20 4 -33 -7 12 -17 -32 29 -1 -26 77 -24 -49 21 47 2 46 -2 12 -7 11 -17 27 2 22 -22 32 22 28 -20 21 3 61 8 13 8 9 -17 -9 -23 3 5 -4 1 12 -4 -39 12 -6 20 6 5 7 -5 -1 14 1 5 -1 5 -28 -47 -51 76 -2 -51 21 -11 21 9 22 -9 4 -26 4 5 -51 -12 -55 -18 6 -21 -11 -5 9 -25 1 35 34 5 5 -10 4 -28 25 16 -51 8 15 27 -10 47 -17 51 26 4 -18 -12 5 -11 -11 -28 -25 26 6 8 12 5 -42 11 -55 -51 16 18 18 -23 11 11 37 7 56 18 -16 -21 -11 -7 11 -38 -5 16 6 -44 15 -5 -10 -37 55 -17 -18 -44 -7 -48 -10 -8 7 -10 4 6 27 -13 -7 7 6 -55 5 12 56 -13 -21 -10 6 46 -10 12 7 -16 -7 -42 -26 8 29 -13 4 -58 -13 12 3 6 -34 12 12 -58 -17 -14 -36 27 8 -46 22 -4 -7 17 -12 -27 -20 29 55 7 -58 -17 14 -21 3 3 46 12 -1 7 -17 -39 -27 3 11 22 1 17 -17 -42 26 3 -20 1 -12 -7 47 -17 14 2 -3 1 -9 1 -47 -2 -39 -2 22 20 -11 -20 36 17 -21 -14 -26 8 -1 -20 -14 -47 21 7 18 11 -4 11 -9 12 -17 -2 -6 -26 -22 -5 -20 12 4 -21 -29 5 8 11 28 -9 1 51 2 -5 21 22 -4 -9
s 001010010011010001010110110011011010000001001000111001101001010001110100
m 68 94 -107 -16 -106 51 53 -7 24 96 -68 -46 -69 106 36 -55 87 119 -88 -57 -70 -70 -41 -66 -37 73 83 63 -2 18 5 40 -100 35 103 -60 111 -120 94 116 -29 -16 84 113 122 -64 -111 40 33 -108 -63 42 34 105 -99 -38 92 -59 33 51 75 -46 2 -40 126 -80 96 -20 -67 57 -88 102 -36 -5 -12 103 -19 113 125 -88 -117 74 81 -63 71 -118 77 -5 85 122 -12 -28 -94 100 -85 21 -82 108 -84 125 -23 73 -75 91 -127 -21 -93 -45 82 -78 55 -60 -91 -28 4 74 126 34 -110 115 63 -124 -78 126 102 7 67 67 46 -14 -82 115 -98 -64 -109 -44 3 41 106 118 -29 -112 -45 -31 -47 -44 34 -5 -32 84 -82 38 -1 -118 45 -49 -101 35 100 -78 -48 65 -105 -2 -117 44 105 -114 105 70 -46 102 -121 51 91 -38 58 -72 -16 -7 14 96 126 52 -57 14 -91 103 108 60 98 -44 -30 -97 -45 99 -1 110 -116 75 -60 27 -4 73 -15 39 29 56 -98 15 121 36 22 -3 -35 90 108 -4 -34 -122 -49 -35 -10 -62 4 -44 107 -74 74 125 4 -20 -98 -110 -56 -6 51 35 22 125 119 -120 -51 122 -16 -117 72 111 -12 -56 124 13 -22 15 0 -39 -91 -122 -91 26 -68 75 74 -30 1 48 -118 90 -9 -78 4 17 105 -50 19 119 -30 3 -121 -2 -120 34 -90 -47 61 81 16 122 -45 -38 91 4 12 -124 119 15 107 -108 90 126 70 -1 122 -78 -57 -19 9 -44 -54 11 106 -116 -21 -20 -77 -107 81 87 45 10 81 -41 -88 -126 48 17 33 124 -55 -116 -58 93 -94 117 75 -118 -87 62 115 74 -101 49 69 -113 60 86 25 -99 -63 25 79 57 29 13 77 -7 1 17 55 -111 35 78 82 99 62 -70 108 113 103 -9 -22 44 80 107 -71 -97 11 108 115 99 -4 -11 111 121 -32 -108 -108 -78 98 -42 11 -78 -102 -52 2 50 85 92 -60 12 -2 -86 53 -80 77 100 -96 9 -59 80 103 -27 -45 116 25 -43 -105 67 -50 13 96 -8 -6 -7 116 80 61 -27 33 -91 61 121
e 1 -9 22 20 9 2 -14 31 -34 -7 18 4 18 35 2 -35 1 40 20 -5 -4 -4 -5 -43 -4 -44 7 -44 -5 -1 2 2 24 2 -20 13 -30 -14 -4 -11 -14 -26 -11 -4 -4 4 3 -20 -3 0 -4 0 -42 -6 14 1 -36 7 8 -36 -18 -8 10 -49 2 4 1 4 -30 -9 -30 -1 -4 -9 -65 -44 -39 11 2 -17 13 2 -13 -17 -20 -17 -39 -8 -39 5 15 40 -15 -4 -15 15 3 15 5 0 5 56 30 56 -48 -14 -48 25 8 7 -25 -2 -31 49 -14 31 -22 59 22 -22 -1 22 -8 -36 8 -7 17 -10 -10 71 -12 -10 -17 -12 -1 68 1 28 5 28 -20 -11 -20 10 -15 -52 -2 21 34 -2 -56 -28 11 -48 -1 -14 25 14 -42 -15 49 39 -31 -7 -40 -22 -22 -40 -22 -22 -2 8 -2 -21 -7 21 -4 25 4 -2 12 -24 -13 1 -4 -53 -28 4 43 20 43 -7 10 -7 1 -10 16 -24 28 4 6 -1 30 -6 -31 -4 14 -42 -14 -4 39 -4 -31 2 20 4 35 -8 4 -1 -44 -14 49 -7 -14 14 -1 20 -7 -24 11 60 13 6 14 -2 -4 -7 -42 14 -18 -5 4 35 -4 20 1 -44 -4 9 2 -6 14 4 -37 7 44 30 18 2 -14 35 2 11 60 -20 4 -9 -5 3 14 -11 30 56 -4 -1 -2 -29 36 -6 0 8 20 30 2 5 19 -4 11 -8 -39 -17 2 -5 -3 -4 11 0 30 17 -30 34 -13 -14 36 -18 29 -17 -50 2 -13 25 4 -17 -15 -30 -39 15 -1 5 -5 45 -11 -56 17 42 8 -13 5 7 -17 56 25 -39 48 -31 -5 -25 -22 11 -15 -22 15 -31 20 -5 -39 10 -64 -43 -10 48 8 13 -25 7 3 19 -25 -28 65 12 -42 -22 1 -39 -22 28 -2 -26 -26 -28 -7 -10 1 25 -41 14 12 -28 7 -1 -1 2 -36 -14 -40 -20 -42 22 -27 -39 -2 10 -3 -21 -28 -22 1 -1 -41 24 14 21 -13 -42 4 4 -39 2 43 2 -80 7 -37 -4 20 2 -43 4 -21 -39 12 4 -1 -4 2 76 14 -40 -13 -4
s 100101110001000011110101000001111000110000111101010110001010110111100100
m -23 -42 67 -43 16 -5 -23 -114 -118 66 76 97 25 -61 81 -113 125 55 100 0 116 -20 110 51 -94 -33 40 -47 76 44 110 4 71 -50 90 67 47 -46 68 127 6 78 74 -124 -50 -111 -7 -36 -91 -73 -64 33 -7 31 -79 85 37 79 70 28 58 -115 22 -127 -75 -41 110 -127 -60 24 45 -50 32 -99 -39 -67 111 -127 125 7 3 53 36 -91 -71 68 28 32 -4 55 10 -20 -7 -93 50 -39 76 -99 -111 78 -92 26 -119 72 42 68 -104 64 -72 12 95 -9 -117 7 120 1 -114 -113 104 56 106 -61 -52 -46 -122 -66 -93 60 101 50 92 78 -77 109 -19 121 89 -71 52 -76 -50 17 100 6 -71 -53 -70 80 -23 -45 -37 13 53 57 36 -121 -48 -23 -4 22 -77 -5 -7 103 35 5 6 -21 -112 41 -44 -62 -123 75 123 -121 -85 108 28 63 -103 -60 -107 -42 -28 68 4 -23 -107 4 -55 44 -76 -24 118 12 86 15 -82 100 113 8 67 -98 -57 85 61 -25 12 35 -122 73 -72 -62 -15 -33 -114 121 -55 -97 -64 107 -7 125 66 7 41 126 79 105 87 110 69 73 88 -95 -110 -31 35 -22 47 -31 -74 -63 12 60 -107 11 23 -81 -105 -102 -40 49 115 122 -31 -13 -52 -37 76 -64 121 30 -45 -81 96 81 -15 -74 52 -37 90 18 -64 -100 80 12 63 -59 108 -35 24 11 -71 89 94 83 109 -47 -84 91 93 -60 -83 -22 90 -11 -68 97 76 -36 43 1 -7 -21 37 3 21 73 -80 80 -124 -108 -120 21 -102 -88 15 111 -85 45 -3 41 124 -94 9 12 77 -66 112 -36 -18 -122 -89 -97 27 -23 24 90 -103 79 -57 -48 126 18 -29 -64 -118 95 -82 77 -36 44 35 -22 -41 108 -125 -101 105 -120 -3 -50 74 -64 -65 110 20 22 -49 108 -60 -13 -106 -78 -81 -108 36 -7 -80 65 77 70 -118 -50 -31 22 34 -127 69 13 -88 -71 -100 44 105 -8 5 88 38 89 -119 57 93 81 -61 -47 120 -39 -44 11 -110 -89 94 7 -112 -54 -8 97 22 2 59 74 -83 -57 76 69 84 20 50 -89
e -40 -7 6 7 7 34 7 -28 20 28 -22 -25 -42 56 35 54 21 -18 21 -14 7 11 0 7 11 10 2 10 33 5 33 -44 14 4 21 44 7 -1 49 -9 1 -11 -9 -56 31 -56 -11 14 -7 -10 -21 10 -10 52 7 -14 -7 28 -31 -7 -22 31 8 54 -8 -20 21 -20 -19 7 19 14 -11 -24 -3 10 -3 -3 33 -3 -11 -4 -3 -19 -21 19 4 0 -25 24 -27 21 -20 -56 50 -7 7 -44 -16 10 -16 32 -7 23 19 1 -19 -18 31 20 -7 -20 1 -16 20 -7 -5 -19 5 -54 -14 49 -8 7 -8 -11 3 -6 11 -3 -32 11 -19 -32 -36 4 17 4 24 4 4 3 -4 -12 -44 5 -10 16 7 -10 -23 -7 7 19 7 -21 18 -44 3 7 3 12 1 35 -18 21 7 18 49 6 5 -8 5 -20 11 20 25 -7 -54 35 32 -14 -44 -17 -7 44 -63 -7 -7 -20 -7 2 6 -2 5 63 5 53 7 21 28 32 49 -28 -21 49 -11 3 -20 -44 5 -31 14 -10 32 -21 54 7 -50 -21 -7 -11 -14 2 -31 -21 5 -14 28 14 21 -22 44 28 -7 4 -49 -58 21 11 -22 0 31 54 -18 -14 -21 -16 29 -7 -33 -28 7 -11 10 28 10 -7 22 -67 1 54 -4 -9 -21 -21 56 7 0 -7 -11 9 19 -10 -80 14 33 7 -7 4 10 33 31 7 -8 0 1 20 -9 31 -4 56 8 -24 -7 -36 3 -29 -19 -3 7 14 -3 6 25 -60 -31 -7 37 8 3 -18 -20 -19 -7 40 -4 -44 -32 24 -16 -7 -15 23 -3 -44 20 -3 16 -11 19 -23 7 -4 -19 1 46 18 5 3 -7 -49 -44 1 -4 68 -5 6 -23 -49 -11 19 -8 -32 -18 -11 -17 7 7 4 -1 32 4 -5 17 5 49 -4 10 8 4 -7 -11 6 -7 7 -11 -21 -39 12 25 17 7 35 4 -21 18 -4 -3 -6 -6 -5 5 -11 -10 -20 -7 -6 36 7 -5 14 -21 -20 44 -3 25 -7 -5 -56 -7 18 18 -2 6 21 14 5 -39 21 -39 21 28 -25 -5 -49 35 14 -11 -19 59 31
s 111100010001011110111010011110010111100110110100110111011101101101110010
m 106 -66 55 91 -113 -115 56 -28 42 33 -82 -107 69 -123 -21 71 -28 72 -41 -113 -89 -82 7 88 36 102 -70 -24 -101 51 98 -40 51 -118 62 19 -81 18 -30 -35 -23 -28 -127 -1 79 113 -109 -19 -37 -90 80 13 74 115 -33 85 74 -103 -111 18 21 43 80 -112 -82 -11 -4 107 71 79 -120 -23 127 1 -6 -61 -32 61 1 80 32 -10 48 98 41 -85 -74 -80 114 -30 -68 -77 -63 -20 -117 116 -24 -6 31 31 122 9 47 -76 -100 113 115 -66 100 51 88 99 -10 -73 -31 -90 -60 46 -101 105 -73 52 80 41 -120 -107 36 -77 100 -24 -106 13 108 94 107 2 6 102 -123 -79 126 -110 -118 -2 110 47 115 88 -21 -108 -12 -93 -123 64 51 72 23 -118 -100 -82 102 -7 -83 117 6 48 12 19 93 -90 -64 -94 43 107 35 -67 -121 -17 -35 -56 53 79 109 -83 30 114 72 -121 49 28 79 -116 46 40 108 21 -80 47 29 -55 -52 -19 -45 51 -98 -94 -52 -37 -58 -127 -93 29 86 120 -75 -75 30 -65 114 -80 110 50 53 -122 49 -64 -90 -121 111 46 -77 104 -36 -68 18 -96 -51 -124 -108 -29 -56 -69 -64 18 108 65 12 81 -24 103 -61 -81 126 48 104 -38 118 -59 124 -41 -104 76 107 -92 -120 125 -113 -8 -28 68 -46 -83 -57 -70 38 105 -100 -44 4 5 -77 -102 -18 -124 86 11 -122 -88 107 74 120 -94 -6 -49 47 68 61 -111 -91 22 -25 73 34 -30 -28 -47 108 2 78 -76 -39 -13 -76 70 119 -32 114 42 6 39 -106 77 -75 -21 -58 112 74 -51 30 -32 -3 -91 -103 71 -63 -93 11 55 20 -77 -74 -93 -21 41 -70 -83 -108 112 -24 -97 107 15 69 101 30 0 80 -43 95 49 -1 -121 -99 0 -102 -112 32 -76 62 126 -88 -116 121 -26 -51 88 45 93 -124 -47 113 -80 36 37 82 25 14 22 126 -120 5 67 -47 -70 -84 -82 -18 -27 8 106 25 -123 -30 -85 7 33 36 121 -88 127 59 89 -61 -47 20 45 -120 -33 -27 12 -38 16 93 66 -14 5 4 -72 -97 125 -99 77
e 4 7 -11 -16 7 22 -16 29 -34 -25 19 -31 -19 16 -4 -16 -4 6 16 7 -27 -32 -10 -24 41 21 14 -54 -1 7 1 -5 41 -5 -16 -7 22 21 5 60 -16 -26 31 18 26 -1 21 -57 21 -12 -11 28 -22 -45 16 -6 -4 25 38 -4 -49 -65 6 16 -6 28 -11 -10 28 -7 -28 6 32 10 -54 -21 -2 6 36 2 21 -5 21 3 -16 -3 -2 7 2 -1 31 -12 38 1 6 -38 33 19 -27 12 -27 -11 -22 8 14 16 -14 -12 -38 0 -15 6 -1 15 10 -1 0 28 0 28 6 28 -61 -4 61 0 2 2 -12 -28 -47 -19 3 47 6 63 70 43 -1 -43 20 -6 -20 5 -6 -7 -55 -27 -16 55 8 -16 -17 -14 17 -22 12 22 -29 38 29 42 -1 4 13 0 -18 6 28 11 22 61 -22 -34 0 34 -31 64 -32 -4 83 41 -7 -6 40 -7 43 -27 -24 20 -24 14 -2 -14 7 -12 -7 41 16 11 45 -32 5 -46 22 5 -25 -29 -25 -26 7 43 17 -55 -17 11 -16 -27 -5 -4 -24 25 -7 14 26 16 -7 -17 -25 42 11 -19 7 45 -29 -5 5 25 16 -25 19 7 -26 -27 32 17 4 21 11 -7 -1 45 -16 32 12 25 21 22 -19 -1 -16 -16 5 31 -4 -16 1 47 7 -21 -32 31 -28 -21 -1 -6 -1 21 -16 9 -12 38 36 22 6 -7 -16 10 -31 -38 2 1 -67 -1 -21 -10 6 -12 -28 2 42 -6 21 -16 4 -3 -38 20 -14 -6 -21 -21 10 3 -38 -41 2 -6 -21 1 27 -4 -6 8 -2 -6 -61 -21 -28 0 -42 8 15 2 14 -1 1 12 0 -6 38 -28 6 1 -20 27 0 -2 8 -28 -12 -56 -65 47 12 -28 6 56 -15 63 -9 -47 -29 -18 -6 7 46 -43 -74 -61 -20 -16 0 2 -17 -15 -12 -22 -47 -16 31 -6 17 4 43 -27 6 25 29 11 -2 -7 22 12 55 34 -19 11 13 17 -29 -41 22 34 -17 33 31 27 7 4 -24 -55 -6 14 -11 27 -17 22 43 -21 37 -35 -45 31 -7 -27 19 -41 -25 6 7 26
s 010000110111001100101101010110110100011111111111000010110111001000100010
m 52 33 11 -37 -69 2 42 105 96 -93 36 -42 27 73 -82 68 -26 8 42 -78 -118 -101 -2 -3 -95 93 -7 -87 -47 -107 42 2 -119 72 -14 43 36 -15 40 -124 -29 -102 2 -69 98 69 62 -126 117 80 33 -49 -32 27 24 -88 -52 -10 -54 22 93 -34 -65 -105 -4 -1 -109 80 103 22 -105 -62 106 -27 -60 -77 88 -81 -62 119 28 20 -46 94 9 -102 20 -92 89 32 -101 36 -123 14 -112 -59 57 -32 -109 93 55 -82 -88 -100 -50 92 125 -125 -88 32 65 5 -8 21 -87 -77 5 -5 104 75 -90 12 -81 15 -24 -106 79 47 -63 -125 106 -88 -74 -3 13 96 118 -105 -125 -46 -88 85 -47 -84 -6 -66 -23 88 122 -62 113 -12 45 -25 -12 61 46 -34 -17 -29 -48 109 -56 108 -68 -7 26 69 -20 83 97 48 -51 102 16 59 -43 -109 108 48 43 108 14 -94 88 -38 120 74 -77 94 -107 -118 -82 85 125 55 -51 -56 12 104 101 53 47 -126 47 120 -72 -84 -103 -49 29 65 9 -79 23 -96 -32 38 115 -101 -127 -87 103 -87 -94 103 -25 -119 -67 69 -28 125 -18 -72 -62 -78 -114 -91 39 75 -102 29 -51 -32 -73 -29 -103 111 -103 -23 -127 74 126 -5 86 -74 79 85 14 -71 86 28 -57 -8 38 117 127 19 105 -52 25 -79 -22 -100 39 111 -97 11 1 3 -42 -53 -50 -81 -73 100 -44 -57 34 -76 59 70 -57 42 120 -72 43 -127 65 -68 -85 -120 110 82 -121 -6 54 -115 -122 -80 4 -98 48 119 -3 36 69 -52 -26 -48 -123 13 -120 -71 75 -35 5 -95 -26 118 81 52 -90 37 -32 53 111 -117 -43 76 38 123 -55 121 116 34 61 104 -4 -98 92 73 -4 114 -107 65 109 -101 -81 14 24 80 39 -100 -38 -35 -105 -83 -32 39 -86 28 -39 -62 12 -68 -51 75 -82 -34 11 -108 90 -25 5 32 35 -29 -121 -4 8 87 -16 101 -14 33 -7 -27 22 62 105 -125 106 50 89 21 -47 35 114 -116 49 -3 -32 76 0 -10 38 -47 2 61 50 -70 -123 -27 -123 103 0 84 86 6 -63 -86
e 23 17 0 -21 -17 14 21 9 29 -9 -13 10 -13 -25 0 -25 -34 -6 -8 -2 -9 5 -26 -2 5 68 62 -68 37 -20 -42 -3 49 -2 8 -13 28 26 42 -2 14 -63 7 13 43 -13 10 8 10 37 25 -37 -32 -63 33 23 1 -59 -30 -1 -13 -47 4 25 5 42 -23 -1 5 17 -5 23 -5 -28 38 -70 60 38 37 60 4 -2 -4 -6 -13 6 -33 -2 -18 24 -2 41 3 -35 6 3 10 6 -23 37 23 -4 -28 -4 22 -14 -22 -32 -30 -14 -19 -4 21 -57 1 7 7 -20 5 11 23 18 -4 -1 -4 14 60 7 -45 -4 -3 -45 6 38 34 -18 12 -5 -24 -5 26 -38 26 -7 28 26 -3 23 -7 -3 4 7 -11 28 11 -28 32 28 -19 3 -15 -26 7 0 6 -5 0 -6 -11 0 2 4 -2 29 -28 29 10 19 -10 0 -3 -49 -16 -12 9 13 5 9 -2 -26 -2 7 -7 -7 20 45 -20 61 -7 25 -24 -11 35 24 -28 35 -66 -15 -63 -45 -31 43 -21 -3 -8 -25 25 9 35 -23 -2 -63 17 7 -43 21 -20 8 -9 -49 -29 -13 13 24 -21 2 -35 -9 -8 63 13 2 -43 25 5 8 -23 68 -25 -17 37 -24 21 22 37 -9 68 28 -24 37 -14 -28 2 -2 23 -8 -13 20 2 -10 -5 -2 -5 -68 -13 -23 37 46 -12 -2 -43 -30 8 -28 4 2 14 1 2 -30 -18 -13 4 24 10 1 -53 -37 5 -66 -28 23 4 -14 1 65 30 -60 22 4 25 -32 -1 -6 26 5 -18 6 55 -24 -23 -1 38 -4 60 6 4 -4 -30 -14 -6 4 19 -18 22 -7 24 -32 -5 -38 -3 11 6 -7 -26 23 5 7 -46 -11 45 -22 -5 -3 -32 -14 12 3 19 5 -7 -3 15 -5 -12 26 -11 -5 -3 4 26 -7 14 -7 -11 19 -49 -28 3 7 -24 -12 -11 0 13 -30 -6 42 -15 0 42 -26 -2 45 -3 44 11 0 22 -11 2 49 -28 29 -13 15 10 9 -26 0 2 -13 6 -7 -4 -31 -8 -2 3 25 29 7 24 10 -20 35 22 -49 63 -7 13 -43
s 111111111000001111011110000011001001010011010010101100100011110100001111
m 99 -118 -31 127 16 6 -81 -114 -98 -59 -117 119 48 -59 71 36 88 121 85 96 -51 62 113 -108 -5 96 -14 112 67 -21 37 40 -103 -52 -110 -85 -125 5 92 -36 -77 -64 -67 78 14 84 -54 27 -124 78 -102 61 18 -99 -100 50 -56 -84 34 -122 33 -68 66 -111 32 -98 109 -112 -35 55 12 -20 -118 -94 -105 -70 -91 -1 -25 121 106 17 123 -15 -52 103 -45 56 -113 42 81 30 -104 5 28 27 -122 39 84 41 -109 -68 -72 -115 50 -21 60 -99 127 77 108 -48 70 -39 81 -51 122 94 35 111 -95 16 55 -23 -29 -82 -80 33 -23 -29 6 -121 -67 45 -63 -63 23 69 -116 114 31 2 43 -67 119 -1 127 67 -105 58 -50 -38 -71 69 126 -88 -25 -106 24 21 -54 119 -90 52 -80 36 47 79 -35 40 88 24 -113 16 12 -33 -113 -82 -123 -15 28 -100 -4 80 -100 -49 -77 40 98 -39 124 -44 -101 -100 -23 20 -98 48 -40 40 -113 75 -65 84 113 -109 75 49 -57 -123 109 -102 -19 4 63 -101 -115 87 -3 101 13 -95 -115 102 -96 117 46 65 104 118 122 127 -32 -21 116 31 -47 2 68 62 -13 -60 -77 5 -91 -37 34 -80 85 57 -7 -52 -88 57 10 45 -49 -40 -124 10 60 -95 80 34 -87 47 -60 99 -61 -66 -14 102 33 -50 -70 -38 -77 122 -122 83 14 -56 -20 115 -3 -71 -105 -35 -36 38 -64 86 9 -23 20 52 -12 -105 -27 -121 -19 -99 82 119 -95 76 6 -119 45 78 57 119 124 -45 -54 116 -15 -84 -90 -6 -65 31 72 34 -10 31 94 36 -33 7 121 22 -117 -111 -92 -91 15 64 80 -95 -57 -68 106 15 6 25 61 88 -93 102 -125 33 37 -58 20 -36 -26 69 -93 -104 -52 -37 2 1 5 36 -108 -27 -54 -40 -42 8 68 74 87 13 -21 98 -62 93 52 101 -76 107 92 107 95 19 127 -122 -120 -8 105 80 -118 -55 -101 -2 94 110 -74 -32 82 50 23 88 8 31 -89 47 -11 -41 36 50 -108 -23 88 -118 -78 -115 -68 -57 72 -36 -86 -45 45 -87 35 -16 29 -44
e 30 14 2 71 -49 -65 -77 -2 -14 -2 -12 -7 12 5 14 -5 30 -14 -18 -49 -21 -5 -49 -10 13 -43 -39 -43 7 21 7 -15 -28 15 18 -4 16 19 -3 30 -5 31 30 5 39 5 18 -17 18 9 -35 9 -17 19 -71 18 21 -2 6 21 12 -6 -3 5 -3 -31 30 -31 11 -14 -24 -34 5 6 1 43 9 2 -7 -9 -26 -28 -26 40 18 -14 -14 -53 -14 -6 -30 18 -19 53 -28 19 18 -25 -22 9 22 20 16 20 -29 -5 -29 -18 6 -7 -12 3 14 12 31 -14 -1 -11 -1 -14 -18 -31 21 28 -21 7 9 59 -18 32 -25 -18 14 -6 5 -14 -5 -24 6 -24 6 -1 6 -29 -25 7 -4 -22 7 -4 20 7 -66 -29 63 72 -18 72 2 24 -2 -1 -14 14 14 -1 -2 -14 14 -2 -6 26 6 29 -7 -14 7 12 7 -40 -6 -28 -21 -5 -21 -4 24 21 10 -6 10 -13 -29 -13 19 19 19 28 7 75 19 63 3 -19 -72 3 -31 2 31 -13 -1 -13 24 -36 -17 -35 5 21 40 30 10 31 14 13 -13 71 -19 -17 2 28 35 12 -4 46 71 -15 3 40 -18 -31 -29 49 -13 -32 5 17 77 43 35 -14 -9 19 -71 -5 13 2 44 16 -12 7 5 5 -15 -32 -30 -18 -5 -14 49 18 5 -30 -11 43 -5 -18 -7 -18 21 -15 9 -6 42 -16 8 49 -5 -46 30 6 -14 5 -3 6 -48 31 1 -9 11 9 16 -18 -26 5 21 -14 30 9 -29 -3 -26 18 31 14 -19 -11 -40 25 -18 14 22 -21 -1 -20 70 -25 21 -26 22 -11 -14 -30 12 -14 29 -14 -6 18 -1 1 -19 14 -25 45 17 -29 -1 29 20 -14 -18 -40 21 6 22 7 5 19 12 24 -14 6 21 -31 -21 -1 14 61 4 -21 -6 -34 -7 29 63 -35 -18 -72 6 -7 -7 -5 -63 14 -24 -72 -14 6 2 2 -29 1 -6 18 4 -14 7 28 -19 63 6 -42 -77 14 4 2 -32 21 1 14 -12 4 -14 13 2 -28 -17 6 -10 -35 -14 -13 -19 7 19 3 14 -28 -50 32 4 -13
s 011110110110101101010010110010101110110101010000100111111011001011011010
m 60 -8 -26 -10 -104 19 -43 -98 121 -101 39 82 38 -1 26 -8 -123 -52 -55 57 -90 16 56 -110 93 -52 -56 110 -78 -15 119 -119 5 -63 -14 -114 -36 -29 -71 -22 -41 -124 2 47 30 -28 35 -91 -88 73 -123 -120 -104 67 28 -8 -116 58 -121 115 -14 -75 -40 108 63 119 48 0 119 114 117 107 -50 101 50 99 81 -33 -48 -3 -101 -13 53 87 123 123 65 -59 -87 10 12 -89 -15 65 121 59 -51 11 -38 -112 -126 105 -95 15 45 -85 -36 101 88 -44 69 -46 67 18 -73 122 -83 76 37 15 73 48 -30 -107 39 -115 -11 59 -46 75 13 110 -73 -103 -101 -19 -60 12 81 103 -88 -28 1 -64 -33 -26 -88 107 -61 -37 -23 -78 1 -74 88 53 55 -25 79 -75 90 7 -65 92 22 -73 -61 -8 -112 -7 -76 -109 11 28 -72 -109 -93 66 82 105 -50 -109 35 -106 -67 -88 -88 -35 97 -24 -10 49 50 -24 36 -6 40 -119 -100 117 -47 -73 125 -108 39 29 27 15 69 -66 -107 -85 13 -49 58 -121 -108 -20 -18 17 104 9 -47 33 62 -62 21 47 -113 -65 121 -96 99 103 -69 72 -56 75 24 -28 76 14 -54 -25 -18 63 -7 100 120 -25 100 74 41 -52 22 102 76 -66 68 -123 -23 15 94 31 127 75 -104 -54 6 9 60 83 -24 -85 40 15 98 -72 120 -58 0 -62 -46 118 90 -43 110 75 -15 -74 -59 83 123 -79 -63 -50 -93 -113 48 -32 -32 -95 -40 126 63 69 -41 -116 -34 -13 -72 112 -37 -51 -91 -19 48 -66 -124 3 65 -38 97 46 60 -40 -2 78 -112 18 15 -17 -32 -117 31 -120 105 -53 97 12 95 -85 -54 -99 21 86 53 88 -90 26 -30 -77 104 -75 49 -35 113 43 62 121 102 -76 -66 -111 119 -7 73 76 -88 54 115 -118 42 -79 6 -6 -12 77 27 117 97 28 -84 -42 95 -56 119 73 -90 53 61 -125 59 124 56 -103 -41 110 -5 -117 -9 88 80 -26 89 32 9 81 52 -56 -109 68 123 -41 115 57 126 -104 -36 49 -17 74 11 -7 41 -100 12 18 68 20 22 66
e -7 22 -7 -25 7 8 -9 -51 -15 -51 -13 7 -13 7 -11 1 7 7 -13 6 -18 16 6 -9 14 67 -21 -46 42 -5 -42 12 16 12 -21 20 28 21 -16 2 21 8 -11 25 48 -35 -8 12 8 0 43 0 28 10 9 -14 34 66 36 -34 34 36 -12 -1 12 0 -7 -33 17 -7 17 7 -14 3 -11 -46 -3 11 69 10 -35 51 35 14 13 14 17 -6 -17 3 -2 43 38 25 -10 -14 8 -29 57 0 34 14 28 15 -28 21 28 -43 -36 -16 -6 -12 57 -6 0 57 -33 17 47 23 7 14 -2 34 2 -16 3 44 -6 35 24 6 -14 -12 -25 -42 -25 -67 3 -11 -1 11 19 -44 10 7 33 -34 -36 43 -14 -36 -6 28 -1 22 -43 -35 -14 14 -14 -7 -59 -11 -7 -33 -7 18 -14 -23 -8 -2 8 -15 -16 15 -7 -6 7 -11 -12 -5 -20 -25 -18 20 11 -18 9 -1 -32 21 52 -29 5 -11 5 -5 -36 -43 -10 1 16 -10 22 16 -8 -28 -8 -27 7 -27 -42 33 -12 43 1 -31 -26 -7 9 -24 7 21 27 -9 5 -12 -51 -5 -43 13 -20 10 -9 -12 -16 51 13 8 -13 6 -27 1 -14 -12 15 -46 -43 7 -42 10 9 -14 0 51 -46 28 -13 42 26 -1 -12 -2 -7 13 -25 7 13 -31 14 -2 -17 46 25 7 -42 8 -34 12 20 36 -13 -28 12 -6 -21 0 2 36 -17 25 12 -3 8 0 11 0 17 3 32 -7 -47 -21 -34 14 55 3 28 -35 -35 -43 0 -14 14 -21 17 10 -7 9 -34 56 -11 14 -3 10 -27 35 34 31 45 -14 6 -17 -30 -57 3 43 33 -25 -14 -14 10 -57 1 -34 33 44 -14 14 -6 28 2 -12 -47 -16 25 -14 -6 -11 57 -12 14 -33 25 7 14 -11 33 2 1 -36 16 -44 -1 16 -6 22 12 36 7 53 1 11 -11 -22 -7 1 14 7 44 7 8 6 -33 15 -54 7 -14 1 -10 5 22 15 -20 -14 7 18 -7 11 -9 -33 -7 -21 7 18 -12 -8 -9 -103 23 21 42 -8 5 -16 -23 5 -8 -7 -31 27
s 011000100100111001100101011111000010001100111011001110000100111001000011
m 126 126 109 40 89 44 -122 -59 -50 -19 127 -41 123 121 116 -104 -27 -20 -120 69 17 33 126 87 35 126 84 58 96 59 97 47 12 36 -97 17 -73 49 11 102 -110 53 -75 -105 -95 -79 -82 37 -97 23 -123 -115 102 -77 50 -30 74 79 -124 -117 -78 8 54 -14 -56 -121 61 -48 -121 88 73 33 111 -72 -105 122 -99 118 61 -105 31 20 -88 -48 7 -63 -107 -125 -78 -3 -16 121 -44 101 125 -17 110 39 -83 -55 42 23 -124 40 50 -19 -17 104 55 93 -125 10 -21 16 -75 -52 -67 -122 127 -24 -75 8 -51 -61 1 -32 23 -118 113 -27 61 103 68 33 -107 -13 -63 -84 -99 -23 -119 -95 -73 99 -104 -80 -76 -7 17 -124 23 32 15 33 -20 76 -2 78 -88 6 -36 -15 122 46 84 -64 -9 98 75 110 -59 100 80 -96 -20 110 -46 68 -94 9 -8 -96 54 120 -68 -16 59 11 28 -57 104 117 -114 38 -46 95 26 105 -99 -119 -63 -37 -66 103 -88 -95 -71 27 -64 86 33 38 -86 -87 -106 64 -115 -14 -119 -127 -53 -5 98 64 59 -32 124 -119 -67 -113 93 48 -88 75 -53 -108 -101 27 -31 71 -21 96 -120 97 57 94 -18 -76 43 31 -104 -71 43 41 -101 122 -83 35 -105 9 110 -78 -17 119 -20 61 -27 38 2 -121 -103 54 -19 24 -106 73 84 91 44 -85 -105 -100 28 117 60 12 -15 -79 -70 -123 -116 56 41 47 -17 66 105 -74 106 124 -19 -11 9 -105 -38 -107 90 71 -3 42 -47 116 -74 -57 60 -3 113 75 83 125 -7 15 45 29 127 -46 -101 12 -31 -15 -82 -111 -41 43 -79 6 96 -19 20 118 -21 55 -105 93 -116 26 -56 54 30 -47 67 -109 -8 99 -17 87 -90 -6 -62 -118 -26 -84 -64 -30 -3 113 -91 77 -72 94 -126 90 65 90 78 5 39 -74 79 55 8 66 -6 -35 -73 -57 -106 39 -11 -114 -71 55 -66 110 73 -14 63 11 93 -119 -41 -23 100 0 29 -66 -124 -95 6 -122 -37 -41 -104 -92 74 -51 -48 -115 -27 2 78 -12 96 -96 119 -18 -51 104 31 -15 35 -23
e 16 28 8 -28 28 36 28 -17 0 -24 19 -7 19 13 -8 -13 -16 -14 7 -2 -10 31 -2 24 29 21 -11 21 -8 -23 -8 15 -21 15 7 -14 17 -14 -16 14 14 -5 -14 24 21 24 15 42 15 -49 2 21 -17 -56 -28 10 14 17 -7 -14 -19 49 -9 -69 9 42 16 58 3 28 -3 -10 29 -3 40 21 -21 -40 -8 -21 8 15 -8 -50 -25 -42 12 2 12 -42 -48 2 -6 -24 -35 -6 -15 -41 -7 21 7 -21 17 -21 3 14 -3 2 7 -14 5 -36 6 -5 42 6 -18 3 18 -7 10 21 -1 -14 7 14 63 -48 -35 -8 -7 -35 42 -7 3 38 3 21 -3 52 35 40 35 48 35 6 36 -7 -28 36 -21 -15 6 3 -6 50 -15 50 -10 6 -10 6 -6 -8 14 -18 -10 14 7 8 -36 1 36 0 14 0 -7 -5 -7 -31 29 11 -14 -3 10 15 -21 -13 24 35 24 -11 -48 -11 23 -35 -41 -11 15 2 -63 -6 10 56 -50 10 5 10 5 -21 -6 -21 -33 36 -33 -2 -13 10 10 -16 -24 28 28 -11 -21 35 -23 -33 -17 11 -2 19 14 56 28 -15 10 17 7 -5 -42 -2 21 13 29 33 -18 -21 -2 34 8 -56 -28 29 21 17 -21 -17 -19 -54 -14 -13 -18 14 -16 -7 49 28 -11 15 -29 14 3 51 24 -10 -8 -15 14 -15 21 -7 -7 -17 -9 -2 17 42 -14 -7 12 -24 -9 3 72 -42 -40 21 -3 21 31 27 11 14 -14 -42 7 21 -15 -9 -8 2 42 -42 6 17 -12 -35 -10 3 -7 34 -84 -21 21 35 -1 8 -7 18 -42 21 5 -12 -3 -19 3 -2 27 -40 -6 7 35 -6 35 7 -18 63 -21 -7 -35 -3 -1 -7 -2 -14 3 -6 5 21 6 7 -10 -18 56 -6 -7 -21 36 1 35 -15 -14 48 6 -14 -59 -50 -7 -15 36 -3 -14 8 21 -65 -14 -50 -24 -8 -48 -6 -36 -35 -36 0 -15 8 -23 -6 -39 11 50 -13 -14 -10 -7 10 -14 8 -24 63 -14 11 8 10 -33 -36 -25 -38 0 34 56 -7 -23 10 8 -11 -5 -18 -14 34
s 110111000101110110001010101111100110101111111110101000100110010100110001
m 61 -52 82 66 -90 42 -24 -94 53 116 -5 -53 -45 -80 99 58 37 -12 -95 24 16 6 -35 -84 110 -16 103 -84 125 99 119 -43 29 43 43 -88 28 97 115 22 94 -119 -111 97 21 117 -118 119 84 -82 -24 -21 31 -43 -18 107 82 74 -12 5 -41 106 -67 118 27 -2 60 105 116 -79 29 61 -65 -107 60 -98 74 1 -9 76 69 5 90 118 -11 -39 51 -59 -38 -35 -45 -24 52 -48 51 85 -107 -118 1 -50 34 -57 82 52 81 22 25 32 -41 17 19 80 99 100 57 87 36 -91 66 72 -75 -38 -41 -63 118 92 -92 -37 -75 -112 -87 91 19 -32 70 -75 -65 15 -69 26 118 -119 -40 77 -56 -69 -64 115 -29 27 126 -90 99 39 -20 101 -108 24 51 -26 40 -114 -114 31 86 82 107 -51 -119 -31 80 -38 13 -23 -120 -77 -127 -73 31 -9 81 85 -107 -2 13 -78 -6 -127 5 -85 -78 23 108 -37 23 -112 99 -87 93 -121 39 -35 -29 -119 -74 13 117 -50 66 61 -15 5 -12 121 -119 -40 -61 -6 18 -50 -113 91 -28 -3 26 -19 8 106 -126 66 -59 -34 1 -15 -31 71 -99 -53 88 -53 -99 53 -66 -82 92 82 14 -70 5 -92 39 -50 67 -52 126 83 96 64 23 -97 -19 -121 -86 78 -98 10 39 44 -119 3 104 -46 -24 127 44 -73 70 -116 -98 -5 -85 -84 108 3 -92 106 61 3 -8 -102 0 114 67 88 -41 -26 -124 72 -51 -56 19 116 -122 -122 -20 -15 44 34 -127 -102 13 81 110 -11 -7 56 -1 47 12 61 -26 -25 10 -46 24 -65 -46 -107 96 -111 -103 122 85 115 21 -56 35 14 -28 56 126 123 -88 74 113 120 -112 -27 -120 -1 28 84 88 -48 -50 -55 71 8 -10 27 -19 39 46 35 -14 -47 62 78 -122 -50 79 36 115 -18 -121 58 -46 -74 -33 78 31 43 -4 62 5 102 -36 11 18 -108 116 -10 15 -5 -43 -17 100 119 54 -124 37 -20 -87 -6 52 118 -44 -55 55 -13 -16 -113 -71 -32 74 -2 -73 -27 -32 -6 -17 -98 -67 -3 -95 59 109 118 -99 117 -107 125
e -13 -25 -28 -16 -25 -12 16 -47 -6 47 21 3 5 51 -8 -54 -13 -32 -9 31 2 46 -21 -5 6 -62 3 -14 8 7 8 -5 18 5 9 -1 -3 17 -12 -7 17 -47 7 35 -5 35 -3 -11 3 19 5 44 -3 -14 17 -11 5 47 -36 18 5 11 24 -51 -59 3 -13 -2 -21 -25 -21 -11 -6 -31 -1 -14 -21 -9 -35 -21 -12 5 -12 -10 -9 10 0 -21 0 -31 7 -13 7 -35 -42 7 -3 42 -23 19 -1 41 -3 -41 19 17 19 13 -11 49 -9 -24 17 -9 -2 17 25 21 25 1 11 -1 34 -5 -34 15 21 -16 -5 12 28 5 -10 29 2 0 -2 5 -31 5 -10 1 10 16 42 9 -24 -1 32 38 -41 26 -4 19 4 21 -13 65 -16 -7 -16 9 -17 -8 11 25 -28 -11 -1 65 -12 36 -14 6 -15 6 3 9 -3 12 -28 18 -1 -13 2 -1 -5 -2 14 10 -5 3 16 -3 7 -5 7 -18 -26 5 14 4 12 -14 -21 -16 47 16 47 -5 9 -19 64 24 11 5 51 -2 -12 13 -5 47 -39 -21 -5 16 21 -11 -47 18 5 5 46 -35 16 5 12 -65 9 -58 5 21 5 51 6 -11 -33 -14 -6 -25 8 -14 -16 -6 -19 47 14 -3 -5 -8 -20 51 -5 -7 13 10 39 25 -21 36 6 7 26 14 35 11 8 -3 -5 -5 19 -11 9 -17 24 21 17 -2 20 -11 1 35 -24 31 -3 2 1 -19 21 21 -3 -11 12 -17 -5 10 11 -21 -19 24 -61 13 -2 14 -7 -21 0 -45 -54 31 1 -5 -1 46 -30 42 34 12 -1 -15 10 -41 -9 0 22 -17 31 21 -31 -1 7 1 42 17 -10 -1 -25 -16 41 -34 5 19 -34 28 -13 -15 2 7 17 5 -49 -28 -16 25 -2 9 1 5 -24 34 -10 -26 15 -24 4 -9 -5 -21 28 -26 -3 2 18 -8 6 21 -11 -35 -35 28 16 14 -12 -25 -24 6 -26 -28 7 4 -12 -26 -21 15 1 -16 3 -2 -9 8 -5 -24 -11 -3 -28 -6 11 12 -5 5 6 -3 -14 28 -7 -12 -8 18 -47 11 -1 -5
s 110000111110010001100101110111011111111100111100101011101011010000001000
m 44 83 -58 -36 86 -48 -1 -35 26 -101 -120 123 -80 -124 -30 42 -76 -106 70 9 103 65 32 -81 91 -15 108 -23 113 118 31 53 -127 26 -1 -103 62 -35 -111 -21 56 -115 -116 43 -104 -32 105 63 87 -100 -30 77 -53 8 77 -104 -70 99 -9 78 62 -25 -109 -6 -48 -126 -122 -41 118 110 -65 -30 -62 116 108 4 -91 64 89 -40 67 126 -122 119 -14 8 -48 96 30 60 81 -88 -6 -108 -115 8 -84 60 -72 -23 115 -104 53 -8 14 -15 -112 -35 91 24 -116 87 -3 59 69 -77 72 29 35 4 3 -30 -115 51 -76 12 -63 -126 -12 -47 6 51 -38 -11 21 -105 37 -16 38 -39 -60 -31 92 126 -97 -102 -7 -109 -23 -5 61 -27 -59 3 -54 82 -44 -20 -108 -9 67 5 -101 -64 -57 -78 -3 61 11 86 28 -42 62 81 -12 -56 -45 -34 -28 -102 74 14 -74 117 -7 -39 -125 -71 -65 -17 -14 12 -86 113 15 103 -115 -27 27 -26 -127 83 -12 -55 -84 53 -51 -35 67 -38 109 6 -32 -19 111 -51 121 40 -120 -41 127 96 117 -122 97 -59 -108 -51 -102 100 126 -54 -30 -25 -89 17 56 36 81 -34 17 71 103 114 93 78 -84 42 57 -23 -68 -96 -115 95 32 -28 93 -46 49 73 -49 -121 20 -38 53 -120 -78 -120 95 -20 -95 -20 -64 -126 58 -40 -35 -2 -26 80 58 2 22 -38 -11 89 -72 -123 -13 124 -72 123 88 54 -64 -123 -33 -68 -112 76 86 -47 64 -86 -9 -80 63 -125 96 -3 0 23 98 -90 97 -2 3 108 14 108 86 124 26 47 14 9 -47 -49 99 112 -58 -41 117 -39 -27 75 -125 78 -61 84 -12 -43 58 36 16 11 -51 -50 -22 -120 -124 42 -41 124 89 66 76 113 -1 -32 -68 127 48 110 -17 -53 68 52 71 -103 -10 81 -112 -2 -10 107 -6 -69 117 127 124 -16 95 -84 68 38 -114 -41 83 -15 -58 72 -99 63 -86 78 1 -106 25 -71 22 51 116 51 -97 -44 -31 -21 -29 -120 40 -64 -93 28 57 64 -47 99 90 117 59 -92 104 -52 -108 57 -121 -28 -6 40 -42 -110
e 36 21 3 -1 21 -20 -32 25 45 25 15 25 15 6 56 -6 -36 35 1 28 -7 -55 8 -13 -55 -4 11 -4 -28 -14 -31 -15 13 -15 -13 -27 -34 -14 11 12 14 -6 12 28 -6 -38 2 -28 2 21 23 -21 34 22 1 -3 -8 -25 2 8 -15 2 -3 37 -3 -36 -36 -61 -2 21 2 -3 57 34 -23 14 13 -23 -28 13 0 -15 0 7 -1 34 3 8 -3 34 -12 -21 -7 -28 -8 6 -2 8 10 28 -10 7 -34 20 -3 -31 3 -21 -2 11 1 3 32 -1 36 3 31 -2 45 10 13 -4 36 8 36 11 13 2 6 0 10 -6 -7 -6 -14 3 -14 28 48 14 9 23 -9 -2 -8 -5 -5 10 1 -7 -7 1 -9 -13 -9 18 -21 -34 31 -6 -31 26 3 27 35 -31 14 -35 4 -3 20 36 20 23 -11 -23 -25 1 -28 27 6 -24 -27 -14 19 -27 14 7 -13 9 -35 25 2 11 -22 -6 14 13 -1 27 -7 9 47 -7 -18 -11 -6 39 6 -6 5 34 42 -5 -28 23 -6 -7 11 -39 13 6 21 -11 6 -1 14 28 25 -13 -23 15 -35 -7 -1 -18 -11 -25 1 -6 -43 8 6 -6 -55 -28 -36 4 -23 -73 28 -7 -1 -55 -21 31 4 34 -15 -28 -14 6 -15 12 36 -1 -28 -21 8 -2 55 12 2 -4 28 -3 28 -18 -8 -15 -21 -8 1 41 -3 8 -14 -36 18 -2 3 28 3 34 -2 -36 23 21 2 -13 -34 -3 0 -14 -23 -7 -2 13 -3 -10 42 31 36 -7 6 26 -27 8 3 34 -10 8 -28 -7 -35 51 36 0 -10 11 -7 7 -1 3 3 -3 -34 21 -31 -23 -6 -4 8 -3 -9 -63 -31 2 7 -4 6 -3 37 6 21 11 -14 6 30 14 3 6 -31 31 14 -5 4 -14 5 36 14 -1 -11 44 -48 -1 11 -18 6 -1 25 15 9 27 -14 18 35 9 -31 3 2 5 -20 -6 -5 23 -21 3 -14 -9 25 -13 18 23 -27 31 -25 7 -5 27 13 -5 35 11 -3 -7 28 20 13 -23 23 -11 7 -25 14 -11 27 13 -30 -50 -27 -6
s 001100101111100100101100001100001100111001101101100010000000111111001101
m 89 -94 -23 -33 2 -105 3 8 26 -108 -87 38 -101 75 117 -88 44 9 56 49 51 64 127 -36 61 32 -85 8 -30 -97 -20 -43 -50 -32 -113 -13 108 62 -20 -79 73 -80 -40 -54 31 -5 96 -42 74 64 -57 78 51 -71 -99 10 -30 0 -36 108 6 -19 7 50 80 53 39 55 110 9 -109 6 -92 45 14 0 -63 -33 -30 102 100 -85 88 -90 -124 -96 -7 34 -84 -66 95 -30 109 -118 109 -117 -127 -95 123 119 49 -100 100 -64 -106 -44 -43 -67 -114 -47 4 86 -5 27 -18 -52 110 -111 -121 -16 -106 107 125 -106 -8 68 13 2 -71 -53 -86 -50 69 -68 13 73 45 -106 52 -93 85 -80 96 -109 85 -46 -5 -122 4 50 16 13 -15 -65 10 -27 67 102 40 117 -9 -115 -95 -39 -2 -119 6 -88 -48 -81 25 77 29 -39 -74 -38 -116 -72 -61 -109 52 3 -35 45 -12 -43 74 112 95 26 25 98 53 -78 -114 -4 36 95 117 45 84 6 -50 58 -107 46 -63 -55 67 27 84 77 -57 -126 108 93 -6 15 15 -92 -53 100 5 -10 -108 -84 -9 114 74 27 -36 24 108 -34 -125 -47 57 -88 -45 -38 8 57 75 47 -68 26 16 -45 44 116 17 55 -19 -19 -102 87 -71 -34 -56 -17 78 18 -43 126 -102 -90 9 -15 -7 -114 106 -104 47 -33 -4 -24 5 -45 43 92 -83 125 -42 -53 120 65 -98 1 87 16 66 90 -33 -94 -125 72 3 89 -110 -62 -62 -46 127 -102 -73 -94 -101 -91 37 124 18 -50 58 -76 43 -86 -6 -127 123 -112 118 -1 -10 -72 41 -42 -9 59 -81 -63 -31 48 -86 89 -23 119 41 -83 -47 66 109 -3 64 57 114 -58 46 -101 -36 -119 -117 -85 122 97 30 -106 -114 -18 -122 -94 -100 -20 41 84 -85 -62 51 -121 -120 -13 7 -70 16 -5 5 -77 -40 -104 -60 119 -89 103 40 -71 114 53 42 -106 121 -79 56 -89 -105 -11 53 -98 101 -40 25 -21 -124 -19 115 -86 -32 66 26 -112 -113 19 85 21 -101 -5 -120 -20 67 -39 32 59 88 -63 81 -82 -104 -21 35 -61 101 57 -85 -117
e 14 -2 6 3 5 -22 -17 0 34 0 -6 23 -6 -6 -17 6 14 -2 37 7 11 17 7 22 17 0 -5 0 5 8 5 -28 -3 -38 -37 -28 -30 -39 14 -35 -39 34 -70 -4 -24 -4 40 23 40 -69 -32 -56 -30 30 3 -6 -1 7 14 1 7 14 -29 -6 -7 1 14 1 -42 2 42 -9 -17 -36 -3 -7 12 3 5 -12 -16 -28 -16 -28 -37 -28 -6 7 -6 36 35 -27 16 -4 -37 -16 -40 37 -43 -56 -51 14 -30 14 -21 55 -21 -27 14 -14 -24 -7 46 -4 -1 5 41 42 -41 3 6 -3 -7 -1 8 14 -36 -5 4 16 18 4 28 18 40 6 12 65 -36 65 7 3 7 2 -37 -55 19 43 12 -5 -32 4 -5 -21 5 47 27 -24 8 16 -35 -41 5 17 8 -41 -21 2 3 6 26 -7 22 -23 -14 -23 -23 4 -23 17 -18 17 -12 12 -14 -12 -82 11 -22 7 -28 5 -2 -5 8 10 -8 3 4 32 -30 5 14 -30 24 -14 34 -8 -34 -28 41 -24 23 5 -23 32 16 11 -18 -14 22 -34 2 -5 24 3 22 -23 0 3 -39 6 12 49 3 -28 -14 0 -37 56 6 7 -24 -6 -17 -37 35 0 32 2 -5 -30 3 -54 56 0 0 45 -6 5 -39 -6 -28 35 -14 -37 4 -2 -30 -40 17 -35 -76 0 -5 6 -15 -65 1 28 56 -14 -40 30 -7 7 39 16 35 -17 6 4 7 36 -40 1 -9 -56 42 12 30 6 -16 39 -1 -28 14 12 21 -7 -47 -27 1 -28 16 42 -7 37 -6 36 -43 -27 3 14 -12 56 7 -16 43 -14 -61 -14 4 6 -33 -5 -40 -27 -41 -3 16 14 -37 -5 7 43 42 2 14 3 4 -21 -7 -18 27 -14 -12 -38 4 65 5 46 8 41 -12 -41 -3 65 5 7 23 -4 42 2 6 4 4 24 18 4 -23 12 5 17 -65 -24 -2 -7 8 6 -2 -41 -22 4 -5 -23 4 6 -8 -5 -22 -3 -24 -23 -12 8 34 -11 -41 -31 -22 -5 2 -9 6 -11 -23 -22 -22 32 23 -5 -30 -23 8 14 -17 -3 -34 -2 -12 24
s 100110000000100001101000011100100011011010010111010101101111101111010100
m 46 -94 -70 110 19 121 3 -121 110 -75 49 -26 56 -39 -91 -69 -42 77 109 -75 67 13 -127 34 64 -111 -31 -88 71 41 -23 55 25 -63 91 40 124 2 -99 32 31 26 10 56 -108 -11 -48 -32 70 -121 124 80 -6 29 -85 -93 -126 -101 -83 59 -39 52 -89 82 -122 51 -15 84 -93 74 86 34 -31 -110 -102 -70 -67 5 116 -70 -106 15 -125 -40 -20 -107 -32 13 84 109 -84 -106 82 -117 120 -32 61 84 -6 -27 -118 -59 -54 80 -6 -38 112 55 35 -107 -114 -31 -68 -96 2 -102 -45 59 -43 110 29 -19 59 7 38 -109 90 -36 8 71 8 -23 -11 -100 49 -82 125 12 -1 -33 48 45 -26 -113 74 82 -70 6 -60 105 124 -8 -77 -67 106 -94 16 29 70 126 35 36 101 -86 46 62 34 63 -120 17 113 -15 59 100 65 -121 21 78 19 127 110 -17 55 49 123 38 -30 -24 -25 56 -29 15 -113 69 57 59 -102 -55 44 23 55 88 -12 102 -77 121 57 -16 -84 25 -11 -113 16 21 -47 83 43 28 90 -123 53 -30 -25 121 29 89 76 -103 111 -90 2 -84 -11 -37 -6 117 -70 -21 120 -126 100 52 75 79 75 -42 -36 98 57 61 55 76 -116 66 -115 56 108 24 91 2 109 48 -77 47 97 52 48 64 -8 -98 -60 45 104 -100 7 -51 5 32 12 -11 -32 -8 96 -98 -125 46 94 49 3 -120 -10 95 -13 -29 25 107 -78 -115 113 -101 -71 41 -45 30 63 45 120 74 73 100 -32 -29 -85 -7 55 34 66 18 51 -122 -112 -68 -48 4 -58 -48 103 14 3 123 -106 26 63 -101 -118 50 -83 -121 93 -58 -79 107 28 10 -58 -46 -108 65 -53 -32 101 116 -110 5 82 41 113 4 -82 116 48 62 -68 -16 63 -118 97 28 -31 81 95 -81 47 -44 45 35 -53 102 -5 -92 70 -123 -40 29 77 100 66 -7 24 -17 -124 -75 -102 30 -24 6 -85 -84 22 -67 37 28 -29 -18 -120 79 -71 -108 117 76 -125 -27 -112 44 48 -15 52 -98 25 13 16 -80 82 38 36 -115 107 26 -101 122 50 86
e -14 -17 -15 3 22 33 6 -19 -6 -19 35 17 35 38 26 35 14 41 -18 7 14 28 7 -22 12 -62 14 -62 -2 20 2 -10 15 10 -18 -10 6 27 -11 3 2 -27 3 7 -22 -7 -22 14 22 24 2 -24 -21 -33 -3 -26 -7 -19 -7 7 -43 7 12 -35 12 2 32 2 30 17 -30 26 -12 1 -5 -77 -51 40 -2 -51 13 -10 13 -7 46 -7 9 -7 -9 -1 -3 -14 -4 -7 16 4 22 16 -3 28 -3 -4 -6 4 59 -2 -6 14 7 36 31 12 -9 31 43 -9 14 -30 14 17 30 -28 14 11 14 36 51 -39 -21 -13 5 7 -7 -5 43 9 43 25 26 -11 7 5 -7 -32 16 -10 19 3 7 -19 4 39 -35 6 35 26 26 -26 -14 -4 -14 -10 9 26 56 -14 15 41 -17 15 33 -34 33 -6 -36 6 -17 -31 -19 -26 5 -22 -10 43 14 -10 -11 -14 22 7 22 -28 -32 -14 20 -7 -20 -15 -7 2 -26 35 -62 -26 26 11 -23 21 23 26 32 -22 -28 -21 14 2 -35 14 11 14 -22 23 -17 -14 22 3 20 14 19 -15 12 -35 34 26 -3 -10 -11 -49 -18 23 35 -7 22 -35 12 14 14 62 2 17 -2 -26 -3 12 24 19 62 6 35 -5 2 -35 10 3 -14 -18 7 17 12 -22 -12 3 -30 -62 10 -26 -2 22 7 14 24 -31 -18 -6 12 -7 2 2 9 -7 28 7 28 1 28 2 -5 24 -30 -51 -6 26 13 2 7 7 7 51 -6 -12 13 -14 -2 -10 -4 -52 -9 25 26 1 -3 -7 -5 23 -59 -16 14 -28 6 -36 -7 4 -31 9 6 9 1 -14 -14 -5 4 17 16 42 -7 -3 14 32 -4 -17 -7 -6 -14 5 14 -42 43 -28 31 11 9 5 14 38 43 10 17 11 19 14 7 7 -36 -32 35 -56 7 -26 -5 7 -17 -43 -40 -67 11 -26 41 -23 -14 -15 -32 10 -33 -7 19 -14 7 -15 32 -35 52 15 26 6 10 -14 17 -14 -10 -26 22 19 -41 -14 15 -21 -14 -33 -22 2 -6 14 -26 -17 20 -11 -26 15 23 41 -10 22
s 100100100101100011100100101011001001011110111001000000000010010010010011
m 96 -61 -119 -79 -121 29 18 110 -68 -112 40 -119 -35 61 24 -96 -65 -12 24 49 50 -71 59 -110 -26 -65 16 55 -3 14 69 113 26 58 -28 -24 -33 -87 101 94 -57 -33 -113 72 38 -38 -88 -6 91 58 -23 124 87 -118 -86 -115 -108 102 -102 88 -74 -127 66 41 -28 87 -76 -126 103 -84 93 96 -89 103 -69 35 -120 -96 -73 115 -105 105 -119 -72 24 -88 -45 0 64 -22 56 -83 -91 76 6 21 26 30 18 88 15 118 -30 -45 107 -115 49 52 25 -95 -67 -119 -50 -51 104 -51 78 -31 -92 104 -117 -63 111 -77 15 -40 -52 -35 78 54 -97 45 21 46 -60 -3 87 -106 -61 -114 64 -2 -55 47 18 -15 -38 -22 107 56 50 74 39 -115 -29 -111 -125 107 106 10 73 -91 66 51 119 -125 -49 -77 42 17 -98 -108 -121 -100 54 11 84 57 -96 58 -121 8 26 118 -107 -11 122 -111 126 26 -11 -67 24 -102 -82 -107 51 -11 -111 -40 109 -17 67 -67 -2 48 -64 112 117 115 15 -11 54 -28 50 50 -89 50 70 89 52 72 -94 -91 100 56 -102 96 117 16 -21 -74 -83 28 -9 -25 59 1 -88 -89 -99 28 -103 31 -10 -107 -3 -15 -100 -42 124 55 113 -8 -115 82 114 42 117 -104 -9 28 -107 -101 -34 -121 16 -75 -19 26 -82 79 6 -105 84 -61 33 14 89 -9 27 -41 -88 78 -117 -36 26 56 119 -1 -33 -81 -43 -95 72 80 -70 -48 -17 17 59 37 1 102 19 -59 76 -7 -89 32 26 18 -106 113 -86 -104 -105 -18 -75 3 -110 2 -124 1 23 -28 27 33 0 -107 73 57 1 -112 42 68 10 -83 -101 94 -23 -29 -44 6 80 4 -43 69 49 -90 -23 -50 -112 -20 117 -10 -64 -53 -69 42 -43 -58 90 61 64 -66 58 81 94 -26 -40 56 -27 -34 -4 -59 52 -29 -39 -12 -120 -94 80 49 15 -56 66 -104 49 101 127 -9 -116 113 -39 81 85 -89 110 -120 57 75 -10 55 -17 118 -87 27 -114 -37 14 -94 -113 -111 10 13 -112 13 119 118 -110 -69 -89 -62 84 -91 -35 39 77 67 -72 -85
e 3 -37 9 -8 -37 -12 8 -1 10 1 31 55 -35 -25 -31 25 -3 58 21 0 12 7 0 10 7 14 -59 -14 29 45 -3 8 7 8 -21 10 27 8 -42 -49 8 -56 49 14 -10 -14 13 44 -13 24 19 24 -27 -25 -8 -33 -2 -1 1 2 -31 1 25 -25 -28 49 -3 -49 6 -37 6 33 7 3 -2 -14 -7 -2 3 7 -1 8 -1 -19 21 -19 3 -17 -3 -3 -70 16 9 14 -16 -9 -13 -6 0 24 0 1 29 -1 -37 8 -37 -16 -1 -9 -1 -25 6 -1 49 6 -38 -6 38 26 -33 -26 14 -2 23 -9 -7 -21 -21 1 -18 -21 52 18 -56 29 53 14 -3 14 -23 -61 23 21 -6 8 -25 0 11 25 1 11 4 37 -4 2 16 -2 43 -19 43 8 -6 -21 -11 38 9 11 26 -9 12 -14 12 10 9 -49 -55 1 55 -21 -18 10 -10 53 -12 15 -14 -12 -10 -35 13 14 30 14 -13 21 13 -7 -11 19 25 -4 -42 -25 9 -52 -29 43 29 -10 -8 34 -6 -34 -6 -19 25 12 -42 3 -10 29 -37 14 -10 8 -13 -6 -1 7 21 -31 10 49 -16 -8 -42 -72 -21 -29 -31 0 10 -25 7 6 -30 31 19 -54 -3 25 8 9 -24 -1 -14 -27 31 3 23 -28 -8 49 -3 -21 34 -37 0 -13 7 -49 15 14 14 -33 -3 -23 2 -22 42 1 -21 -27 -25 0 -8 70 -49 22 3 -14 -25 -3 -13 49 -2 -24 -6 7 -27 54 23 -8 2 -19 -1 -15 37 25 1 -46 -49 19 9 -6 3 6 -33 9 0 17 -2 40 7 6 14 1 4 -9 19 1 45 3 -43 -6 3 16 38 2 9 -37 6 -38 -23 0 54 21 1 -26 40 37 -14 -35 -16 -24 -53 9 -1 -14 6 -18 43 -38 53 8 26 -14 25 -14 23 11 -9 -21 -15 -1 -21 2 -18 -49 55 -53 4 -21 -37 2 -11 23 64 -9 21 14 12 -21 -25 -10 11 9 13 -4 -12 7 2 -10 10 43 55 12 8 21 -10 -25 11 14 -15 24 6 -26 -10 -19 10 14 -25 74 13 42 21 7 29 -11 10 10
s 110011110110001010101110111100010001000011111101100100101100110101101010
m 109 56 0 63 0 -51 9 -47 -110 6 34 -113 -94 -105 -47 122 -22 60 -79 11 -30 47 58 -46 -39 9 14 -98 89 -5 -110 84 -96 -34 -25 45 -16 88 63 102 -53 53 98 -77 -29 -109 35 -73 -87 4 -3 74 91 -96 -77 5 -27 78 5 1 77 -53 -77 82 -108 -116 90 -49 -21 -68 121 -50 -65 -82 104 91 4 -2 107 54 62 -117 57 60 -43 -18 -59 68 -123 -25 41 -52 -93 -1 -109 -46 -92 46 82 108 -109 63 123 52 60 -126 114 -74 -7 3 115 -4 -2 -110 65 -121 127 96 116 -55 -15 21 119 10 45 98 88 21 -8 21 -72 -108 -16 0 40 33 -8 120 68 117 81 -93 98 23 -81 31 58 117 127 85 59 -23 23 -104 54 102 119 -126 -111 14 -70 39 -110 30 -118 87 91 52 76 -26 96 -48 47 53 -39 -45 99 31 -92 65 -94 18 113 -2 -8 87 121 22 -53 21 -108 -41 -35 -1 120 -126 -94 -76 88 33 -96 -79 12 119 -18 -36 35 118 -31 99 -123 116 -116 75 119 -13 102 91 64 -76 -96 -6 2 -68 101 41 61 20 46 11 -77 -35 25 73 -15 2 83 33 -22 -40 -49 12 -122 41 93 73 -30 -84 3 -87 106 -54 36 61 -24 -93 28 50 101 42 39 -20 74 63 -39 107 46 -119 37 -77 80 -66 -67 1 -115 108 58 -44 62 -119 -39 -58 -63 99 6 -74 -34 -63 8 -35 16 -29 16 -93 -21 -118 116 -37 -51 120 109 -25 36 15 78 -49 124 -61 44 -27 123 -49 68 -119 -21 48 120 12 -34 -28 -39 54 112 -126 93 -119 -127 126 -19 -48 83 -7 61 -73 -119 89 -51 87 -92 -60 36 -14 -67 119 -54 -84 -25 113 36 10 -53 -105 38 -63 74 -57 24 70 111 75 12 -54 -80 -104 -13 -58 -120 118 80 123 -63 100 54 -83 -38 -85 51 -22 29 89 -51 116 -42 117 -18 -43 109 -12 75 27 -119 107 -52 86 50 46 -37 10 124 -54 98 98 -105 56 -21 96 105 -22 101 -70 74 -101 79 92 47 66 -65 -25 121 127 -14 105 -127 -34 19 75 48 -74 87 36 98 -93
e -20 0 9 -8 2 22 -14 6 -13 -29 -31 30 30 -18 -27 18 27 -32 -20 -11 -7 -35 -10 47 42 -1 -1 1 -37 17 37 2 10 -2 -20 19 -44 -14 11 -7 14 -6 -7 1 -82 1 19 18 -19 -21 -3 -4 14 -48 8 -14 1 -6 -7 -9 -30 5 -4 18 -4 43 -20 56 -42 0 19 5 35 22 -2 -1 48 53 -37 4 -19 -2 -19 -14 -20 14 -14 -10 -14 25 -7 43 -13 26 -11 -13 -19 11 -17 -4 17 7 14 7 -39 14 -39 43 5 35 -28 -6 11 28 -43 2 -22 19 -22 9 5 -9 34 -1 34 3 4 -21 45 -32 0 7 16 -26 2 14 -2 16 -22 16 11 2 11 -19 -11 35 -44 -17 -21 -44 7 33 34 39 21 -16 -43 16 -62 19 -66 28 2 42 32 -22 0 -32 -9 0 -22 -34 -22 13 -3 -13 -30 -54 30 27 0 -10 19 -7 -20 19 16 7 41 11 41 1 19 13 -5 7 5 10 -21 3 -48 -21 32 48 20 -11 -6 62 6 26 -28 26 18 -44 -18 -3 18 7 11 20 41 28 0 1 26 -8 -5 -57 -6 -16 -3 30 19 48 8 30 11 -6 -22 6 30 -10 -26 18 -35 -18 20 1 3 0 -37 -64 -8 -35 4 6 -1 14 -30 -51 -14 -36 2 -7 20 20 -1 0 -10 -19 -35 7 -19 -8 1 -5 -37 -19 -1 -2 4 5 -20 14 4 10 14 43 -36 5 29 1 4 22 -31 43 -2 4 -19 4 14 5 -19 -30 -1 14 -5 -4 -53 -4 -19 46 -43 14 -13 19 14 41 5 22 17 -1 -2 -7 4 -11 -34 -19 35 -3 -14 -32 -28 -14 39 -2 22 -43 22 2 13 9 -11 -2 -11 17 77 -19 7 -13 7 39 40 0 -43 -3 2 13 -28 16 -2 0 -62 22 -2 -28 9 16 -44 34 -11 -21 3 19 -21 28 -7 16 0 -21 30 2 -21 27 -66 16 -32 -19 62 0 19 28 22 -7 -51 13 21 0 -5 -21 -22 -10 16 13 -22 62 -30 -7 28 -27 -41 44 -32 -1 0 7 18 42 -41 3 -40 -1 -48 45 -5 11 27 10 -6 -46 19 -26
s 011110111101111001101001101101010001100010011100101110000010101111010001
m 54 51 -37 -31 -23 64 -65 124 24 -108 118 -81 -50 39 57 -122 -50 -86 8 -14 -36 112 -68 74 16 -15 -121 -58 49 -23 -88 78 -6 -41 46 123 -60 -59 -102 -77 -76 -18 -30 -50 -97 -120 117 24 -9 -37 13 -59 -88 -8 99 -79 28 -88 -77 -37 66 -89 115 32 -51 -5 -114 -122 60 -99 80 54 -23 10 84 99 -22 -96 -9 97 -101 -68 5 -54 -53 101 39 99 -16 -106 15 65 -97 -115 124 -32 -127 -5 12 28 70 59 23 29 72 -11 -78 -77 126 -99 -44 -1 50 -14 -54 -98 42 -103 8 58 104 62 -79 77 -10 -13 -24 115 108 -100 125 5 -98 65 -48 24 33 -125 111 16 25 -13 85 -49 -88 -46 -60 -22 61 68 33 44 102 -107 -78 0 63 -98 -110 -70 -88 -86 106 60 56 103 23 64 -111 29 -42 -28 -88 -11 87 98 109 65 -2 37 -6 -117 -115 -88 121 18 31 42 115 -88 119 -26 -53 10 -16 19 82 -36 70 -72 3 90 -22 110 -9 -101 -26 69 -11 28 -121 -68 -17 -31 -36 -36 1 -114 -28 69 15 -98 -55 87 -9 23 3 61 -35 -68 22 -70 -110 11 63 -104 -39 3 -2 -80 -72 104 -78 35 29 -12 73 -88 2 21 11 -26 5 -65 39 108 -123 -91 -104 7 26 66 -124 -119 -18 -56 -34 -82 -57 55 -77 -67 -32 117 85 121 -64 12 -95 -63 -51 93 20 80 -88 82 121 -12 61 5 123 75 -106 -12 2 -40 -32 -87 -108 93 -10 -2 -71 -51 25 75 0 -27 -120 26 54 -117 98 -118 -79 52 -21 -12 19 22 114 -62 -13 -72 10 101 -87 -2 72 -3 -12 -9 67 51 -47 -103 69 120 9 121 -38 -108 -11 33 111 120 117 -40 16 36 -81 -51 68 61 -73 47 -106 -116 20 -52 -11 16 74 -83 82 -95 -114 79 25 -2 -109 -84 -22 -22 89 65 -3 -43 12 100 54 -33 -70 2 17 -109 -40 97 -11 21 -22 55 112 -1 -116 32 -20 -87 125 46 -64 59 -54 -84 -51 -107 101 14 66 -114 20 48 -62 -31 107 33 -117 19 -46 3 -89 -94 100 15 82 120 124 -77 -126 122 105 36
e 16 19 -19 -5 -19 -17 -5 3 -10 -3 -44 -2 58 1 2 -1 -16 35 -2 -50 13 14 -13 -14 21 51 9 14 7 3 -7 36 -32 -56 -2 16 -9 10 20 14 10 10 14 30 -8 30 -2 11 2 -25 2 -25 -9 3 5 -2 22 -3 0 -22 -44 0 1 1 -1 -11 -16 -5 -28 -19 -28 2 -14 11 -12 -14 -9 12 -7 9 -2 -36 2 11 2 -11 -14 13 19 -9 -27 -56 28 30 5 34 2 -10 20 33 11 8 9 8 -42 23 42 56 0 3 -13 -23 10 -18 -5 -10 -7 28 -8 -32 2 -32 2 22 2 3 -9 -20 -1 -2 -6 -1 11 -6 29 -14 -29 14 9 -15 -75 12 -22 20 -5 49 22 -11 -18 -22 8 -18 41 42 -41 8 -57 0 10 28 10 41 10 2 -35 -7 19 -35 32 19 17 2 17 21 -3 -10 2 13 -14 2 11 -6 -16 29 -13 45 -14 -13 -14 22 -14 9 20 -23 3 -1 -3 -6 -18 -2 -7 41 25 -3 0 20 10 -10 16 8 41 -8 -11 22 -11 -2 28 13 20 16 -18 10 -19 -9 -25 5 -14 11 -3 -6 2 44 -16 -3 5 -36 20 31 7 10 44 13 -8 1 14 -15 16 14 3 21 7 3 21 -14 25 3 14 -9 44 8 -10 1 -36 14 -44 2 44 -19 -13 -2 -14 14 46 -14 -30 2 -7 -2 -22 -36 -25 0 -2 9 -1 13 -10 -5 -14 0 -14 -30 -1 -9 -8 -5 12 -25 28 9 -21 -17 -2 10 25 -11 -5 -9 42 1 2 56 5 11 28 -28 14 -5 2 9 11 -22 12 -8 20 5 2 -5 11 12 48 -14 13 -14 45 -10 9 -56 -7 -12 28 32 -5 10 -22 11 -7 20 8 -51 1 42 -2 -6 56 -3 29 28 13 14 -29 -6 -10 7 -29 41 32 -14 -28 9 22 18 3 20 41 13 1 0 -6 -18 2 29 -41 33 -14 0 49 -22 61 21 20 -41 -17 3 22 -10 39 -19 -3 62 17 6 0 10 -16 10 2 -29 -41 -2 -14 -22 35 9 19 -13 -11 -37 14 2 10 9 -3 2 -3 -20 2 -6 10 -35 16 8
s 101101110110001010100000010001011100110110111110001001000100010111000110
m 8 -100 -88 -91 51 -39 -87 111 -61 -81 -40 12 121 90 11 -17 -105 -102 34 109 -35 -29 -102 -37 -2 45 3 64 90 -123 87 -24 -18 11 56 79 83 -93 -50 -28 52 59 14 119 -63 81 13 59 -30 -81 16 53 -87 86 89 -42 114 35 88 126 -9 113 17 -23 63 88 -26 86 -39 38 115 119 36 103 109 25 75 -24 -37 79 -80 -119 -114 -71 -54 -11 -126 33 27 49 58 -31 51 44 -15 122 114 32 -60 -109 82 -66 48 97 -7 -90 -50 -56 -78 71 7 -72 127 -114 -43 -97 25 -25 6 40 82 -104 -65 5 -125 105 109 -127 28 -117 -89 -100 99 -56 -73 -66 47 -61 16 73 56 50 -15 18 83 -89 123 -28 -68 26 -109 -49 76 3 109 -107 18 103 -8 90 -53 16 110 88 119 73 96 -57 -121 -30 74 121 92 -74 -82 4 96 -19 2 -20 -124 -113 83 91 -9 103 100 50 -61 99 -94 -1 68 102 -59 -12 -64 -57 5 66 -64 -44 77 26 3 126 -14 -87 -81 -17 42 -18 39 68 90 -70 -52 118 -66 -4 5 31 -93 -115 -108 -4 44 -8 -67 -30 4 -75 -28 112 -103 17 10 73 122 -23 -80 -74 2 -9 93 22 -1 42 123 78 39 123 33 -32 118 20 -73 -69 -60 -94 -105 -28 54 84 75 -109 -41 -27 -50 -80 123 75 47 -87 76 34 67 78 -12 -83 -16 55 90 -22 35 86 -66 57 -118 0 -14 -78 123 -68 -47 -86 14 -82 -73 20 -45 125 56 24 95 82 25 24 -62 19 -113 -11 7 -55 -84 120 -86 -120 -10 -56 56 126 45 -105 -67 -14 -9 77 99 91 -33 24 -116 20 -1 106 26 -122 -34 78 -3 113 43 -38 -76 -53 86 -112 -24 67 50 19 3 -2 87 36 72 127 27 11 117 -51 -113 17 13 -84 -92 102 -47 7 -109 -28 -73 59 27 -71 125 -115 -23 -101 -25 -56 39 -76 126 -104 82 65 -65 106 -12 99 0 12 -87 75 -78 51 -52 -28 -4 113 -63 -89 11 -69 40 37 110 41 105 -30 -46 -64 78 115 -26 8 -37 -11 -80 5 -35 -20 -66 118 -6 51 -12 -30 41 -32
e 1 -24 -27 4 24 0 4 18 -4 -18 -8 -2 8 8 -6 -8 -1 -27 -48 -29 -8 -2 29 5 -26 -22 -1 -22 33 -39 33 -10 27 15 -30 10 -20 -21 -9 -13 21 11 25 36 2 36 27 -7 -12 -14 -4 14 20 23 -4 -9 -5 18 0 -5 -35 0 -17 -8 -15 7 -1 7 22 24 -22 9 2 14 13 -37 -18 -13 -35 -18 49 -10 49 -10 30 -29 -13 -44 13 14 13 -10 3 36 13 3 12 -13 -25 -14 25 21 -20 -21 1 -21 1 -10 0 -32 17 15 -34 -7 -7 34 6 35 15 -59 9 35 -3 -11 -3 -32 -18 -11 11 49 2 -11 10 2 12 -13 -12 -10 23 10 14 13 -49 11 -13 -14 23 -47 5 27 21 5 24 -1 24 3 10 -3 -47 3 -7 37 -34 -6 27 6 27 -27 35 -45 0 3 0 -4 32 54 -2 -7 -11 6 2 16 10 -12 -31 10 10 8 5 14 5 3 11 -1 -39 -11 -39 16 -25 -4 -23 -24 9 31 -56 9 -11 -7 -11 2 14 2 -7 23 -7 4 -8 8 -9 -1 -33 11 -24 1 2 29 46 20 -18 16 -10 -8 -10 23 4 10 44 18 -30 -11 -8 29 -15 -15 2 -7 -4 -22 -4 24 33 23 -4 -2 14 31 22 20 -8 -33 -21 -8 10 13 1 30 -39 -34 29 -12 2 13 -22 22 36 9 33 12 5 -10 -47 0 -30 40 -15 -29 -21 7 -13 22 -18 -36 -15 -14 -12 -7 21 -14 22 -21 20 9 -68 46 -5 10 0 -18 1 -15 49 -16 38 -10 -3 -22 -13 13 -30 -14 25 -5 13 21 18 14 -3 -49 25 -32 -10 -21 -7 13 3 -34 14 -10 -6 13 -45 -35 -13 85 -14 -25 6 -11 21 -35 11 -1 7 21 10 -63 -12 3 7 54 -34 2 -7 6 -42 -14 35 10 -23 3 -14 5 32 11 25 -7 11 3 2 5 2 12 24 6 10 3 27 14 -7 27 -16 14 4 11 -23 4 5 27 -39 -24 0 -16 3 -4 25 -7 -2 8 14 -6 -5 -23 -27 1 27 8 7 0 5 4 -4 -1 -23 2 -39 9 10 -16 -13 -41 10 2
s 111101011011101101001000001001011010011001001011110011001100011111100010
m -13 -108 102 57 3 -115 -87 115 -4 66 -102 91 -37 90 -56 114 17 -82 -41 33 -42 -39 -112 36 -100 -32 -101 -126 32 -124 -83 -8 80 -7 -111 -82 -50 21 89 -48 87 -14 18 -85 51 123 75 -20 114 -34 92 52 -108 65 -119 -47 -35 8 82 -101 -96 -126 21 -41 68 45 -39 -113 26 37 -29 -81 126 -119 -9 28 -62 26 -113 125 -5 74 102 110 -35 -69 110 28 26 97 -11 -19 -107 71 78 -115 -41 -2 59 -22 -8 -121 66 125 -20 2 -66 63 -56 -118 3 -64 -105 -66 -82 105 -60 7 123 -92 -117 -57 -67 24 28 114 -50 50 -39 109 70 -124 127 26 50 -78 -43 -91 50 -101 123 76 31 -15 47 114 -46 18 -80 80 64 -47 103 21 -83 10 -81 80 121 115 20 45 69 -26 -31 -35 17 62 -87 -94 45 -36 -25 -8 -113 14 -109 -13 17 60 -36 -43 27 45 -34 -67 13 13 78 -117 7 -67 10 -26 -31 -97 15 32 -91 123 -127 -92 -87 -41 -124 124 121 -103 -86 91 23 -53 -122 57 -45 12 65 -47 -102 118 -37 -48 9 45 91 105 73 104 -40 -8 -74 102 -107 -43 -56 30 -67 0 -55 108 -5 114 31 -91 -116 -47 63 -12 -53 -96 -124 -106 -56 -18 126 46 -96 36 98 21 -79 76 7 59 -27 -119 76 87 -7 114 109 127 105 37 66 47 87 0 -77 -56 -95 75 -14 91 119 -104 -53 -25 -79 53 89 -91 -105 -50 21 78 -38 -27 113 -97 1 27 -60 93 -81 1 -22 64 -75 7 65 -24 58 -66 120 -67 -99 -39 -119 -24 -93 42 124 -2 -13 115 94 -22 -77 -123 127 -26 48 -9 79 85 29 109 123 5 -25 -123 -66 -126 -109 -102 -26 -67 94 70 -42 56 -112 26 50 88 42 92 -43 1 114 2 19 -77 76 113 -41 126 -26 -65 -29 105 126 22 -111 24 -113 -115 62 21 46 -125 72 -88 -2 59 -80 -49 -34 -29 -93 36 -115 121 44 -48 46 -20 -101 52 -4 -72 -61 70 -70 -8 73 -104 98 -46 49 -70 -112 43 -99 127 -49 -97 -61 65 -79 17 -98 93 17 -45 15 -76 111 -88 37 -102
e 15 3 15 -49 -8 4 49 0 7 0 5 15 5 -36 -14 -36 -12 28 13 7 -12 -16 -7 -7 -16 11 -15 11 19 -14 -19 7 -7 7 13 24 -1 -2 -40 -10 -2 42 10 -58 28 58 0 40 0 20 -11 -20 -1 -36 49 -24 -21 0 -20 -21 5 20 7 57 7 22 12 -22 7 -3 -7 -24 16 21 5 -11 -12 -5 -19 12 20 -7 -5 -1 13 1 -8 7 -8 -21 -16 -21 22 58 -2 22 0 35 -7 24 16 -2 1 2 19 -19 18 17 20 77 12 -7 -61 -3 -22 61 23 23 -23 -36 -24 -36 -25 31 32 -77 -12 9 -37 -5 -2 -35 -1 -2 37 8 -37 -1 -21 -1 26 -5 26 -9 -2 -21 -23 -7 -19 23 2 -19 46 -18 -46 -52 -17 -9 -7 -22 -7 -21 75 -14 55 23 18 -28 -36 -15 -4 -25 4 4 77 -4 -15 -3 41 14 2 7 -33 37 -12 24 1 30 -7 -26 -32 -15 14 -15 -14 -35 15 -7 -19 -11 36 -46 40 38 9 -40 -13 7 13 28 -32 -28 18 23 18 -47 -36 -12 40 -12 7 13 -3 15 28 -49 14 -18 0 28 11 -5 24 36 49 -7 40 7 13 -13 33 7 45 36 -16 18 -12 25 11 3 -19 36 49 -35 -20 0 11 1 -5 28 2 -36 -7 10 12 13 58 -3 -25 0 16 10 7 -11 63 24 19 19 -21 7 20 -20 31 1 7 -7 2 -40 -10 -20 -8 -58 -7 21 0 22 5 20 7 -12 32 42 5 -2 -21 -58 47 12 18 19 -5 -17 22 1 -22 -7 8 2 -24 26 7 21 -5 -23 -44 -2 25 5 7 77 -1 -2 3 23 -18 61 -21 17 -23 -8 81 -36 2 -61 -26 7 31 -9 2 36 -35 -18 -25 -2 17 -99 38 -22 -3 2 61 -23 -7 23 37 -21 -50 1 -39 -25 -28 19 -77 9 -46 3 -35 9 -2 41 15 -37 46 -14 -1 -9 28 -26 7 -15 -9 -21 4 35 23 4 19 -15 -14 63 22 7 9 -4 24 17 15 -12 -21 -14 -7 -23 28 15 -15 12 18 4 7 -11 4 23 36 15 14 59 23 7 -13 28 -24 -28
s 101110010111100011111001000000000110011010011011110101000001111011111110
m 65 101 48 106 52 -111 -100 -90 1 -58 36 -123 -31 -74 -36 -120 123 -91 -1 -46 -99 94 103 -101 -4 91 38 34 -103 62 26 -104 -103 -9 111 -20 -56 -66 90 -29 -114 -104 23 -63 -109 -9 -58 25 23 83 -13 -61 21 -101 77 14 -8 -3 -123 82 -104 -50 49 -28 19 35 110 -41 51 -124 -26 49 -105 120 41 -41 -100 -89 -40 3 56 68 -70 -35 -127 19 -105 -91 28 -4 45 -55 -49 11 -119 -34 -112 -112 54 -24 -81 16 -31 -50 9 104 10 74 1 58 111 -28 -70 -64 -86 -24 122 77 -100 97 102 44 43 -108 15 124 127 -117 -55 37 85 -60 126 -62 -24 100 30 56 112 123 -102 -65 -114 -8 -83 93 1 -105 -1 83 -31 36 21 110 88 68 70 122 16 56 53 -52 -20 126 -109 -119 -6 -115 -119 -11 -39 -58 -43 125 -59 63 60 67 43 51 111 11 51 17 -58 -17 87 -117 9 20 -63 32 81 114 89 98 118 62 -99 -3 -49 -65 -118 -7 -103 26 115 25 65 -120 -30 0 123 25 44 101 -95 -77 49 101 -28 -110 15 2 -68 105 -45 79 79 21 -83 -73 89 57 -105 67 -62 64 41 -96 20 -29 -76 -56 -98 88 -114 -101 13 112 42 47 20 -9 -94 116 -92 15 -57 -55 -36 40 -119 -75 -74 -19 -36 70 41 75 -48 -98 93 -27 97 -117 -44 5 123 -107 -99 17 8 -120 -44 -127 16 9 2 24 -82 87 -104 -48 78 -37 -77 -95 73 95 -96 -60 112 -90 9 -33 24 79 119 -76 -6 -87 -74 -79 115 -98 116 -51 84 -77 117 33 107 31 98 -31 11 75 61 -67 115 -51 48 126 -124 46 -120 53 -56 122 -121 123 -38 104 -14 -36 74 -104 -93 39 15 -87 117 -94 28 103 25 77 38 48 59 -80 -8 -100 -89 -33 90 -56 -45 126 -34 17 -107 29 -49 124 -44 17 54 -87 -109 -73 116 99 54 3 52 62 106 -84 123 -56 75 11 24 121 111 -118 51 -22 -127 85 -115 -28 -71 -28 -54 25 63 -126 -90 -56 33 -9 -29 58 -109 114 59 -29 36 -28 121 -47 -12 112 32 -105 -31 93 -105 18
e -65 -14 -6 -18 -14 -35 18 3 -25 3 -18 -38 18 -25 -28 -25 -57 -29 -7 26 22 -4 -26 8 8 -24 -2 -24 -23 11 35 8 10 59 1 15 14 14 -23 -2 14 28 2 8 0 10 -5 39 5 -21 3 21 -14 7 -18 43 8 51 1 -7 18 1 -17 -35 -25 -8 -57 8 23 14 -45 13 4 4 -57 24 3 36 -23 -70 6 -8 -6 17 -1 -29 -25 26 72 -42 2 25 30 -8 -28 43 -5 -28 -32 54 32 28 14 -14 -9 -14 -8 -25 -15 52 -34 17 18 34 8 18 -49 23 49 35 13 35 -10 7 -10 51 -3 -7 -10 6 -48 -10 -17 48 -15 25 15 42 4 42 -13 36 -13 -26 -28 27 -21 32 -15 -1 -14 1 20 -8 19 3 -25 3 -7 -30 -7 -27 21 28 -29 49 10 -29 -35 6 -38 10 -35 -1 -51 -1 38 -34 42 28 -48 -19 -15 21 22 18 42 22 -25 13 8 -2 7 -2 11 10 11 -10 -1 12 7 -19 23 42 -3 -43 -28 -7 -28 0 -29 -16 22 -1 22 -3 -25 22 -23 -57 8 28 -46 -8 0 -18 -11 22 -3 -10 3 18 -15 -7 18 -8 23 -3 1 28 -28 36 0 -25 4 22 57 24 -3 -14 23 -7 -68 4 21 -3 24 -19 18 -23 14 25 8 -2 57 -1 8 -14 -26 5 4 -2 23 30 -8 -13 -23 21 -7 8 21 -1 1 14 17 26 -32 -31 21 -1 -25 -8 17 -4 5 8 36 21 23 -3 14 -13 6 14 -7 17 -1 -3 -8 17 -33 25 8 17 -30 -23 25 -28 13 -4 -32 -7 -36 14 -3 -34 -14 6 -32 -51 -17 -14 -34 25 8 -18 -4 -25 65 -36 30 35 -28 -18 -18 48 -49 -7 -14 39 10 8 -10 48 -47 51 15 -30 -42 48 -18 48 14 49 -15 -27 35 -42 1 -10 -13 1 -51 7 -19 -34 -10 3 -55 -1 -38 -15 19 28 42 15 29 13 -7 6 7 -27 35 14 -1 -1 1 6 11 -19 -35 -10 -3 1 15 7 -38 -51 27 -28 8 1 46 2 6 -22 -22 35 -8 3 -1 2 -7 -38 -40 -23 32 10 57 29 15 0
s 011101110111010110000111001110101111111110110110010011111110101111111110
m -91 29 -67 -100 23 -49 81 -50 -33 1 -79 -4 -52 -22 121 76 -44 -110 -107 64 -97 -56 -44 122 -51 56 -4 -74 78 43 -127 1 -36 -1 -94 -26 -18 48 -93 78 -26 -106 -68 -54 -86 73 29 104 17 99 -83 127 -104 -25 14 -14 -39 54 17 -113 48 72 -105 -54 111 106 -84 -64 120 -31 -32 27 -118 -44 -67 18 7 86 -73 75 -25 -7 -61 -15 96 -76 76 -32 69 36 -20 -39 -42 72 84 67 70 98 119 1 -103 22 121 66 -68 -5 28 -99 74 111 126 1 3 -47 -108 -7 -70 -93 50 54 123 -74 -15 90 17 -47 111 -81 77 122 -1 -26 -122 92 101 35 61 107 27 -20 95 105 54 18 -20 -8 63 92 59 37 -25 99 5 73 4 6 -74 -124 -13 114 -108 106 11 -124 41 -60 -7 -21 -3 -18 -68 -69 91 35 -51 6 -4 -114 -5 -18 -119 -73 -57 -57 -105 84 91 -89 -108 87 -53 -116 122 53 17 93 -65 -43 -95 -30 94 73 67 44 -83 115 -110 -56 108 98 -33 67 -25 -73 -100 26 -65 105 -98 87 -120 -52 49 105 -51 -68 -42 107 26 -104 -14 117 51 -105 124 20 127 50 48 94 -22 23 45 19 -45 -50 -40 -104 97 74 -107 19 -17 20 -76 -73 46 -69 15 55 -25 73 11 76 -22 121 -89 -107 -3 85 75 -69 -60 16 -112 -72 113 -72 -116 48 116 42 -59 -109 7 3 94 -53 90 89 -64 70 41 66 118 -30 89 114 49 -37 -26 -31 -22 26 -50 -57 96 18 -66 -46 116 124 -2 -56 -58 -97 26 120 41 53 -30 114 39 -75 -86 70 -100 29 88 113 -108 85 -5 -77 -29 -41 -35 -11 -112 -37 -55 61 -115 126 51 14 60 -38 -115 68 -28 -36 -46 -75 -126 -18 -12 -3 -71 -93 -94 -39 28 0 2 -101 -78 -89 -5 -96 91 -109 86 3 -40 -72 -15 7 -68 -39 25 53 37 48 86 120 -39 11 47 14 -16 110 -84 -84 -49 -29 4 -73 83 -53 31 53 -43 -53 -49 112 113 7 -84 32 -34 -11 46 -92 15 -13 17 51 -24 -24 -19 122 -109 -85 12 -58 -27 112 127 56 37 58
e 20 -21 7 13 -26 -28 -13 1 6 -23 -14 4 -14 -17 16 17 20 19 -42 3 7 18 -3 -21 18 -14 -47 14 -49 -11 49 -1 38 1 -42 -33 -23 -5 -51 -18 5 -46 18 -62 40 48 -15 15 -26 1 13 1 -16 17 -15 -24 44 -1 37 35 14 15 -1 -17 1 -2 20 2 -28 21 43 13 18 24 -33 -14 16 33 49 7 20 1 20 49 42 14 -23 -3 -23 -24 60 -10 3 48 -18 -3 -15 -18 13 67 -13 22 16 20 25 22 -26 -10 15 16 -5 7 7 5 2 -3 0 28 0 3 13 -3 -15 -35 14 -16 7 -3 14 -20 -35 -14 14 1 -2 -23 -2 -18 -31 76 -10 33 -10 3 62 29 -5 13 -4 -5 -20 -4 -4 -25 -5 -7 -10 6 25 -3 12 -7 3 -16 -19 0 13 35 -48 7 -28 -14 28 -6 -16 -17 4 5 4 -24 -1 32 -23 2 7 23 -18 7 21 -10 21 -4 3 4 -11 14 11 32 4 13 -17 -4 51 -17 6 51 -46 12 46 -40 7 -40 -15 5 -15 -13 -17 -7 -51 -20 21 -83 -21 4 40 13 11 15 -1 32 21 14 23 17 -13 -1 51 -1 52 46 -14 3 -45 20 18 -15 20 14 -13 -21 49 -22 13 -40 -1 1 -14 -16 20 -64 5 17 -1 -18 35 42 -48 21 -3 -15 -18 18 28 -16 -48 -13 -49 15 35 -1 1 15 -42 -16 1 3 -5 2 -18 15 23 48 1 -24 -15 2 33 1 -28 -7 -16 -13 22 -5 35 14 15 7 25 -1 -20 10 27 14 3 28 -31 -18 13 -24 -13 -35 33 -20 -7 -18 -14 -20 13 16 14 20 42 23 25 -3 24 -35 0 -35 3 3 18 3 -10 27 0 -3 -20 3 -14 25 -14 -1 -10 -42 2 37 5 18 -3 -1 -12 44 -11 7 -3 18 10 -14 -10 4 16 14 4 5 -23 -6 -1 4 -4 -2 -4 16 -18 -6 19 -45 -12 -7 -3 -7 -28 -14 5 6 -35 7 -11 4 43 -32 6 6 -23 -12 -4 -12 7 16 21 5 -19 -4 -7 7 22 28 30 13 6 4 17 4 -15 -59 -16 -32 46 -19 23 -40
s 100010111101100010110000001000000000001100001011001101111011100011001100
m 5 44 99 -28 2 -79 -38 -58 15 -32 -34 90 -26 -79 -55 103 -3 99 72 61 -112 37 27 92 -99 -16 -9 14 33 85 31 -92 -106 59 -15 -50 39 124 14 10 -63 -78 -66 69 39 73 0 69 82 -81 -85 89 -54 103 -13 -119 -119 -123 106 78 -64 22 -95 -38 73 18 -20 -80 -106 -120 -35 -12 -18 -41 -101 41 90 -55 62 109 -12 -82 -122 107 74 -69 28 -62 84 94 78 -38 -108 -32 -112 17 1 119 -25 -22 -44 -78 12 82 93 -69 -55 -47 47 -77 -16 19 -21 -103 -71 56 45 44 41 115 13 61 -117 9 92 70 -84 -46 -34 59 101 -5 -19 -77 36 -46 36 -13 -122 101 39 6 36 -46 65 -126 31 -91 -30 -120 26 -58 54 53 -87 20 28 54 58 73 75 -112 122 41 -89 19 -76 43 -17 -36 109 103 94 -59 -126 -61 9 69 125 -89 -116 67 125 98 21 -112 92 -30 90 33 39 12 -127 4 -47 -53 9 67 124 -31 -8 127 4 35 -121 -63 -18 58 61 -79 -126 106 -94 117 -6 -109 -65 67 -71 -2 47 -83 50 -40 101 -104 -51 -50 -33 52 -53 -81 -13 73 -76 28 -93 81 13 123 86 -78 116 -76 -79 123 104 -6 85 94 -56 -101 -98 74 -93 -27 101 117 -41 86 102 50 65 13 -2 78 43 105 -38 71 97 67 105 16 3 -77 126 -107 127 39 -126 -91 -65 -42 42 50 -35 -13 122 89 -59 44 -8 -11 82 -70 -105 -35 -83 105 27 67 -16 -81 -20 -3 -87 -18 61 -84 44 77 -97 61 16 25 18 -81 126 -83 65 76 -33 85 -48 -92 57 2 44 59 78 -40 107 -60 -57 -4 51 -96 89 17 29 102 -66 87 70 59 115 104 -34 52 -42 35 116 10 -107 -11 -108 1 -97 -7 44 0 -83 117 -112 62 31 83 -7 74 -82 -89 -38 -46 60 63 -111 85 50 -90 -13 114 126 -73 -10 56 -34 -50 25 -72 92 -5 75 -107 -118 126 20 -44 90 -11 -51 -100 120 -55 42 36 28 -70 -82 -22 74 59 -125 -9 -3 -14 117 -71 109 -118 -109 83 109 -120 67 -73 -124 -114 80 -96 -107 -102
e -2 -2 3 12 -39 -45 12 24 -49 24 23 8 30 -34 -20 34 2 -30 12 24 13 16 34 35 -16 6 4 -6 28 8 29 25 -46 -25 -12 12 -11 31 4 12 -31 16 -9 -3 -70 -3 -1 6 0 20 28 -20 11 7 25 11 -8 24 -20 8 23 -42 -7 -44 7 -12 2 12 22 2 22 12 -33 -10 -6 -6 -16 -6 28 -16 2 25 2 3 12 -3 -16 -24 -16 10 9 -25 1 3 -57 -1 0 57 39 31 22 23 -24 -23 31 -31 -31 -25 -20 -10 56 7 -4 14 12 4 17 -22 17 15 -11 15 -50 18 50 10 16 41 5 -2 0 30 -3 0 32 16 32 -7 -10 7 29 15 29 41 58 5 7 22 -18 -7 -30 -18 10 31 -10 48 34 18 22 -1 22 5 4 20 30 36 -3 -30 -28 -3 45 50 45 14 -10 14 12 -14 8 -20 0 46 -12 32 -13 12 7 13 35 32 42 -4 41 -8 -8 5 42 46 18 47 -31 10 13 7 -18 -4 54 22 -16 35 5 -35 -6 7 -44 28 -34 -13 -4 2 35 16 -2 4 -35 12 -8 -6 24 59 28 23 37 7 12 -35 -4 -24 14 -16 -23 -24 -35 -34 -16 6 -2 13 -28 -2 -28 -7 12 16 20 28 -6 -11 23 28 31 34 -25 9 2 12 -3 -2 -24 0 16 9 -22 -6 -28 11 28 0 8 -25 20 20 -12 11 7 24 -56 16 9 -20 16 -3 -17 -36 0 12 -6 20 22 -16 -11 -11 2 -31 -8 -17 20 42 31 -7 -2 25 12 3 -1 -31 -25 -57 -11 -10 -22 8 -6 -23 16 -57 65 -11 -22 10 3 23 -14 16 -31 -19 10 -25 17 6 -1 15 -57 4 29 -22 17 -41 23 15 5 47 50 0 -25 -34 -32 -14 14 -9 4 9 -22 17 -32 -5 15 7 -28 50 -29 -18 -10 41 10 -14 5 18 0 -18 -8 32 10 -20 -7 18 38 -29 32 -3 -41 55 45 5 -7 -14 27 -3 8 -48 -63 -46 18 14 -12 22 8 13 5 -36 35 7 30 4 -32 19 6 -45 35 28 14 -4 7 -8 8 -4 -20 -46 -16 30 12 35
s 111100010101110011111101101001010111010100000000010101010011000011001110
m 79 106 -37 -88 -90 55 90 46 55 -16 -67 -108 -59 -90 -123 -104 -71 19 105 78 37 105 125 -47 -28 -82 -115 -52 -10 116 87 -26 17 -104 -77 -123 -74 89 112 4 22 -51 84 82 -21 5 -85 -21 -34 123 97 -86 -118 44 123 89 109 -116 68 -125 120 -30 -116 69 51 92 -47 -1 124 -14 85 -124 11 -59 -41 46 99 40 -19 -20 -54 91 83 -43 -117 123 -88 113 42 109 111 22 -84 69 88 -60 -76 63 -119 -6 4 44 16 -95 32 -99 -89 -83 13 -99 126 -6 34 6 82 -15 56 42 111 86 -43 -82 -74 25 -92 6 107 -60 -1 -40 87 71 68 46 81 -51 -16 -88 23 110 108 -47 18 77 7 -1 105 117 -64 91 61 10 -81 102 87 -30 -36 127 106 94 -38 105 -45 -109 -117 -73 85 -85 48 -12 7 -98 114 3 -8 27 119 -108 -96 -19 87 30 47 -5 -69 82 31 120 -15 118 83 -113 23 46 -104 -102 -112 28 -125 12 -39 -88 -117 102 -13 125 51 -84 64 -103 -75 120 -72 -66 -38 60 -73 19 112 83 55 -11 -52 112 8 90 65 -43 -8 -110 -117 69 37 28 -95 5 -110 122 -21 51 -117 80 -63 45 -81 24 99 54 48 86 -52 -61 -52 -53 44 -111 -39 43 -87 4 10 121 -92 -61 69 126 117 -53 -29 32 -33 -79 -48 109 -118 -97 -19 -50 -66 -47 41 -60 13 -32 -18 -126 51 -49 -55 95 62 -114 -123 116 -98 38 -51 -27 11 -121 45 -8 98 15 -38 -77 -78 121 100 -1 -119 72 -14 -18 -116 -90 114 -35 -25 75 17 -92 87 118 83 -124 47 43 -88 -127 -3 43 -72 44 71 99 -11 -5 31 72 115 55 1 -119 -66 101 -51 -81 84 63 18 125 -31 -62 55 -57 -54 -69 21 89 110 30 -71 95 -99 -18 97 -62 81 -9 55 -13 -74 25 -97 116 99 -64 -1 16 94 36 -3 -27 -79 18 64 93 -114 -94 14 115 70 20 -91 60 34 -109 -117 22 -86 57 -11 -109 -69 25 -88 75 69 -123 -62 18 32 -126 -8 -109 43 17 -70 -73 -106 -53 -116 100 -122 -112 -111 91 58 69 23 -106
e 42 13 7 -46 -13 7 46 -7 3 7 52 77 59 -40 17 -40 -42 -28 -12 -26 17 10 -26 -14 -10 -35 -41 -35 -4 57 4 5 25 5 12 21 -14 9 -97 49 9 -10 4 -5 7 -61 28 21 28 -6 -11 6 -14 -25 46 -7 -22 7 12 22 -52 -12 -1 40 1 1 -61 -13 -10 -46 -10 7 25 -10 -35 35 -18 36 -4 73 35 -5 -35 3 12 -3 -37 -26 39 10 4 5 53 -5 1 61 28 1 4 24 -15 -38 28 38 63 -9 -28 -5 27 6 6 -1 -14 19 1 30 -28 -10 -28 -42 7 42 -8 -34 -8 -7 -18 -13 -16 38 1 1 -3 1 5 -37 -5 28 10 -28 -16 -35 -49 13 1 16 -16 -4 9 -16 -38 -12 3 28 -3 -10 -5 10 -22 -53 22 -1 14 17 17 28 -7 17 -49 7 15 -8 7 24 6 3 -77 -6 77 24 1 15 -21 -14 -17 -21 -55 17 -42 -16 14 -41 13 47 -57 -1 -57 15 9 -42 25 3 97 -25 -10 -97 10 22 10 7 1 -7 19 16 19 -11 -40 33 -97 42 14 -45 -13 41 -19 46 91 19 14 -15 11 -52 -21 -35 -46 -23 98 -7 12 10 52 -26 7 61 -10 -19 42 35 -11 13 -4 25 -77 -10 -6 7 -41 14 52 9 14 40 5 -4 42 -12 -5 -13 69 -30 -10 -4 10 35 5 7 -4 28 22 5 -6 -12 -19 -14 -1 26 9 -1 -4 12 37 5 -1 10 28 1 -35 6 -37 18 14 22 -35 9 22 3 -12 -18 28 -6 35 5 -1 3 53 10 37 -1 7 10 -4 22 35 -38 -18 -1 8 -35 4 6 16 -39 -6 37 28 -14 -21 -20 -45 35 -53 -42 7 14 16 -4 28 -13 -38 -42 1 28 -8 -1 5 6 -5 53 6 -28 -14 1 22 -28 -5 1 -42 28 -16 -28 -16 9 6 13 3 6 1 -10 -27 -9 -77 5 20 17 28 10 -17 -16 22 7 21 -1 7 1 16 3 -9 7 -57 -3 -7 15 -12 -3 21 -34 83 17 -1 17 -14 -58 -17 -41 11 -17 -19 7 -14 11 -3 -41 25 -77 -57 97 17 15 10 -17 -33 7
s 001011100100010010110111110000100101000001011010111001010101011111110000
m -79 -73 -75 50 25 43 74 105 -6 108 -97 -56 -124 -1 74 35 0 88 -9 24 -67 70 -76 70 -108 -106 -48 -29 11 104 88 -29 -3 -109 -6 80 -85 67 -57 -87 10 96 62 -85 8 104 -83 -78 -112 29 31 76 -13 59 -112 29 -20 89 39 -26 81 65 -75 -47 -51 10 12 4 46 -86 74 35 -5 -91 -123 -66 37 -26 -97 123 -101 41 117 -109 -62 -33 -35 -77 39 49 126 78 26 -74 -35 55 112 -78 -66 72 99 62 -48 70 107 -43 45 0 -23 -50 27 54 43 -82 42 -5 -43 -86 -125 -58 91 77 79 90 -119 -33 116 -118 -37 -51 97 -21 -69 71 -28 -84 -14 75 -89 -106 -98 37 -21 81 45 100 46 -79 -88 -101 86 29 95 18 122 -116 91 -5 -16 -79 -3 -78 -44 38 25 -99 -99 -60 -63 28 3 -73 -56 126 -98 114 -46 97 -119 99 -83 -52 -103 51 30 108 75 -99 -57 56 76 105 18 77 -10 -61 119 -122 -107 -120 119 -105 -105 -114 120 -21 17 53 80 -74 91 -66 -93 -108 -97 -44 -100 -35 -16 -64 81 91 102 -98 -16 -126 -22 80 -19 84 -13 -122 -38 76 -22 31 50 -66 -78 23 17 20 39 -110 -92 36 17 -67 -72 91 -46 51 71 -91 -32 108 21 13 -17 63 -125 -13 100 95 97 -27 29 74 68 53 67 -65 -3 -64 -46 82 -14 60 24 59 5 -50 47 -110 33 92 -107 59 63 -50 -33 35 8 71 -112 118 22 32 -33 86 64 31 43 33 -42 21 116 -106 62 -102 -99 -11 40 16 14 108 -8 107 -123 -75 59 71 1 -75 -53 39 95 72 -47 50 -71 -89 -6 15 64 78 -73 -19 84 28 -32 -85 -65 6 87 -59 -84 67 21 -54 63 -46 56 72 -62 -43 -11 -58 30 -92 -118 104 -47 -45 59 -45 -105 10 -108 23 76 -119 82 -108 50 83 -30 127 -74 86 -111 90 40 -117 84 -49 41 -18 -93 93 -52 -18 -103 84 7 126 -57 108 -126 -100 -93 64 -116 75 -75 -127 48 -91 19 -20 4 48 118 -70 78 104 -123 -120 -19 123 -126 -117 -50 -6 50 63 77 91 17 116 51 71
e 0 22 -25 -20 -64 -3 -20 17 -66 17 15 -6 15 12 18 -1 -11 22 6 18 -27 -5 -18 -4 5 19 62 19 -13 9 -10 28 -46 26 8 34 12 -9 14 -55 -29 -15 56 -26 -14 26 47 -32 47 -5 12 -5 12 44 20 28 -21 17 21 -18 -15 21 -7 1 -7 4 0 9 3 22 3 26 59 -43 -1 19 -47 -1 10 -33 -38 -26 38 -14 6 -14 -7 -18 7 63 55 0 13 -26 -35 13 -47 -31 -42 -5 42 19 12 19 16 9 16 -10 -35 -29 -6 7 -5 6 4 6 40 -3 38 48 26 -48 21 18 -21 -38 -33 -16 -19 -38 63 -27 -14 63 -10 -7 -10 -9 -43 9 16 1 16 16 31 -16 7 -42 26 -7 19 -50 -35 40 -35 5 0 43 3 -13 14 16 5 18 36 38 -25 -22 48 66 -38 -21 3 6 -29 6 -6 -6 -6 18 -63 -3 -34 10 31 34 -9 -27 4 -16 -4 -42 46 -42 -20 -19 9 -3 26 -12 44 35 14 -44 -5 14 -15 -3 -15 7 -16 7 -32 -7 -32 -12 1 -27 19 0 -4 -15 -22 42 7 20 -9 32 -58 3 -28 15 -45 44 44 -26 -14 -17 6 -15 -15 21 -7 1 5 69 0 19 -12 -22 10 44 -20 5 5 17 -26 -12 15 -10 9 1 -26 55 0 6 31 -22 18 -53 -5 -55 -29 19 -26 26 10 -47 18 -26 -26 -21 -6 12 7 18 9 4 55 -21 -7 26 29 43 47 4 1 -5 -3 -33 -12 26 45 -9 -18 14 21 33 16 -7 -38 0 4 19 23 3 -14 31 -26 -43 42 18 20 -19 33 31 21 38 -52 29 -14 -19 24 7 16 -5 -43 0 -38 1 -13 48 -31 -5 -16 -42 38 16 55 51 19 -16 21 63 0 -29 -13 -13 -6 9 5 63 3 38 10 16 48 -66 -7 49 -16 26 29 -16 -35 -6 -19 -5 -63 -26 -6 10 -44 -18 -9 5 22 19 3 25 -16 17 3 19 41 6 26 25 -9 35 3 3 5 6 -34 3 6 -27 -16 -34 -17 7 22 42 25 27 -32 3 4 12 -6 42 -45 -41 9 -14 18 3 -15 22 34 -7
s 101001111100011011011110110110010000111110110100100110100100011110111100
m 78 -20 -102 -38 -93 97 64 28 22 116 99 97 105 86 94 114 29 31 -54 56 53 15 -44 -49 16 -2 -93 3 -62 -64 -26 -50 -37 -67 102 -104 68 99 46 28 -45 84 -98 -104 -126 -6 -82 -125 87 -75 63 -117 89 48 62 4 -10 122 6 -38 41 -53 46 17 108 8 -29 -80 -23 -21 -8 95 -101 -59 -74 -103 -46 -2 -66 -76 40 -100 -79 -57 -71 43 97 68 112 -101 -62 -34 107 98 41 83 121 63 -21 -40 -83 -66 -86 -81 117 49 115 -29 94 0 -71 44 35 -41 4 67 -81 -89 21 18 6 -8 37 -39 91 13 34 58 113 -119 29 11 63 122 -125 -31 94 80 38 -4 35 121 28 -32 60 -27 -127 115 -90 64 7 -44 -117 -27 42 -112 -15 -115 -3 -48 -50 -103 8 -17 90 4 2 -91 113 -53 120 94 37 -97 31 -65 -38 15 117 94 20 36 18 -87 -46 -88 89 57 -89 67 -125 -96 -70 -124 0 98 120 109 104 99 -7 64 -84 27 24 11 88 -95 23 -98 41 124 27 60 31 -15 85 -29 -32 -48 5 -23 -109 24 -43 10 -126 77 57 -79 50 -67 65 73 123 -109 -67 -78 -100 96 12 27 60 -109 -26 -30 -102 61 23 45 102 -6 41 69 7 88 79 51 -50 -64 81 -126 -73 101 9 -122 77 105 -66 49 -86 117 102 57 -22 124 -43 26 -48 33 93 -37 -6 -72 123 100 64 -45 -100 -78 122 -125 20 -44 -49 -25 -88 -127 104 -44 -11 -79 93 -48 109 112 62 -44 98 -8 48 -117 18 70 -127 68 -98 106 -104 -71 42 94 10 34 33 -86 -102 41 -36 68 89 -58 -15 62 -46 17 86 -11 53 -124 -43 -105 -81 -116 -116 127 69 -49 -115 -77 114 3 96 3 105 -88 61 -118 -53 -93 40 -88 125 74 -103 -46 -72 -42 111 125 -43 70 20 -97 33 103 -89 18 19 -99 86 127 66 -76 -120 -121 -6 124 110 39 -35 63 -77 -110 52 -65 -71 62 49 -6 34 -84 27 5 -85 126 91 74 -102 107 -23 56 8 127 -26 -15 -44 -121 -33 -54 -87 -77 -70 17 127 -29 -65 36 45 121 116 24
e -8 19 -2 -9 18 30 9 -50 5 -25 -11 15 -11 15 -15 15 -8 6 6 24 -14 14 -24 -5 14 3 21 -2 -23 0 -38 -29 -32 -29 -6 16 10 -40 -10 -55 42 21 25 6 -21 20 23 -24 -23 -7 14 -7 10 -6 9 -6 -34 -25 -33 -9 -11 6 7 75 7 4 8 -4 -7 18 -21 -4 -14 34 -2 2 29 -9 -23 29 -36 -29 35 38 6 -50 -28 24 -28 34 25 10 38 -6 53 38 -23 36 -32 -7 -19 -7 -10 -7 3 -40 3 10 -6 12 -14 7 7 -14 7 7 -4 -7 4 -7 -4 16 80 -9 33 0 -29 -28 10 35 3 78 -38 3 -54 55 54 4 -39 -37 -25 2 -31 31 36 36 46 19 39 -46 30 62 -6 -3 6 16 10 16 -44 -38 -3 24 15 57 6 19 23 -6 -7 -2 30 33 30 -5 0 -5 -15 14 15 -15 3 32 -57 -54 14 16 4 -14 -5 -25 -5 21 28 21 -43 10 0 32 -39 14 6 6 10 -6 -16 -26 21 -3 21 -21 -24 21 27 -46 24 -21 15 14 10 8 21 -21 18 -68 -21 34 0 24 -25 -32 14 11 -16 -6 9 -29 10 25 6 21 -36 39 21 -15 -14 -24 8 -2 14 -18 23 7 9 14 35 -25 -2 10 11 -23 -40 -15 -29 -25 -26 6 -6 -18 -24 -23 -14 -25 7 -2 6 -4 -23 -43 -9 44 7 6 48 -10 7 24 -40 -4 25 6 -28 6 7 34 23 -4 -2 -7 7 29 -45 4 -35 40 9 -38 -6 29 3 -18 -35 10 4 -38 -38 7 28 36 4 34 19 9 2 7 -30 -36 -33 -35 -19 0 -38 -7 -14 -28 -3 7 -34 14 4 -2 -42 7 -36 -7 25 19 4 28 -7 7 10 24 33 17 -10 0 77 -38 -14 -4 7 -3 3 4 -54 24 7 -4 -46 33 25 -39 0 28 6 14 -10 -21 3 39 15 54 6 15 -4 16 -7 -25 3 2 28 -24 -30 -10 -49 -5 39 2 0 -29 33 -32 -16 20 16 3 15 -14 24 -15 -5 -46 6 -21 -2 26 -24 -30 -5 -14 -5 21 6 34 0 10 15 32 21 6 -16 38
s 011110000110110010011011011100010000111010001111100000110100101000000101
m -122 36 55 9 -6 121 -82 37 14 55 68 -79 -87 -74 -18 54 -92 113 -61 -64 -99 -9 43 62 71 -6 64 45 110 -101 -63 104 -63 122 27 62 78 -116 -33 -96 17 82 -35 85 -92 -42 61 -59 58 -80 97 -26 103 -60 -79 93 -104 -101 76 60 -8 -67 -112 92 -3 96 113 -56 -106 -34 118 -114 73 65 -105 31 -18 57 4 15 89 59 36 8 -123 74 38 -100 9 -49 80 103 -58 -16 60 -37 -99 -94 69 25 -40 27 108 123 82 101 33 32 -127 -8 22 -86 116 95 -2 52 -68 115 100 -67 105 20 126 55 47 -73 -100 -28 108 24 -28 -87 1 57 88 6 -59 103 -91 52 26 -43 -81 -13 -46 66 -23 -64 31 120 -17 63 -22 88 -31 -127 121 78 -88 -118 -33 121 -35 -50 121 -62 3 -57 -27 -71 53 -39 25 -91 -9 -126 50 -72 -71 -50 -84 40 88 -54 67 -111 97 56 -116 58 -91 59 127 79 -126 -21 29 60 1 101 -54 -124 106 -20 48 102 -120 65 -71 -48 0 -101 23 20 -82 -50 103 87 -98 19 0 -7 -33 -69 -73 2 1 64 6 -32 -88 75 3 -38 50 104 103 8 121 -125 -104 18 64 -119 -127 -37 -92 -1 -101 -30 118 -93 -68 -53 -126 -65 -126 -21 32 -52 103 9 -6 78 -7 112 41 -67 -82 68 -117 -80 26 86 -12 48 8 -25 4 105 120 111 8 -119 -50 -23 18 110 -112 31 13 -126 42 -3 123 69 58 -59 40 -1 -47 77 16 -54 35 88 -93 43 110 4 -77 121 64 102 -60 -102 -109 126 -55 -95 -104 80 15 -5 109 108 -29 4 -34 -95 95 56 85 9 -25 -85 -94 93 -112 -15 42 -110 -45 19 -99 -46 -83 4 -26 101 -94 96 -82 106 26 -79 -15 73 -29 -2 -115 64 -42 -78 52 105 85 -119 95 61 126 88 -14 31 73 -24 49 -95 26 121 -72 50 -68 -91 115 3 -57 99 -10 -118 40 39 -12 -13 -114 61 13 1 -101 -2 -26 74 -22 17 -77 92 110 110 77 -28 -63 125 -114 56 -102 92 124 -94 -124 -7 -110 96 -100 -62 124 -48 33 42 20 95 -103 89
e 7 -6 1 -2 27 11 2 -6 -15 -6 7 44 -7 8 25 -8 7 -50 7 -16 -49 -47 16 0 8 1 49 -1 4 1 -4 6 -28 6 -7 -3 19 -15 42 31 16 7 69 -11 -42 11 22 -21 22 -22 7 -22 19 18 2 -42 -4 6 -28 4 -28 28 3 -8 4 -2 -7 2 -23 6 23 42 8 -3 14 -1 1 -14 7 -1 4 6 4 -1 7 -1 6 -16 6 3 -31 23 -33 11 -40 -37 -22 40 30 23 -30 -5 19 -5 -22 15 -22 23 28 8 -21 3 17 -20 49 17 -55 23 55 -18 -42 24 -26 4 -26 7 1 4 -12 4 -23 12 -7 23 -14 8 14 -2 3 -2 -51 14 23 4 40 0 -18 -30 -1 18 5 -1 2 -22 2 3 23 -3 -9 -33 -9 0 -17 16 -50 -60 1 50 -18 -1 11 26 11 13 7 13 -55 20 44 16 -23 28 -3 14 49 3 -2 59 0 -23 0 49 -4 49 1 12 -1 28 -12 7 18 2 -29 34 -3 -29 -7 9 -7 -56 35 -42 33 21 -21 -7 -8 49 29 -7 55 -18 6 -49 -42 -8 -26 21 -7 -35 -7 7 -55 18 -2 6 -29 -6 -7 -7 -7 21 42 8 -8 -21 7 6 -7 6 4 18 2 -8 -22 6 1 -42 7 -4 15 -48 -52 -31 17 -7 -11 6 -16 22 -8 31 35 -1 14 -49 4 -51 31 6 22 -28 -24 -19 3 -16 15 -2 31 -59 6 11 -3 43 22 -2 -14 -22 23 14 -19 -42 4 -15 4 -1 28 -1 -22 -3 -4 23 -2 -1 -33 -23 -6 -40 42 3 -30 4 -14 15 -1 -40 35 14 -35 7 -1 -5 -20 6 29 -17 3 23 -55 14 33 -18 41 31 23 -30 -55 -12 5 18 12 -22 26 23 28 7 44 33 20 46 -17 23 -9 -55 -14 0 18 2 18 -26 -23 -1 7 -4 -2 20 -12 3 25 -1 44 -14 2 16 -2 -20 50 -23 -29 -1 -4 0 -22 19 -18 -13 -1 3 1 20 -11 28 3 -13 3 9 -44 49 0 16 0 18 50 52 -1 49 21 -11 0 -44 13 49 18 44 -1 29 -16 28 7 -50 3 42
s 110101100100000100011010001011100000010100011100001010001001111001011111
m 116 -45 -49 38 97 -48 -72 -20 10 -1 -24 -80 65 -113 -99 44 -56 99 36 51 97 34 127 -80 95 -82 -1 10 -52 -126 -113 7 -105 -96 39 -11 -76 -30 13 74 4 2 -89 117 -21 38 44 111 93 -70 47 -28 98 44 -95 49 72 -55 -84 -76 10 106 -93 53 89 63 4 77 10 -24 -92 -71 -40 -21 -56 -93 43 105 -56 55 21 -79 70 31 105 49 68 -77 -81 -29 62 -91 -19 -111 124 126 -19 18 -9 65 26 76 22 -15 -74 24 77 -114 57 -120 92 -83 -65 -55 97 -41 -91 -64 111 78 104 107 -12 -122 109 51 35 105 30 -47 59 -86 63 38 -11 4 58 46 124 -62 102 -104 -47 15 -91 5 105 98 -53 16 112 93 99 -44 -20 -4 -40 -67 -34 -88 -97 -124 56 -37 -64 -91 62 -10 -11 29 67 -23 -72 124 -92 -51 -45 24 -5 91 77 -19 -53 -33 8 94 22 38 35 57 -26 -55 -108 21 107 -53 122 -79 -27 68 102 71 79 -76 43 103 -82 127 -106 99 74 -98 -104 88 -113 -73 -7 79 -109 -74 82 -33 -39 58 79 97 -64 -12 -64 59 -108 -81 20 119 62 124 9 17 -105 -3 -5 89 -40 19 80 -45 121 91 -106 119 123 34 -14 83 -111 93 -107 -96 24 -67 29 -75 -102 45 -87 -74 -111 107 -113 -86 -31 42 93 97 -126 -84 -99 126 -1 74 60 -50 12 8 -76 -52 87 35 26 -12 -28 127 58 -1 -23 -119 121 37 22 -73 117 -27 -97 -50 35 -95 6 14 95 -36 36 -70 -41 -84 -115 -114 -36 8 64 69 -120 -100 -42 14 -86 -3 -113 -78 8 117 -3 115 -27 53 -70 119 50 51 -122 -66 39 119 102 118 -42 -25 -51 116 -93 -87 -124 114 11 70 -66 -99 -70 2 12 79 -11 46 -57 -90 86 91 -110 -97 75 -85 63 42 -112 -40 13 61 -10 -91 -8 20 -127 -93 -93 -100 -87 48 69 -29 40 126 106 10 -7 -44 122 -80 -7 52 38 -22 -118 -102 12 40 -126 -33 -109 -113 -84 100 90 93 -99 -94 97 -96 -78 53 59 63 115 -21 104 -53 123 -74 -41 83 -120 -73 105 28
e -4 -21 26 13 21 -7 -13 1 -35 15 5 -5 -5 -7 -33 7 4 -9 11 -46 -7 -28 -45 23 -28 9 19 -72 49 -34 46 65 -17 -7 11 -18 -7 -4 8 -23 21 3 23 -34 -25 -98 -17 11 -17 -25 56 -33 7 30 -13 24 1 1 6 -1 -5 -6 32 7 -32 -31 -49 -31 -20 -35 9 -24 28 -1 37 9 13 -37 46 13 -32 -7 -19 3 11 3 -4 45 4 -1 -23 35 2 34 -3 -2 21 -3 7 25 -7 13 7 -13 39 4 -39 35 -6 -45 11 32 10 -11 -31 10 -45 9 45 -10 24 -10 10 -1 -10 81 13 14 -9 19 -7 9 3 -7 29 -25 -10 20 1 -20 26 37 -26 35 3 -9 14 -7 7 66 13 -7 -12 62 12 -11 45 -4 -29 2 -29 5 -10 -36 9 -45 -26 56 69 -43 7 10 -7 -9 -45 9 -5 11 -40 33 -7 -52 -10 10 -34 10 41 -7 -23 26 31 1 -14 -1 34 9 34 -17 7 42 30 -12 8 -30 4 8 -2 29 -2 19 -5 -19 -11 14 -11 -42 -17 -7 -8 4 -23 -2 -21 -1 19 13 -34 -40 1 17 -42 5 10 30 13 7 12 -1 -11 -2 9 -45 -19 7 -28 -11 -4 -9 -42 21 -46 39 -34 -28 -25 -1 9 -7 -5 46 4 -7 -7 -23 4 -11 34 21 45 17 30 -23 -9 -9 34 -24 46 -17 -31 7 25 6 32 20 32 45 4 -36 -37 6 4 -34 -32 -19 17 31 -37 25 -9 -13 7 -43 19 -4 1 -3 -11 31 -39 51 -19 35 31 -3 2 9 4 -3 24 1 7 -1 49 14 -13 7 10 19 -8 45 -28 13 -11 -4 39 -10 1 -35 -45 37 -2 -10 -3 -10 -26 7 -79 14 -13 10 9 -39 -11 -7 35 -45 10 -17 21 20 36 -7 -29 -45 -10 -5 10 -20 14 10 26 -7 -45 -14 -18 11 27 -4 34 -7 -5 10 12 -33 -20 4 -9 -37 29 -26 14 -5 -42 9 14 9 18 -26 56 12 -7 -17 4 -9 -10 -30 -5 7 5 33 -23 14 9 1 -26 7 -11 7 -23 42 -9 1 30 -5 34 -8 -33 17 -2 9 10 19
s 100000111001100110111000111111110000001101000111001001001000010010000111
m -10 93 -124 32 -39 -44 -103 -27 -127 23 23 -96 -16 120 -116 57 78 -28 -70 -37 105 71 63 -51 122 38 115 48 25 2 20 -27 46 50 97 -29 28 -68 -40 -10 117 50 5 54 29 -93 -126 108 58 -69 -75 33 -115 -44 -52 90 -115 29 33 17 -121 -67 -25 38 -92 -62 4 -106 -89 -1 70 104 -45 90 58 -55 5 52 34 69 52 65 -12 95 61 80 -114 57 -15 -106 79 105 111 -50 -82 -51 -118 -7 -2 103 -108 -50 31 123 57 85 97 -109 -32 15 46 113 109 -99 124 -25 51 -16 26 -122 111 -25 -41 62 -44 59 98 90 -50 32 -118 11 -3 -39 54 -39 74 15 -42 120 -81 -115 5 -86 -56 89 -22 55 16 -17 -114 -9 40 -11 95 -78 -58 -63 17 80 86 -11 -64 -102 -17 122 38 -12 116 -11 51 -79 91 56 97 -70 -57 -51 25 70 35 67 -59 111 -83 -125 26 82 36 -127 -7 12 112 -41 75 111 127 -77 -77 -23 73 -14 -25 -97 99 -102 -1 -5 -27 39 13 -50 -96 40 107 87 -92 -21 23 30 65 -32 -99 6 -10 -65 -99 -34 102 -104 96 62 -116 -27 105 56 110 -1 83 47 14 17 -67 -61 -14 -103 -108 -36 -54 118 -71 -40 121 -53 110 -107 125 -2 10 -94 26 105 -77 34 13 86 105 35 -13 -72 4 -12 -15 -114 120 10 52 13 100 -85 -40 -2 -11 83 127 34 -116 -43 -19 59 -66 -15 -57 50 23 10 -126 109 6 39 -5 35 -58 -27 -51 58 19 76 99 -90 80 -44 -109 -8 -45 -101 7 56 -50 -12 -62 80 -77 6 -91 71 -83 3 50 36 110 -72 -79 73 -49 -64 115 -108 -65 106 0 87 -113 -47 -100 43 -14 104 11 28 -65 -91 57 64 -92 -67 -35 56 73 68 -14 -87 47 -118 19 7 22 78 102 -2 -123 -69 25 -76 123 -97 44 67 50 -75 -63 69 19 100 89 34 18 24 126 6 -71 76 41 -24 27 107 72 16 -109 115 83 14 7 76 7 112 -31 95 -123 114 -105 -6 -72 110 -104 -40 -63 41 92 -47 -57 -76 88 -5 0 -33 -48 110 127 127 99 -53
e -4 -1 6 46 1 36 -28 1 -49 -1 9 5 -9 34 42 34 4 -11 -10 12 -19 4 -12 -7 4 32 6 32 -18 0 -22 44 -13 -24 10 -7 2 23 -21 -5 -23 -1 9 -14 9 14 12 -30 -12 29 21 -35 -2 24 -28 -9 -15 -1 2 45 -9 -2 50 50 22 9 9 9 -6 31 6 -9 -4 11 46 -32 35 51 -18 5 -3 -24 3 -3 10 -3 7 -12 7 -11 5 -39 0 14 7 0 12 49 -38 -29 -2 6 2 -6 -10 -23 -10 39 -2 -22 -45 -22 -13 41 -9 13 -13 -6 -13 20 -9 20 -2 15 -2 -14 5 63 -10 -3 31 21 7 31 -17 7 -17 23 -11 14 5 -46 -21 -63 7 7 -6 2 8 -6 6 -14 -13 43 -13 7 39 7 -5 0 -5 -7 13 42 -11 -13 -6 -15 -20 6 -36 -2 -36 50 -14 -49 5 41 -5 -42 -35 -13 -7 -17 19 -7 14 -19 7 5 -32 6 63 -6 0 10 0 13 -8 42 -24 17 -21 24 -7 -21 24 15 1 9 7 -9 30 6 -30 -21 -34 35 22 4 7 1 1 11 -26 -28 0 56 -1 13 -21 9 -7 35 28 -24 21 21 10 -1 9 -12 -9 -34 -4 30 -4 -34 21 -1 18 24 28 -4 -29 1 32 -5 13 18 -24 34 24 5 4 10 -14 -1 15 12 13 -5 -6 -32 -14 -31 -18 -21 15 24 29 -17 -54 2 -22 -12 23 9 -5 2 7 44 22 11 -12 -38 -46 -29 14 5 -2 -9 3 23 -15 -3 2 5 -10 22 -3 51 9 3 0 -6 -14 -7 9 -37 -2 15 -46 -10 -5 -7 -2 -11 2 -14 -3 6 41 -7 10 13 11 39 13 46 40 -20 7 13 5 2 23 63 -6 -20 -10 10 2 -31 39 14 17 0 -41 14 22 31 -5 13 -31 10 -22 14 6 -36 5 -8 -14 -63 -13 41 10 -7 -31 -8 5 -17 -13 -42 14 -7 11 -5 -5 -10 -67 7 -36 -10 6 49 8 -6 0 -13 -36 -41 -30 49 26 -5 5 -19 -7 -42 -7 -15 -11 6 6 19 30 -36 7 21 -49 -6 -24 22 2 -21 62 -13 -1 11 7 -9
s 110100011000110001111111010101101010001110010111000001000110110101000011
m 40 2 13 36 -80 -36 8 54 -109 -84 98 74 -62 -91 126 -68 -96 -82 106 -76 -69 -97 -47 101 3 -30 113 -101 51 -18 44 32 6 15 -19 60 112 -24 63 45 -100 -115 40 -17 -18 -117 105 66 90 -69 -20 -27 -28 -82 124 80 113 101 81 -84 103 -108 -60 -112 -43 -41 -108 37 111 -4 51 122 -72 -92 -115 68 34 87 -46 52 -125 4 -115 121 -90 -63 -14 42 -3 -106 55 26 -63 -91 -122 51 85 111 116 100 108 -30 47 0 -2 7 -56 -125 108 51 -118 80 -72 -90 -89 47 -99 -9 65 -10 -21 8 -79 88 83 53 114 48 35 98 -95 -26 -12 91 -6 -117 -86 -61 -74 101 17 -88 -100 61 37 -62 -32 -43 -2 -48 -117 -45 -18 -58 53 -89 -126 -44 59 -64 25 -35 -105 -45 40 -14 100 -108 4 12 7 -75 -117 29 -31 112 -123 24 -17 -99 -73 -37 56 -53 -17 89 49 -35 122 -104 -75 57 -75 -3 -100 -106 29 -68 28 2 108 126 27 -126 -38 -124 -48 124 32 20 2 -53 54 102 55 7 5 94 -33 -34 -58 -59 57 -107 -97 -118 -111 119 6 -44 101 16 -105 32 122 52 -59 39 -126 15 106 -14 107 -90 -102 -38 -5 -51 -26 -25 -7 -90 -26 7 72 -34 -27 106 -125 68 -49 69 80 97 -111 -127 -64 -103 -112 -12 -91 26 7 18 -92 26 -9 3 9 -82 56 -32 -113 -86 20 -83 79 20 -43 32 -105 127 115 65 -26 73 -56 70 82 -71 -47 62 11 -12 19 127 -100 26 39 32 126 -37 45 -57 -25 -114 -70 -114 -88 13 33 -27 82 98 99 38 -9 126 32 -90 -59 36 76 -80 122 56 -89 -117 40 -92 -45 -24 8 -52 106 83 64 -38 -97 47 -89 -6 106 -24 -45 59 -120 -68 63 10 99 77 -84 -104 58 73 -10 -121 40 -83 -5 42 112 3 61 -105 -26 33 -116 -20 -91 -15 83 -125 -111 -83 90 -60 125 -37 0 113 -38 84 -120 19 29 39 -101 110 -65 -84 3 -23 -18 -124 104 39 88 -75 -12 59 -121 -109 -49 -30 36 127 36 -5 109 -85 -98 101 -27 10 37 -34 -6 14 -56 110
e -5 4 11 -7 -2 -7 -23 -6 -17 6 14 15 -14 5 -33 5 5 13 -17 13 15 -3 13 11 7 16 3 16 7 -24 7 -4 -30 -4 79 16 -25 7 -9 23 7 -6 23 -56 18 -15 3 -32 3 -24 -2 -49 42 28 -7 -19 -8 -6 28 8 14 -28 18 5 18 18 5 -18 -7 -2 -7 -19 -3 -12 49 -16 -23 -49 -7 -23 10 -14 10 11 17 -11 3 -13 13 -12 23 33 22 -15 7 -22 3 -7 -28 24 -28 0 -25 27 -6 -11 -2 -23 28 -28 21 -18 42 21 18 -46 13 7 -13 -4 23 4 8 -8 -8 -28 -23 0 -23 -10 -21 23 -50 21 -14 3 -6 9 -12 -9 -5 49 5 0 -7 -2 -35 28 18 -28 0 2 47 -2 -16 -3 -23 -3 22 22 52 -2 42 33 -13 35 11 13 7 12 32 8 -7 17 45 17 -15 -56 -65 33 -21 6 16 -6 27 16 -9 15 11 5 -11 3 0 -50 -16 23 16 6 -2 5 -28 -16 -9 28 -3 9 -6 22 6 -16 31 16 -32 28 -32 2 -60 -15 9 5 -11 -6 2 -3 16 7 -16 -32 -30 6 2 55 -16 -72 -7 -4 9 -6 17 6 14 37 -16 5 -3 32 30 16 -2 -2 -8 28 7 3 24 6 16 -25 -14 7 7 -5 -4 23 5 17 -15 -2 13 -3 -3 35 -8 -24 -15 -19 -7 11 -17 4 24 -28 17 25 -28 13 -7 -33 -23 28 3 15 -18 12 -3 -18 72 24 -7 23 25 -19 -86 7 -8 11 -28 -30 2 -18 -10 -23 -18 -11 40 7 3 7 19 57 -28 8 -49 0 -23 -7 66 -10 -29 28 -11 0 -21 3 2 -42 -12 -23 -13 49 22 -4 -33 42 -5 -28 -13 0 0 4 23 -2 -8 -64 -23 -28 -6 22 -21 -43 -42 21 -22 13 6 2 -4 9 28 8 15 -2 -28 0 -16 21 23 3 -21 2 -15 -6 -16 33 9 -3 -13 5 22 -11 -3 2 -7 -23 -28 21 -2 11 -16 -16 -7 6 29 -17 -49 -22 15 -15 2 33 -32 28 13 -3 -11 15 -34 7 11 -2 17 -3 28 15 -16 -24 -40 6 -14 -35 -16 -16
s 010100110011011001111001100011111111000111100111101110010010101001110111
m -77 -29 75 51 -26 -23 -125 -6 69 104 26 13 17 33 -16 16 -37 57 51 18 0 3 57 -127 35 -111 50 4 102 -99 -16 -14 -124 113 47 -55 -92 -73 111 31 81 49 -102 -25 -77 78 -78 71 -62 29 -118 24 -114 47 -92 -16 86 106 -79 30 89 -104 -56 -35 86 -74 -81 -49 -51 -68 -39 -9 87 -112 107 -71 94 -83 -44 62 -101 94 84 107 -7 -20 60 -33 -53 -95 -104 -3 68 69 -54 -106 123 37 38 -67 26 27 -10 90 25 19 120 -116 -20 104 -21 25 81 42 -125 6 -119 0 -111 -96 42 126 125 -14 88 -41 108 -81 -59 -78 33 48 71 -9 44 40 -101 -54 -8 110 -104 53 19 90 119 -17 -39 -35 42 121 -14 5 55 5 79 119 39 62 89 51 100 110 -38 33 52 -10 58 -14 -32 1 -127 -74 30 -72 120 37 -100 120 -9 22 -19 -80 98 82 -14 27 -43 -106 -87 3 -46 -6 66 6 116 74 26 64 40 -15 26 -70 21 -72 -1 58 79 2 -5 -35 117 118 -81 80 -31 29 -100 79 -2 -116 -115 11 -123 -17 -64 14 21 -28 -2 26 -69 120 84 -49 -95 99 91 -56 -61 0 -125 76 5 -118 -26 -115 -108 -112 8 -77 -19 86 -40 5 -7 87 -71 -87 -100 -109 111 19 101 -120 27 26 -122 -8 99 -18 5 -2 -10 -35 42 30 22 -65 42 -126 -55 13 117 -21 -21 -127 98 46 80 -88 -24 -100 127 -18 -127 -77 -30 -4 44 33 126 -80 80 122 80 -79 -48 124 -126 -60 105 -92 -11 75 -40 72 37 87 -61 95 -127 6 119 -74 81 -82 -91 70 65 -66 -104 -118 -121 -124 81 -76 -66 -92 81 80 -121 30 5 44 58 79 -59 82 78 43 45 -16 111 103 95 31 -64 -66 -5 -93 -115 110 -89 69 59 -55 -25 25 8 10 -22 -66 108 14 119 -37 47 -73 -53 9 98 51 -126 -68 33 69 -99 69 -21 -13 69 14 -34 -17 22 -35 5 -101 95 91 -110 -112 -83 -78 -48 14 -39 -20 -70 -92 57 -23 -60 55 -113 -29 70 -63 24 -29 -98 -55 -117 -44 104 -60 3 5 -18 -83 -58 77
e 24 -7 -1 13 -7 -27 -13 -2 31 2 15 8 23 14 -3 17 24 13 -7 -29 -13 5 -16 -21 3 -4 6 31 14 19 -17 -83 5 13 -7 -24 9 -17 -2 2 17 0 -2 -37 5 22 -16 -25 -16 4 7 4 9 23 -13 -8 6 2 -12 6 15 -12 -19 -14 19 -10 24 -10 0 -7 0 -14 3 -7 -27 -4 -29 27 -14 -29 -62 13 62 -18 23 63 -21 16 21 -7 -2 35 -35 22 5 35 16 -5 -23 -4 -31 13 19 13 -5 64 -5 3 -12 -28 5 19 -6 -5 -10 -34 -9 -9 -9 22 8 -22 -9 -6 -9 28 -29 -13 15 -62 8 -15 -18 -17 45 -21 -39 22 -16 -22 3 -27 -3 13 -5 -13 -7 23 5 7 -24 5 62 -14 49 1 -3 1 -2 -35 -2 13 6 3 13 -52 -1 -46 22 -12 -21 9 21 -31 -28 31 -8 -5 -12 3 -8 5 24 39 0 42 22 0 -21 -17 -21 -6 13 6 -19 -15 -19 -5 5 7 42 -49 -2 -23 -55 -2 0 -13 0 5 13 -5 25 7 25 -7 -14 0 19 24 -21 0 -7 -6 5 35 -23 28 -6 -5 7 15 24 -23 -13 13 -2 -2 7 -5 -15 -16 -31 -14 -3 25 24 -4 -14 -7 -14 23 -13 3 -4 2 -4 9 -15 -14 17 14 13 -2 -33 -7 -22 -23 -16 -55 3 -28 0 -4 22 8 14 -16 6 -13 -4 18 -7 9 -22 16 17 10 2 -12 33 -22 19 -7 -16 -10 47 -7 0 -55 -9 -8 62 17 6 18 -12 -29 5 -19 62 3 -41 -18 45 0 -21 -5 -8 7 23 13 -27 -13 -29 5 9 69 -23 28 18 -13 5 21 -5 6 -7 3 9 -27 35 -22 -33 -6 -3 -23 -9 13 13 -22 -15 5 -9 8 -3 -36 -39 35 19 22 6 8 2 9 39 -13 27 -29 20 -65 3 -5 -28 58 49 5 -15 -1 -8 5 8 39 -49 -3 -22 1 -13 -3 2 1 13 15 -21 40 7 -33 5 1 -19 49 -21 5 -1 -31 -24 -2 -8 0 -13 -3 21 -7 -13 6 1 0 -25 -21 41 7 -31 -6 -23 -8 -19 2 14 -23 0 -13 -24 -5
s 001001000110010000001101000110010011100001011000000110001110101100111100
m 114 107 -19 53 110 94 -119 -66 -43 73 113 -109 7 62 -105 63 -36 -48 -54 -107 -75 -117 12 -48 -57 -102 -10 74 -17 57 -106 26 -51 118 65 -50 24 126 -30 100 -3 75 -29 100 -1 125 90 -62 60 -80 -15 -109 3 16 -112 40 43 40 -127 70 -40 4 53 80 78 22 30 73 -84 116 -23 -19 38 21 -50 116 102 -117 -52 -4 5 17 -104 31 -86 -74 -106 -41 121 26 51 -96 -67 -92 -61 -14 -28 2 10 120 -98 14 88 -6 -125 -91 82 2 -42 81 102 40 -68 84 93 16 6 23 19 29 -98 99 -60 32 -50 -77 -74 70 -7 100 27 -120 -118 68 23 -124 86 -13 28 23 66 -68 -125 38 -10 -101 83 -57 124 -109 86 -123 114 109 8 -40 102 98 2 104 -45 -83 94 -72 81 -82 74 -90 -113 -91 9 79 71 -105 -115 0 13 -68 -49 -65 -103 -5 25 114 -24 -8 -66 -25 13 -1 88 -115 95 69 -26 -18 81 93 23 -72 119 -106 28 31 -20 -76 127 119 123 81 22 100 -8 99 -127 5 -18 -120 48 -125 11 -62 61 -93 5 -115 -74 42 -70 94 22 -66 110 79 -61 52 86 34 107 31 -34 -65 -68 -92 85 98 -46 -53 -49 -29 55 -66 -117 127 42 23 67 120 -5 49 72 -16 21 -42 -16 -53 -45 28 -110 103 -97 -2 -28 -17 79 -48 116 20 90 -13 43 -39 48 -43 72 94 -50 3 66 91 88 -85 33 -59 87 76 86 79 30 40 115 89 -91 40 35 42 -10 -18 -123 53 -78 59 0 -116 32 -63 -86 31 8 -93 37 55 73 97 -87 -124 -31 65 -36 38 -32 -86 -17 -55 25 -17 -91 -62 117 -27 100 -88 -6 -106 54 -6 -121 91 7 -119 -32 96 -73 -17 -29 39 82 -32 -17 118 38 -69 70 70 38 -106 -16 -78 102 -26 -81 53 108 10 -87 37 5 -20 46 -60 -8 73 20 111 -93 122 88 -100 -57 12 23 -28 114 -3 109 -73 -27 -44 -1 -40 41 22 78 103 -47 -32 -74 -19 -6 109 45 44 -33 27 9 66 23 -45 -127 -43 102 70 7 59 83 -9 -112 9 -16 -19 -122 117
e 14 25 8 -54 25 -8 47 -21 0 21 -5 7 -5 -14 57 -14 -14 -17 -42 -11 -17 34 36 -10 34 15 -24 -15 43 1 15 12 -5 12 42 -7 -3 -3 -8 -2 35 -14 2 40 5 40 -18 -7 -18 -37 -5 -37 -21 -7 47 -7 -28 21 -4 -28 5 9 29 -14 29 0 14 0 21 25 21 7 -50 23 -24 -15 4 -24 15 -16 -57 12 5 28 -42 -28 49 -11 -49 19 -2 -2 -13 -40 -2 -28 18 6 -6 37 6 6 -3 -7 -22 3 22 26 -4 34 15 29 -14 15 0 15 17 -21 6 14 7 14 23 -31 23 -34 -4 9 3 -5 -15 3 -28 -15 -34 49 -21 21 19 -12 1 -24 -1 9 -2 -6 -39 6 -21 39 6 21 -7 22 -18 18 2 -18 28 13 -2 -6 14 57 17 -6 -8 -17 -14 8 -36 -23 -8 0 -34 38 -7 -15 7 63 15 -8 7 -21 -17 -22 12 -17 10 -48 10 -9 9 9 -1 3 1 5 -24 -5 -7 7 8 -7 18 -8 -14 2 -14 -1 6 -1 -21 -39 -7 14 14 -17 8 -14 12 14 25 -9 -1 47 -1 7 -21 5 5 5 7 -7 47 12 8 21 42 -14 5 -11 1 14 -34 7 -14 15 -5 -25 -15 7 47 -34 38 30 -15 -3 7 -15 -3 16 12 2 -27 -42 -70 26 -11 -18 34 26 21 47 40 7 -15 -25 -28 -15 37 -4 47 3 29 11 3 0 -2 4 -49 -40 35 -19 -18 0 24 37 -21 4 -3 -7 5 -3 -28 28 -4 -4 -22 29 5 2 -3 -28 13 21 49 2 -17 -19 -6 -28 24 6 -4 -2 23 -5 6 35 -28 -6 -15 76 72 -14 -19 -2 6 -44 13 -14 -2 -14 1 9 -6 9 6 -14 3 22 23 24 -2 34 -21 -13 -15 -12 14 15 2 6 -21 -6 -26 12 -39 28 -1 -21 34 21 7 15 -3 18 -15 21 12 -21 -7 -57 12 -18 17 -1 -2 -8 9 -6 -8 5 -39 0 21 8 -23 7 -8 5 -18 0 -7 -2 7 -21 -20 -57 10 -73 -17 9 -11 17 7 8 -10 -5 0 9 -14 -7 1 -25 57 5 28 -29 -7 -1
s 000001001101101101010011001000010100111001010001101101011001010011110000
m 13 89 120 50 -36 -25 -49 119 -58 -37 -123 -78 -37 -27 -39 90 70 -127 88 -103 97 8 111 96 116 -115 -50 -85 45 81 -117 73 124 -103 -17 2 126 91 89 19 126 -35 0 -21 -32 35 32 -89 -32 83 124 21 11 -8 41 -65 64 46 111 -66 64 -122 64 -58 92 -118 -104 -116 -23 62 93 -71 -72 69 -83 110 -93 49 55 26 -37 57 94 123 -5 108 51 -5 59 -112 40 57 -15 68 56 41 -44 -94 -123 -36 -125 102 4 -79 -57 17 42 -46 60 75 -48 -71 -26 -7 -6 -55 -114 -11 -78 68 -35 -71 69 -60 -29 -3 78 108 -121 127 33 -9 -13 -12 122 20 0 19 -31 -69 -44 -113 15 -112 90 -106 -102 -11 -57 80 9 24 -32 -37 118 -58 -8 -42 -6 -19 27 30 -34 52 36 -13 62 -19 84 81 40 -121 -26 96 -31 13 103 0 5 120 24 -126 127 26 122 -80 -37 105 -84 -44 104 118 108 47 118 119 37 -27 79 23 -61 15 -69 -87 32 67 -118 11 6 -18 -92 -102 109 -103 52 19 121 100 20 76 125 97 64 41 -89 -90 -46 111 111 -126 99 -115 127 110 -111 -59 -40 50 -6 114 -119 53 -76 -42 61 60 98 23 -1 7 97 -26 -96 -41 63 39 30 -50 125 -35 114 93 44 -59 104 113 -29 12 79 -33 16 -31 98 30 79 25 122 -6 -63 -10 -12 -127 -125 16 62 -3 22 16 -61 -43 -72 -120 -20 -68 -114 -95 3 -99 100 -56 38 123 -41 29 127 92 36 -90 46 -55 -31 -44 -87 74 -116 28 117 37 -41 -32 -92 -83 47 -38 74 99 -30 90 70 73 6 -34 7 -32 -112 -10 118 -125 -98 -46 -100 83 74 -84 114 -95 29 -54 31 71 99 -60 -14 -54 80 40 71 -79 106 -97 -12 -1 -87 56 -32 -81 114 -116 -64 -13 70 72 -8 87 44 93 115 39 62 -75 -101 33 57 113 -78 13 50 68 57 102 -95 46 -85 -3 89 -35 -37 87 -41 -56 -112 127 17 41 36 0 -70 -103 -52 104 67 -122 105 15 -16 40 -33 -27 118 -125 -70 -38 -86 -84 18 78 19 -80 -34 99 -121 -119
e -62 7 -14 36 -7 -23 -36 -33 -12 35 -33 -5 -56 37 17 -24 -12 17 5 -3 -35 14 3 59 7 -21 -14 -21 -31 16 31 9 -24 -9 -5 -32 -4 -15 -18 0 -15 -6 17 26 -16 -19 6 -29 -6 11 1 11 -4 23 43 22 -53 -33 -32 53 33 32 18 24 18 6 12 6 -10 7 10 22 -7 28 3 21 23 -3 -31 -49 28 9 -28 6 -6 6 18 -3 18 -28 0 7 17 -19 -33 -14 -6 33 -10 -11 -10 -8 -10 8 33 -20 -33 -7 -32 -3 0 -18 9 0 14 9 12 -21 12 63 22 -60 -12 56 12 7 -23 -48 -3 -28 -1 -3 -6 1 0 28 23 -33 -28 17 -14 3 39 48 -33 -27 56 -62 -21 -56 -28 33 -14 37 14 12 -39 12 0 14 0 41 9 -17 -17 26 -14 32 60 -14 22 12 -22 12 3 31 5 -7 62 -17 -1 24 -2 0 -35 2 17 -35 -59 -14 59 14 -48 14 16 3 16 70 21 1 7 28 18 7 -12 -18 -6 0 30 -28 -27 -16 29 56 29 1 -24 -35 -35 -12 59 6 7 14 -16 -36 -16 29 -33 24 1 -33 -2 -7 -36 -9 18 -33 -5 6 -33 3 -16 24 7 29 -12 27 -17 11 -31 7 -36 -7 11 -33 21 4 33 40 -15 -24 9 0 -12 5 19 7 3 -6 7 0 10 21 -19 -31 -31 -28 53 -39 -19 32 -5 -4 18 -5 -15 -6 0 32 -18 19 -49 -28 -6 6 -41 -11 10 23 -4 -22 28 -15 -53 6 -38 23 -33 -18 33 -7 6 6 14 10 18 -49 22 -28 -10 53 -3 8 -23 -33 12 -28 10 -3 12 8 0 -18 33 11 28 -7 12 3 14 60 -33 9 14 -10 -12 77 -8 60 3 33 12 1 7 -3 0 14 0 17 9 11 0 -12 0 -27 60 17 70 13 14 21 3 -48 14 0 3 -12 -1 -21 -5 0 14 -17 17 -15 -17 14 0 -14 48 27 -22 -8 -56 -12 -21 -14 -16 -14 -22 -24 -12 12 -2 -6 -5 35 -27 -17 74 56 -17 34 55 -85 -46 -22 59 -1 -12 -14 7 -5 33 -18 -35 24 -6 -17 2 -16
s 000101110001100001010001101100111011000100110000010000101110000000001001
m -47 -5 -18 103 -81 114 123 -91 5 -86 -65 60 26 -21 -87 90 -105 13 -121 115 110 -11 25 119 2 -100 -22 -4 39 64 16 97 -117 -7 107 -26 -86 -65 -57 -111 -84 73 64 97 25 -123 62 -46 80 -5 -70 -30 93 -113 17 51 -36 -17 115 -127 39 126 85 126 -16 119 13 115 -50 32 -100 -94 33 112 99 -14 -123 -61 -11 44 -78 -35 106 -36 -13 -104 -113 103 10 80 118 9 -30 41 7 -12 22 -5 -8 9 -38 -44 -19 -19 4 34 40 -66 122 -31 -6 2 -50 -20 16 -48 -50 -106 -54 -113 -9 29 47 25 14 37 -87 46 -39 23 -58 37 -101 -71 9 -124 -117 40 11 -19 -52 84 -16 3 66 -84 -67 -116 27 0 -75 24 -24 -19 113 52 -22 -106 79 -99 92 30 -19 -53 11 62 91 -97 -40 34 -33 47 -106 85 106 114 -52 -3 -53 47 -93 127 -10 -42 28 -52 12 -51 3 -55 88 66 93 101 -45 -45 101 -105 -10 19 27 -117 50 -64 -100 52 44 17 94 42 -111 121 -41 100 72 -95 1 56 39 -75 42 116 -115 -9 88 -53 30 -117 77 -39 -15 -117 -45 75 127 -24 -65 70 77 -58 -24 -3 -26 -24 -50 -87 -6 126 -126 -114 55 -102 -26 48 38 23 -56 2 16 53 -125 66 -44 -109 106 -84 -114 -57 -127 -22 104 36 -9 -64 -49 9 -62 -92 59 27 -47 -71 10 64 -83 -26 -116 -78 -19 -33 76 -37 8 -70 10 -26 49 34 37 41 89 12 -7 -113 -95 -2 -6 122 -81 126 -2 -101 79 -100 -20 23 -88 -103 -76 47 9 -125 -47 95 49 35 74 -87 93 13 -40 -24 100 -35 50 -99 41 -43 109 -5 27 126 61 -124 -104 104 -9 114 -64 -20 57 -59 102 -91 126 -26 -100 2 7 -26 18 -79 -57 94 -126 -2 53 -33 0 91 -56 113 115 55 44 30 45 -2 -44 118 -9 0 -61 -100 -48 112 -56 1 14 -124 -62 88 -33 96 76 -91 21 0 89 -34 -36 -91 -30 -73 87 -71 -21 5 106 39 -39 -12 126 93 -21 -12 -23 -110 63 119 -79 -19 116 25 96 -120 28 29 -72 -24 -56 22
e -6 -28 0 15 -5 -29 15 15 64 15 14 -8 -14 1 -25 -1 -6 -10 9 3 5 2 3 -3 -10 -4 8 -13 10 -27 10 7 -26 -21 -9 9 -2 -30 35 -17 -30 39 17 33 20 -33 9 21 9 8 -14 5 2 -24 23 -8 22 21 -6 22 -14 -6 -2 -1 2 14 6 14 -8 5 -8 8 -2 -10 -5 -4 36 5 -14 -36 -2 -7 2 2 9 2 9 3 -31 -10 17 -20 2 33 -5 2 9 7 -8 -5 -7 -17 -2 -21 -17 57 -4 8 -6 -12 3 -7 16 3 23 16 8 -8 8 18 8 -18 -13 -32 -42 12 36 -3 -33 2 39 35 2 39 0 9 0 11 -36 -11 1 -5 1 -41 -5 2 0 -7 -9 0 -17 -9 30 4 -21 2 8 -2 13 2 13 -2 16 -25 -12 -8 0 10 18 0 29 -13 29 5 12 5 8 6 8 25 39 26 23 0 5 9 17 -5 -35 1 -3 -8 -3 -8 27 -33 -27 -26 19 14 56 21 -35 -24 -2 -35 51 13 39 20 2 20 21 0 -21 -14 -19 5 -44 -6 -3 39 -5 17 20 -15 -40 21 -15 -26 -17 14 9 24 15 -7 35 -15 -9 -39 14 -22 -20 1 2 21 -12 4 -14 -5 10 -24 -15 -2 -5 -15 -4 17 -21 10 -30 -1 -7 -17 6 9 -33 -5 -3 -9 -2 17 -21 -4 -33 -8 -10 -9 -22 7 5 6 -12 2 2 -3 -30 -14 -32 6 -9 -36 -2 10 20 -14 -5 -5 8 -39 2 -8 -2 -30 22 32 29 -36 4 -2 -7 8 14 2 2 8 9 5 8 -10 7 22 5 17 -36 -5 -13 -2 7 23 2 -17 -3 9 -4 16 -10 8 -8 42 -2 -18 -5 16 1 7 44 -3 -17 26 33 4 -13 39 -8 -12 0 -11 -3 -11 -17 39 -13 -8 0 27 -18 -11 0 -13 1 -9 12 -3 -21 -3 33 -27 51 -9 19 -8 21 -25 -11 2 10 -14 15 0 3 -2 29 33 0 -5 -9 16 -27 21 29 -26 -2 -5 -9 -13 8 11 -2 25 3 0 -10 -8 0 -5 36 29 -3 14 -5 8 24 -8 -27 35 35 35 -39 10 9 22
s 100001011010010110110000110111011011101100011111010011010001010001110010
m -19 74 -39 -75 115 -124 -117 6 -9 -65 44 -13 -116 124 -14 -114 64 25 -75 43 29 -37 -9 -61 -10 -125 -75 -116 -16 -81 -52 -45 39 21 -86 -47 -91 -75 85 -20 57 -62 -5 -70 -19 -21 74 -96 44 40 127 108 -122 -116 7 34 123 -109 -88 -121 -3 107 -41 -33 71 20 104 111 -58 118 -103 -36 14 79 -26 46 -21 -71 -87 -113 7 -67 -96 -114 75 -35 126 45 88 -8 -87 21 25 121 -44 52 26 38 0 -87 -119 65 -10 -88 -124 -68 1 -71 -42 -5 41 96 -64 -55 7 120 -96 -71 -89 -32 -38 53 -47 -101 91 -112 26 -110 -56 -85 39 -125 -26 -109 -28 50 102 -79 0 -89 -97 -36 -62 -91 -101 6 64 75 75 -84 -106 -32 -61 111 -26 17 67 26 75 -7 20 103 -44 105 91 6 124 39 42 -118 39 -110 77 76 14 -59 -60 33 -122 29 -66 -68 -63 69 29 93 97 99 -33 -99 -20 -82 -46 51 124 -77 60 1 -54 103 52 14 -118 70 -92 50 -93 -109 -51 53 12 -76 107 -63 -58 -69 -63 29 46 5 120 7 -59 -21 -118 105 -25 -114 76 -12 29 -41 54 117 -119 90 -110 53 -47 -55 -3 -6 -114 -71 -4 85 -68 87 80 79 43 36 118 87 43 94 -108 44 -103 -92 -42 58 98 -60 99 88 115 11 -9 -27 29 -19 90 -23 101 108 107 -116 108 -37 -29 -2 -3 -48 12 80 95 -77 87 119 21 41 -118 -12 35 11 -49 17 -43 62 19 99 87 -71 2 72 84 -23 81 -61 -23 -43 -126 51 -97 51 -126 65 -65 -79 -113 -105 39 -68 26 -111 -89 3 -13 8 -77 17 -71 -54 52 55 -100 -31 -81 -69 98 96 -58 -86 14 12 62 9 32 55 -82 55 96 126 -99 64 -124 22 -2 -91 -41 -109 91 59 27 -84 77 54 -102 83 -119 -121 -70 108 -67 -18 -29 79 90 -9 -6 -58 -111 -126 -24 -103 96 -90 -82 42 -49 24 -65 114 -68 23 -73 -38 -21 -28 -58 -62 -14 102 82 -125 118 85 -22 -123 21 47 57 -114 -114 81 -111 78 -12 -111 93 67 -118 17 -42 -94 -119 -127 86 -64 106 86
e -5 10 -34 -7 10 -35 -7 47 -21 -6 -3 -6 3 29 -26 -29 5 35 3 -6 26 4 6 11 4 21 -19 21 38 -19 14 19 1 -33 3 48 9 -37 41 5 37 7 17 19 -47 36 23 -51 23 -15 -26 -15 9 -32 66 -32 -2 -6 -2 2 3 2 -11 -51 11 7 5 7 -38 10 -38 30 -4 0 -32 -21 -21 -23 14 -19 3 19 -3 -23 -3 -23 -19 -6 -19 0 5 -28 -7 -19 -34 -7 24 39 11 15 0 15 17 -15 1 -37 -46 19 -2 7 2 11 36 -2 10 -36 6 -38 6 -37 30 28 -73 2 42 5 19 8 -26 -3 -58 -26 -31 35 -24 -19 24 21 -7 21 -13 -23 -13 8 -34 -11 -42 0 -8 42 -15 8 -13 -1 -13 -13 -19 -13 -18 20 -66 -6 36 13 22 -52 34 22 28 -34 51 -42 35 8 -5 -8 -6 2 -6 13 35 -1 42 24 26 -42 -21 26 11 -13 11 -19 8 19 19 -26 19 11 8 -26 32 23 -41 32 13 41 7 18 7 17 -6 -17 51 42 -75 26 -29 26 44 17 -11 -45 -10 -45 -17 7 -19 -51 6 -1 -61 3 -42 32 -7 -19 -41 6 3 7 3 8 -17 -29 9 51 -5 -21 -26 10 -14 46 7 -4 -15 6 21 -9 3 14 -50 29 -19 5 5 -3 -19 52 6 -23 -4 5 38 41 -19 -30 -14 -23 -2 19 15 -37 42 9 36 -6 37 -7 -5 2 -44 -19 -11 0 23 7 -23 -26 -45 19 -9 -30 3 -37 -89 23 2 -19 -1 -11 -3 19 -7 23 7 38 19 34 30 0 0 2 23 -15 19 -34 -42 7 0 -5 -23 28 -2 19 -1 -36 0 19 6 -23 -7 28 -34 36 55 0 -6 -41 15 28 -26 -1 42 -35 19 -5 -24 -7 -16 21 39 35 -18 -6 25 6 28 -21 42 42 -13 8 5 -8 -13 -2 -49 -13 -35 28 -12 -24 -13 -13 48 13 22 -13 18 34 8 -6 -35 26 42 8 8 -35 -22 -13 -35 -1 15 8 -42 18 6 26 6 -13 -11 -56 22 -19 -34 26 -51 35 18 26 8 19 -32 6 -19 -41 -13 -1 -7 -22 -42 17
s 110010000100100000010111011011000111010101010111111101100110010110000001
m 95 -101 -7 93 -82 -109 63 -17 105 7 -99 -76 32 -9 -91 78 -7 -44 -106 -64 3 -44 -18 -101 -124 12 71 -112 112 46 33 -26 -103 -102 25 74 93 -6 -106 -37 -74 34 31 -3 43 -107 -53 115 57 65 -108 -120 21 65 -115 40 126 -21 119 -70 44 90 77 -103 65 51 -68 -1 -50 29 121 -43 112 62 57 40 -109 -32 -64 -20 61 -73 37 116 -49 -111 -26 86 -122 -49 26 25 59 52 7 -63 -121 -105 37 89 26 -120 -61 108 83 -37 14 -43 -51 17 35 -80 -115 73 42 20 -35 27 -19 123 -76 -103 85 18 117 -77 113 17 -108 -7 119 12 -120 -17 103 70 -81 -82 -26 86 -112 75 12 124 59 -48 94 112 -20 -103 -7 72 -102 68 39 -66 123 -42 -98 102 -124 -2 26 -10 45 92 74 -88 53 127 38 -62 -113 -22 73 18 39 85 113 -74 20 -107 33 33 16 -7 79 38 73 -118 40 -47 20 110 62 -15 -28 102 -73 -103 46 126 94 32 45 -10 -64 -15 7 37 -58 -21 -44 -25 109 -98 -89 45 -115 -37 -109 76 -42 -116 46 54 -111 58 107 124 7 124 -56 -45 -48 -91 109 9 -61 -89 -80 -40 -108 -126 88 107 30 67 100 50 23 -98 66 62 -80 -84 61 -111 60 -72 -37 -106 19 15 83 7 -111 -75 75 -84 78 47 -64 10 -127 120 44 73 -34 118 118 108 109 37 119 14 -76 62 -99 -121 52 -56 40 -27 -106 -124 -17 27 78 66 50 90 -75 119 -34 50 101 116 -46 -75 -38 72 -11 -120 2 -107 85 -48 113 -55 -83 -98 -95 -15 80 -24 -88 43 -8 -19 72 -5 23 -19 111 88 -111 33 75 -70 63 -96 106 119 61 -91 -26 -90 -49 -75 43 51 -7 126 86 107 -56 21 -114 -6 6 35 105 -28 -86 110 -37 -41 48 -120 -86 -28 113 15 61 23 -40 107 -125 59 -75 98 -86 -21 -66 13 -87 58 61 -83 24 11 46 4 -38 1 -111 -28 -1 -109 -12 -8 -66 -36 -23 23 -15 -3 -118 52 -125 -91 -64 13 87 60 50 1 -65 43 77 -36 8 -64 17 66 -107 116 -90 123 -56 47
e 7 -26 -25 -42 -26 1 -42 -7 1 8 -28 14 39 69 -9 -8 -27 -40 7 13 -3 -55 13 35 -39 -9 -12 9 21 1 21 17 -7 17 -7 7 19 33 9 14 6 -7 -14 46 19 3 -50 -39 47 24 7 -24 33 -7 42 -38 -16 -7 45 16 28 45 -35 8 -35 -1 -7 10 -24 37 24 35 39 23 -15 -9 -18 15 -21 -58 7 17 7 44 7 -44 17 -13 17 -23 -14 29 2 -3 -21 -2 -47 7 -7 24 -7 5 -19 -5 13 6 41 -22 -79 17 21 35 6 21 -1 -6 17 44 23 33 35 -33 -7 -30 -7 -15 18 14 -4 -33 15 4 -44 -18 29 -17 -29 -6 -24 6 -11 -15 51 14 -7 -2 -22 -7 25 22 5 -18 -35 13 54 -12 22 -12 -14 2 -14 -10 -6 -19 39 -17 7 -39 33 7 -1 7 1 -1 15 1 -14 21 -14 -9 15 -7 7 49 -3 -21 6 -3 -35 -11 -57 12 14 -12 1 -4 -1 7 18 7 -7 35 -9 -7 12 58 7 -21 -30 19 -2 -33 44 34 -39 7 8 -3 9 -7 35 -7 -26 12 19 -42 -1 -39 7 7 -38 28 -7 7 48 17 -9 7 7 7 -28 13 -19 8 39 -39 7 -9 -7 26 29 7 -42 39 -24 -7 -9 -19 28 -21 6 8 -23 -23 7 -22 3 -26 -13 -47 39 -14 -24 -11 3 -35 21 47 16 -17 24 45 -7 19 -35 -16 6 -1 14 -45 -17 3 -57 -23 -47 1 28 57 24 18 19 -35 -7 -6 16 63 45 18 -13 35 -7 22 1 -44 19 -24 -17 7 -35 -23 7 16 15 5 18 7 7 7 23 -15 44 7 21 23 13 -6 -23 22 -17 15 2 -33 -7 -6 11 7 17 -14 5 -33 4 13 55 15 22 15 -29 2 -21 -36 -18 15 14 17 -29 2 -47 -6 -22 7 -11 18 15 15 35 21 -4 12 -15 -18 14 29 -35 -9 -6 37 -39 11 14 -7 14 2 -1 11 22 16 18 -7 -15 -35 1 -90 -12 -1 -7 14 35 3 -2 9 35 22 -39 -32 7 -3 -39 -11 35 -7 1 12 -28 14 1 -9 -9 7 7 39 -7 19
s 011010011100111010100110101010000001111110001001101111101001001000100000
m 73 75 -121 -9 30 -114 -83 59 -16 12 111 -23 87 -120 12 37 -1 -93 97 11 125 110 111 -47 62 50 -53 95 -65 50 -2 38 -50 -16 109 -88 56 -104 -59 -43 -3 118 81 -26 76 -83 -5 111 -110 -16 105 29 3 -56 46 -68 48 23 -12 -108 14 105 61 89 83 -70 93 -26 -112 -57 79 -13 35 81 -10 78 84 75 118 -36 83 84 -28 -86 -29 -118 76 74 -100 -121 96 77 -34 98 7 41 -46 -109 -87 29 -66 99 98 17 76 -48 -60 -52 31 75 -104 12 11 -38 -119 -27 -40 106 -81 75 120 -84 29 -14 3 -33 -97 88 21 99 43 -28 87 -43 122 -76 -31 54 74 76 96 -58 114 -14 -116 -6 -5 -31 48 -88 52 -20 -71 56 -60 -34 16 51 -99 -49 -73 -84 -19 121 -8 -38 55 31 -95 -27 -105 -57 -51 -105 -120 -123 3 -29 114 77 -1 -42 -73 32 -122 42 55 -107 58 125 -45 -70 36 -20 2 0 -83 -109 32 -98 -11 -80 82 -49 67 -90 -61 123 -118 13 -115 11 115 35 23 -48 99 -60 118 48 24 -65 -74 -20 -6 -79 12 9 5 -14 -61 26 91 50 -13 50 -73 10 -72 -40 -124 -39 -28 38 -105 -59 -23 55 70 107 107 62 9 20 -97 -93 -61 -1 27 53 72 -101 -30 -26 44 58 -30 63 1 6 54 126 -100 -56 -7 -84 54 -104 -125 -8 -77 126 16 -13 -43 -18 63 55 -120 23 39 30 100 -118 53 -1 26 112 -17 -114 -45 124 -57 -108 -31 -66 -123 -48 1 -48 100 125 -101 103 28 57 88 -3 -79 65 125 -35 -73 -45 -63 59 -24 -63 82 20 -40 -13 -45 33 -32 83 109 -83 -58 -63 -73 31 -31 -30 45 -7 3 33 -110 113 6 -93 -119 36 -75 -88 92 -85 -103 -81 -4 64 58 87 -42 13 70 84 -47 10 110 -53 117 41 122 -85 113 -58 57 -115 -104 85 -11 7 -25 -2 -102 -26 19 -69 26 -26 0 -56 -44 -44 54 -27 -1 80 -83 -38 -68 -20 -113 -53 -44 -26 -102 106 -68 -77 26 103 -53 -4 7 112 19 -71 -10 101 57 -63 9 127 69 85 33 -108 -38 119
e -1 27 -24 -8 50 0 -8 5 9 5 13 -3 13 -33 7 34 21 7 14 1 -4 -18 1 17 -18 -49 18 -44 2 1 47 7 13 -7 14 -34 1 -3 -64 -23 -42 29 23 7 6 7 6 -7 5 26 42 -14 1 10 8 12 -13 5 21 13 23 -11 11 33 11 1 -1 1 -15 -27 15 60 -18 -57 -23 -44 32 9 -2 -42 -25 7 50 35 -14 35 29 1 -29 57 23 -14 25 -7 3 -25 5 -3 -7 -14 -7 -12 1 -12 -1 -3 1 14 -11 18 -26 38 -4 -26 1 4 3 15 3 -28 -12 28 3 28 9 -18 -32 -13 0 -25 1 0 -35 -1 28 -29 -28 -22 -57 -22 -23 -9 -23 23 -3 -12 -31 -7 18 -5 -12 -28 -10 -1 -10 2 -46 -2 -17 25 -17 -6 4 7 23 3 24 -7 28 -24 0 -3 0 9 -18 9 21 -34 3 7 -32 13 -34 28 4 34 -22 4 -17 -23 17 18 -13 18 1 -6 -1 13 18 -42 43 -10 52 10 -2 -52 -29 17 -29 6 -6 6 -7 5 -7 -54 33 4 52 -1 -17 -29 -27 18 -10 -8 1 -7 9 34 -42 13 34 -10 -8 7 -52 5 -14 -29 -13 -1 -6 33 18 7 1 -44 42 27 -2 -10 8 -31 14 -5 44 -3 13 -2 3 -33 -7 -38 -1 14 7 27 10 -5 -18 23 -15 44 23 12 -2 5 13 -14 14 -11 26 -1 -11 -1 3 -1 -23 -11 29 -7 11 57 -5 23 9 -14 -50 -32 -1 -12 25 -3 13 35 11 -32 -28 -11 -25 -14 1 -35 -30 15 29 -7 12 -65 7 13 -9 12 -32 3 -3 25 7 29 58 15 -26 35 1 -4 -57 14 3 -9 25 -62 -3 4 -23 -28 -34 -13 12 -28 0 1 -3 1 14 -18 28 25 -26 22 10 1 17 -3 -28 6 -28 -22 -5 3 -23 -18 18 -13 10 -26 0 2 1 -18 -3 28 -53 11 48 30 7 40 47 -24 -13 -6 45 0 -5 9 18 -24 -2 10 0 13 2 9 -34 -17 -3 4 -6 7 17 -5 -7 -18 -24 23 -8 0 -21 -42 14 -18 -10 -3 1 52 7 -13 35 7 -37 6
s 101001001000011101011100110101000111000011010000110000110100100010000101
m -22 93 51 -21 93 -27 48 95 -45 -39 73 92 -96 116 -2 -28 -49 38 -113 -59 -71 -64 -24 39 -73 77 31 -87 -42 -96 21 80 -102 31 45 55 15 106 106 -37 107 -24 -113 -59 -92 58 -52 -59 76 49 94 -4 -81 -34 -42 -18 103 -119 2 19 -112 -121 -35 11 120 -116 55 92 -26 -75 71 54 56 -4 36 -33 89 -9 66 -44 -1 -1 -92 22 -2 24 56 126 -16 38 -49 -10 -61 -53 -66 25 -81 -123 100 -124 -111 -125 85 43 -32 -17 -47 109 -66 -59 -6 -8 41 -45 -18 -18 83 -50 77 -58 45 62 90 98 -119 -124 92 -31 13 -74 21 -63 -98 35 28 66 123 34 -111 -123 -67 100 -106 -99 40 -28 -107 110 -53 -123 75 -76 113 127 -95 -15 -7 -82 123 70 -108 -124 83 12 86 21 -23 -79 50 -13 122 72 -79 -60 36 61 119 -126 -65 -17 -121 -30 -81 -16 -106 33 83 -18 43 -82 -29 -34 -105 18 30 115 -118 57 13 85 5 -115 2 -54 -107 90 -90 17 82 -122 -64 -9 72 121 -55 -96 95 -124 77 -103 90 -53 28 -79 -119 -4 71 -109 75 4 11 -81 -43 -73 84 -17 -113 -32 74 -24 -92 81 94 120 -5 126 100 -11 -21 120 25 -15 58 63 63 -79 -78 81 -57 37 -102 56 -6 -124 -93 -3 5 53 -73 -80 114 -54 -112 0 93 -37 -112 55 103 100 20 -99 67 2 28 97 -13 60 -59 26 -106 -99 78 5 -48 64 4 -106 99 114 26 52 -22 -2 -31 3 -68 62 107 -42 33 -44 109 -18 -64 43 96 -113 54 -36 -46 -24 -48 -65 -50 -84 -62 123 31 -31 -125 -115 -43 85 16 7 38 11 91 -74 2 -4 70 -19 28 104 -123 -105 -80 -61 -93 -24 68 83 -9 42 -57 -122 -39 -41 -62 -71 102 42 114 99 113 -60 -51 -2 49 -100 86 -59 -124 -107 -123 24 85 -65 -11 -30 100 -93 25 -32 67 -86 15 -7 78 -55 -14 31 -76 74 106 -125 118 118 -62 63 69 -62 -126 35 0 -75 -3 40 -61 -13 -90 72 50 104 -119 -105 25 52 21 112 18 -28 102 -124 -113 116 66 118 85 -10
e -43 25 -7 -4 25 -13 4 28 19 -28 50 0 -50 -10 -11 10 -20 59 2 21 -16 5 52 22 5 0 16 0 19 -27 -22 -1 4 -1 -2 -29 -2 -2 2 -43 -2 -21 -33 -5 8 5 42 49 -42 4 10 -18 2 5 -4 -33 17 -28 23 21 -50 -2 -7 -25 7 16 20 -16 -38 -25 23 16 -5 5 4 0 -39 -4 -19 44 20 6 1 -3 3 -3 -14 -21 49 -4 -33 7 -2 -5 -35 2 42 -35 28 -4 -28 -38 -2 57 -14 2 -14 -7 -2 -28 35 -25 -7 6 53 7 -19 -23 -19 4 16 -4 -2 17 2 -28 -39 52 -28 1 31 12 3 19 14 -14 14 -22 4 22 -25 4 -25 28 58 3 12 28 12 12 38 12 84 14 -88 -21 8 -14 -14 2 14 3 -7 2 34 -37 7 -34 -4 7 13 -2 -13 19 28 -19 0 6 0 -2 -19 4 29 -25 -16 -38 -22 -63 22 -25 -22 -16 28 28 63 -12 -27 -4 -47 10 -14 -84 68 5 -14 2 -21 -14 21 8 3 9 -49 -12 52 -10 -10 -16 2 -20 22 -21 47 -16 8 -19 27 49 28 -27 19 -50 29 5 4 1 -2 -35 -2 -21 -50 -21 -8 -10 49 -49 20 0 -10 25 -19 5 4 -5 4 -28 0 -2 -64 -19 2 -10 1 -33 -20 2 47 25 21 42 -5 -33 -23 10 5 -16 19 -42 17 -1 4 -2 -2 -14 7 -21 2 -16 -33 2 14 -5 7 -4 46 -16 8 -4 23 -39 -2 16 1 12 -17 -16 -2 -39 14 -7 -1 7 -16 3 -2 23 -14 -35 16 4 -28 -17 -4 -38 39 -35 2 -1 41 -32 3 -38 6 -14 21 -16 -4 -7 -19 -4 22 44 35 7 43 28 19 28 -38 4 12 -14 -2 19 7 28 -14 -2 6 22 7 -19 -14 -19 14 -3 -4 22 12 55 25 12 28 28 -84 6 12 14 19 12 0 -14 84 -2 -30 -14 34 -25 -15 12 -28 3 -24 -12 12 -19 -12 7 27 84 -13 -4 14 19 29 -14 10 -16 25 2 -22 45 -34 16 -7 16 49 -13 26 10 -40 16 -5 0 27 -2 -2 -4 21 34 -29 8
s 011000011011001000010010001000101111111111111100111011111000001000100000
m 30 -100 71 -99 5 125 -23 25 -88 56 88 32 -43 -96 -90 120 -72 -84 -67 -18 26 -103 73 81 7 32 -95 77 24 -78 -72 84 111 -100 125 42 -43 29 6 73 113 -126 10 27 26 -68 -42 -53 -1 96 -21 114 -110 74 121 -77 -101 -82 101 -57 81 -79 -60 74 -22 121 71 -15 -4 87 -43 47 -81 -20 -101 54 78 75 -19 64 42 -14 46 -71 -97 -99 102 59 -111 -35 50 -11 -87 39 23 106 -91 115 30 93 -21 -98 -78 104 40 70 -41 14 42 102 107 14 -79 -74 47 -69 94 69 55 89 -95 -98 39 -56 -23 -79 93 45 -99 116 121 0 122 46 -8 -83 72 53 -29 34 120 15 54 -90 -20 119 -16 95 -14 122 -40 -64 -88 126 6 114 -96 107 -5 -101 -51 72 -96 48 14 9 -120 91 93 104 57 -53 122 -65 -100 124 -34 73 -111 -106 89 29 5 58 115 -5 -126 -16 109 91 71 -87 -62 97 -26 32 66 -45 11 -74 -60 -18 -90 -44 28 91 -91 -4 111 107 -36 112 -62 103 30 -96 -100 116 89 122 -64 11 69 8 -104 11 119 -84 -12 -90 62 120 -82 -70 41 61 117 121 -54 4 6 -29 51 -106 122 109 27 12 -12 67 90 47 14 1 92 92 -11 -79 -12 100 -20 51 -33 101 6 -27 -110 102 -44 -67 -50 19 -72 -93 -33 -97 78 119 124 -72 -43 45 -90 10 74 -60 82 -19 -107 45 -81 0 49 127 20 23 69 -29 104 0 -109 97 120 -16 36 105 -117 54 -59 44 51 -34 118 89 58 89 64 79 -61 123 81 69 93 21 -83 72 23 -66 103 11 118 -49 -4 20 90 32 108 63 -77 127 -9 57 6 2 -92 -125 8 -62 59 1 -34 -109 1 -46 -127 45 39 -22 -100 93 -31 -4 -9 -78 -125 -100 126 20 -104 -97 109 -38 46 2 45 32 -97 110 98 -91 40 22 13 103 70 -118 -50 -55 -65 126 66 -56 -81 5 -4 -86 -53 -13 -24 114 -86 10 -126 124 -90 -54 -26 2 -69 -118 59 -123 -67 25 6 26 -78 -106 -48 -67 -84 63 -91 52 22 56 26 88 -8 -59 87 -124
e -6 5 -6 -10 -59 50 -10 -11 57 -11 -6 -23 6 45 23 -45 6 -13 -24 26 -2 1 -16 42 -1 -10 7 -10 -17 20 17 13 9 -13 24 -5 9 14 49 -9 14 4 -17 0 45 0 1 -27 18 26 11 26 9 39 10 42 32 11 37 32 -6 -37 13 -45 13 14 -6 -17 38 -5 4 -54 1 26 14 -10 0 -14 21 0 -41 -29 -37 78 -24 63 -18 -16 18 18 -9 13 8 0 6 -8 1 6 19 26 -27 -19 9 19 36 14 -35 -10 40 -10 4 -20 2 -4 14 2 -7 -4 -7 1 42 -1 1 32 -1 10 0 -2 0 -37 -4 -5 -63 -4 20 18 -7 18 18 18 -48 -61 -49 2 -6 -32 4 19 -10 -4 -19 -10 6 35 -12 -25 10 -25 -4 8 -4 -32 2 -23 44 -7 6 13 1 -6 71 -1 50 74 10 -57 23 4 23 23 -4 9 -5 -7 -2 5 -18 2 42 -48 42 7 2 -7 20 0 -20 -9 13 11 -39 6 -6 -42 -94 6 4 -5 -4 23 49 23 -27 -4 47 11 45 -2 6 -6 -42 -4 -5 -22 -23 13 -20 -27 22 -9 -11 -6 5 -39 10 13 6 -11 -24 -7 -11 16 23 45 -1 27 -6 -10 19 -5 -17 39 10 -7 26 -11 11 9 6 -17 -14 -65 -13 -9 -24 -48 0 -5 16 1 1 -9 4 10 0 42 -17 -1 -32 -13 -26 37 -24 -38 -13 16 14 -14 9 37 18 -24 -13 -18 -1 14 -14 -38 -4 -48 9 -42 -37 -18 -49 -63 -37 0 -35 -13 -37 10 14 -63 -8 -4 -18 6 42 -18 19 -32 -14 35 0 6 1 37 19 -40 -63 -19 -28 -56 35 -2 -18 -10 7 -14 20 1 18 -28 48 -19 -8 2 19 50 0 -35 21 4 10 -10 -7 8 -4 18 2 41 -4 7 7 32 1 30 4 -1 -48 -10 -10 -40 -6 4 0 -25 -4 -10 -23 -7 -6 -23 18 25 -13 48 -4 -6 -2 32 -50 0 14 57 -10 6 20 -6 -50 26 25 -57 5 -4 28 -14 32 23 42 4 -13 -7 -12 -2 -27 -50 -52 11 57 -7 -39 -23 -21 6 -42 9 4 -13 -5 -23
s 111010110101101101001101001001101100110100011010001111011010011010000110
m 108 -74 -81 105 127 -11 -94 -69 -49 83 -122 -68 -64 90 75 -64 -48 65 -116 -56 92 88 -12 112 99 -32 112 14 55 -57 -38 35 7 -32 -62 2 66 -92 14 26 7 98 -87 63 106 -120 71 -83 -113 36 122 -11 58 44 -18 -104 -78 -27 -2 59 -83 54 68 -112 12 32 -32 -35 -92 75 -86 64 -81 13 -91 1 -123 125 41 67 -2 -61 52 -11 106 -60 36 53 16 -71 -70 -76 102 -46 -21 94 36 123 -29 -96 -64 -72 6 -101 13 -39 -63 -72 92 5 78 -108 97 -86 -100 -24 -108 17 39 -33 -66 111 79 20 23 -22 -97 99 62 26 46 72 123 -37 -26 -79 -121 1 106 89 124 86 -71 -126 50 64 -93 21 30 88 7 57 -121 -20 -118 -111 75 54 -71 -48 -97 -7 -66 -83 -99 -117 42 -120 -107 -51 30 98 75 -64 86 15 -2 -85 95 39 26 -57 25 100 -23 125 92 35 -78 52 56 35 -83 -62 -84 9 127 -83 85 -113 32 -87 32 59 -85 -32 31 32 -2 -10 -69 -123 -121 51 22 101 -6 69 -9 75 -5 -98 -115 31 115 114 -10 -51 -85 49 -103 -28 -100 -126 4 39 111 -32 85 115 -103 -32 -59 77 90 55 -36 66 -101 78 127 -1 33 65 -21 -13 123 68 -69 -6 -4 -5 124 64 -81 61 -24 84 -1 105 -14 81 -91 -75 84 99 -32 104 109 45 10 -85 58 -8 59 -116 34 -19 -98 -83 -33 127 -63 -87 -110 -84 -99 54 -90 -54 89 -17 -24 -50 -59 -3 20 12 91 -6 -123 -93 -24 -6 -15 106 -111 -48 -19 -118 118 -124 -40 -66 110 16 -113 -96 -58 -46 124 -65 -123 111 56 -15 -47 71 116 79 -78 26 -109 32 -52 -53 -126 -1 18 -11 126 83 -120 79 88 -118 -21 -59 72 76 76 -47 -58 81 104 -53 38 -39 -67 -76 -93 -53 -122 -4 19 -63 9 97 -71 -48 -50 90 96 -57 -59 62 -47 -90 123 -123 113 28 123 47 110 -3 90 56 91 -95 18 -40 -20 29 11 -29 -71 89 -51 122 -13 -60 118 -23 36 35 36 100 117 -59 -93 123 -120 -33 47 -100 -93 -15 -54 85 31 29
e -28 -66 32 -4 65 -16 4 -12 3 12 25 2 25 5 35 -5 28 -42 -51 -1 -21 -13 -1 5 -13 1 -21 -1 -6 9 6 -28 -14 31 -51 -10 -6 4 -8 56 -4 -2 -23 -21 -9 21 -32 -20 32 9 -52 -9 -6 -1 4 -15 -18 -12 18 18 25 -2 -6 -5 -6 17 32 -17 15 65 15 15 13 42 -35 -13 11 35 -6 -11 -21 28 2 3 51 3 -14 1 -29 -12 -23 63 14 21 -14 14 -63 14 -19 -9 -19 7 -7 7 -18 4 12 63 -2 20 56 6 14 -56 -17 -14 -35 -76 71 10 -15 -10 21 52 67 -5 11 -1 8 2 -23 8 -3 23 -19 14 -19 -35 12 -1 46 35 -46 1 14 -7 -45 26 42 45 -16 27 -17 12 -17 -18 -63 18 26 -14 26 25 -14 -35 42 -35 -32 42 10 32 10 21 10 3 5 -3 29 -56 -2 50 -33 7 -2 19 31 -2 -1 -21 -5 46 5 -21 1 21 9 8 -9 7 27 52 -1 -17 -8 -1 -18 8 -2 -26 28 26 7 9 -20 53 32 -52 -5 -21 13 -28 -12 2 -65 -21 -9 -4 42 -20 -12 -7 52 56 2 1 -16 -28 -8 -12 51 -2 25 -1 9 5 -13 20 28 -1 52 65 -6 28 -4 -13 -9 -24 -1 -6 25 28 7 -6 -28 23 28 51 41 65 -11 -32 57 23 15 1 -21 15 6 -32 18 -28 10 2 54 6 -6 -1 -4 -21 -23 2 14 -21 6 -12 32 -17 -35 9 15 11 -6 -17 -2 4 -18 6 -2 -48 -12 11 -2 63 -17 3 -42 -15 14 -14 -15 -12 19 -18 -70 7 -11 19 -21 -2 -19 -5 -3 7 -56 -14 -12 -21 -12 -63 35 35 -14 -10 -14 14 -46 -19 -35 4 -7 23 8 -12 -21 -23 -63 -5 -23 -14 56 -1 14 23 26 35 19 7 -10 1 -45 -21 -46 -27 -5 1 77 -63 8 18 23 -27 2 19 17 -35 1 18 57 -46 -26 32 -1 -7 10 8 45 14 27 -32 -9 -17 10 7 -48 -3 -2 28 2 -21 7 35 -5 -45 -42 28 -37 -21 20 10 5 89 3 -21 1 2 -9 8 -35 7 2 -42 -2 -9
s 100000110011111011100100000110101111100101101010000001101010001110010000
m -28 48 10 9 40 61 28 49 61 -17 -34 -82 -49 83 73 -12 -33 23 -92 -40 -61 -90 10 -43 -28 -84 73 69 120 -110 -29 116 -87 15 -103 -52 -39 -95 -81 74 -89 6 -87 6 100 95 14 23 -74 -100 111 -109 12 109 -37 10 -48 50 47 26 25 91 -93 75 -106 -20 124 -14 -19 -8 81 2 -76 50 95 -90 41 22 -26 -46 -108 -81 -82 6 86 -110 33 -71 71 72 -10 -5 -63 -6 -111 119 82 -7 -126 89 -92 56 -4 63 92 -103 -2 -35 -118 6 -95 83 -14 72 25 20 27 -76 62 -115 -105 57 14 -37 110 -66 -66 -64 -74 118 7 23 -63 36 -77 60 117 -112 115 53 -124 -10 -3 102 -112 -46 -120 57 -58 -82 -9 -18 -19 -12 63 37 -104 16 123 29 121 23 82 -98 -55 -63 -122 -47 -67 40 124 91 -67 125 21 -57 -106 -111 96 125 108 -98 -62 82 114 84 -3 -111 -4 -123 115 5 32 -119 18 0 -7 11 -124 88 -25 -10 86 -76 102 -108 -40 -9 -118 64 -120 115 126 41 49 38 21 -47 -8 -45 46 -98 105 97 -124 51 -109 -100 -88 74 -104 103 99 125 -19 -24 -89 28 -6 -34 -5 -6 109 98 -65 94 36 -17 -84 -45 -105 79 108 106 126 -26 -78 79 -19 107 28 60 -41 -111 106 77 23 -83 124 -113 -109 -7 12 103 -98 -27 -44 45 42 89 -72 -97 -110 12 -115 -33 -97 -94 -11 -86 69 -58 -22 22 -25 39 -6 97 100 102 78 126 77 -103 29 -43 -34 67 -86 2 47 8 80 -92 -40 -42 16 -3 -105 126 4 -104 99 107 5 75 -123 25 66 -41 51 50 -90 -82 -90 -99 -66 -107 66 113 126 -120 -94 13 22 -46 5 18 -16 -40 12 93 81 -28 83 -77 78 -115 -126 -50 -35 55 -94 -65 125 103 107 -102 49 -3 -21 113 -15 40 -56 -43 52 108 -91 12 15 106 -9 16 -74 -76 98 99 59 114 -38 110 2 -115 -99 41 38 43 76 -36 -66 65 -71 -29 54 91 120 41 -33 -42 66 -12 49 6 64 77 -4 21 119 95 3 -19 -83 -85 -62 87 -3 -70 44 103 49 81
e 29 -7 35 -17 -7 2 -8 -15 -3 23 -5 14 -5 -11 3 19 25 42 6 6 36 -25 -6 -4 -57 15 -5 -15 23 7 -23 -14 -10 -21 6 -43 4 -25 -7 7 -25 -30 -7 6 -56 6 22 4 -13 63 34 63 -4 -22 8 -2 23 -15 -30 -26 5 -30 -2 -11 -2 13 -25 18 -11 35 11 -9 -25 20 6 15 5 6 -26 -5 -22 14 -22 38 -6 -6 14 6 14 20 -7 7 -26 -6 -3 26 13 -3 4 -63 4 -8 11 -8 -2 -25 11 5 30 14 -38 2 -12 38 -13 12 5 -11 5 -35 2 35 -3 23 -3 -6 -5 16 0 22 -25 0 -6 -7 69 14 -68 -3 20 3 -3 -6 -19 -16 -3 21 11 -4 11 11 14 11 8 2 -8 14 5 33 8 35 8 -29 12 -3 -21 -5 -9 -21 -35 9 2 -3 -2 -3 6 3 14 -38 -14 3 -7 -10 -43 -68 -36 43 -44 36 -38 -3 4 -6 -16 5 -7 11 16 57 11 34 67 8 7 22 14 -7 6 -52 6 -71 21 -56 4 -11 4 74 -11 36 -71 25 4 6 -7 -5 56 -8 7 -4 15 10 -34 5 43 -22 8 14 -7 -15 68 6 -17 9 -56 -11 -25 4 -25 61 -34 7 -23 -22 -8 25 -63 15 15 -4 -5 23 78 -11 14 -7 -25 -6 6 7 -6 -13 -25 -9 17 -15 -6 2 -23 13 -23 -14 78 30 6 -4 -2 6 -25 13 -7 30 14 -6 -2 44 -13 -13 -9 -63 11 5 -4 -2 22 -25 -23 -6 42 5 2 20 22 -5 -13 -6 -26 -11 29 -7 2 20 -41 23 6 -8 36 3 3 42 -4 -6 6 -8 -38 -14 2 -12 -20 5 5 6 26 -35 -3 13 3 4 24 -28 8 -50 0 -2 -3 7 -5 -6 -68 -26 -38 -3 -12 -7 -8 -5 -68 -21 35 -3 -11 13 -3 -11 -6 -16 8 -63 0 14 7 -16 -72 -68 9 3 -3 -14 21 3 8 9 16 -21 19 0 11 -3 -11 9 -7 8 -2 10 -14 3 43 8 -14 -42 21 -3 4 36 21 -5 9 -36 -21 2 4 34 -26 5 22 14 7 7 -14 -10 -6 21 46 -56
s 110001011100010010111001000000110001101000101000010110010100101010011010
m -107 20 11 96 51 104 72 81 41 -51 34 -121 -101 111 -13 80 65 -101 93 108 57 103 -122 -3 -92 -85 -63 84 -22 -76 -4 -75 -17 -96 33 28 -110 -70 -122 3 -11 -23 -102 54 -96 -113 -29 -56 21 -23 -23 85 109 -32 5 -68 -76 -66 76 88 -41 30 -93 26 -22 63 127 -75 -104 -40 42 -105 -43 -56 -55 55 0 -26 22 -113 -35 40 -71 68 117 -60 -98 -18 -20 -81 84 84 -72 -98 26 73 -97 55 17 -65 -33 -106 41 24 -9 -60 67 -28 49 106 -104 -64 -37 -118 68 33 121 82 -110 -91 -120 -1 -5 121 77 23 119 -22 -117 102 91 106 82 -123 -30 74 28 106 115 30 -72 -78 -25 -60 123 -115 -107 -64 75 -119 48 24 -113 -42 32 -15 42 59 -99 67 95 -62 81 38 -38 -93 -76 34 -12 -38 -92 -92 101 -51 -103 49 -72 1 -83 -113 96 40 -108 10 113 90 85 44 123 77 87 -109 59 61 89 75 -116 14 122 81 -38 28 -68 120 -93 -115 -21 -1 -31 122 -64 -31 -90 96 27 -117 -124 -17 -46 -68 -56 -99 14 63 -83 -42 -28 -12 -17 -68 109 99 77 48 102 -116 81 -62 -25 123 -85 -58 53 -98 34 44 -42 -6 -23 87 -35 20 11 64 -111 100 86 2 73 108 -32 -108 -117 100 -55 0 102 -33 -87 -7 58 -51 78 -123 1 -14 -89 102 32 -53 -96 36 109 112 54 -9 29 -19 93 -86 -49 -69 -32 41 -27 -121 16 125 -98 36 -59 -116 41 19 -83 0 73 10 14 31 85 -5 34 92 -16 -12 111 13 -28 -85 -23 -69 52 -76 -40 3 -16 -103 56 105 57 58 52 -65 -74 91 78 -114 64 16 -95 15 118 -38 -114 -4 40 -61 4 80 -111 116 -13 23 52 -74 -108 78 -46 -80 -86 2 -12 12 -13 10 94 25 -18 30 53 -86 115 66 -24 51 -37 114 80 -40 104 -103 -105 80 121 61 -22 72 26 47 115 93 90 -111 -34 47 -77 126 22 102 105 63 -90 -36 118 86 101 100 -67 8 122 111 -96 -46 -51 73 -106 122 -32 -14 93 -72 -102 106 87 17 74 -122 85 51 102 16
e -37 -13 -34 5 -13 79 5 -15 32 15 -36 -63 30 -23 -7 -23 37 -20 0 -8 15 30 8 28 -30 -6 41 6 4 20 20 -35 -13 -35 0 -68 2 -10 -15 45 -17 19 -3 1 -14 -1 -7 -11 7 -57 13 21 -2 18 10 -13 -28 15 27 28 30 32 20 -70 28 17 37 -17 11 13 -11 -13 -30 36 14 6 9 14 -4 0 36 47 31 0 0 0 -18 8 -43 36 3 -5 -14 -1 -3 14 -7 -3 -4 -21 4 -4 -2 4 13 -10 -8 5 27 21 1 20 -29 1 17 33 11 -11 -11 -1 -13 -11 -12 28 5 65 0 52 -33 -31 2 33 0 -2 -9 18 9 22 -36 22 22 14 47 20 -3 9 -16 4 -21 -16 4 -35 -21 8 21 52 -5 -14 -1 14 1 9 29 7 -20 -11 10 20 -1 10 -79 -5 79 -32 -21 32 -73 -41 -63 -7 2 13 25 12 15 -25 22 15 -3 -22 -3 41 -20 -41 -20 33 20 15 -21 -13 18 21 -15 -18 14 -15 21 -11 19 14 9 -14 -11 16 11 13 23 -39 -15 -37 3 19 -18 -41 -14 -5 20 -24 45 -13 -13 -30 -25 -18 5 -35 15 15 0 -19 30 8 14 23 38 11 -49 -49 13 -13 4 -28 5 30 -21 -15 6 -36 -30 -4 -10 23 -35 3 -37 -22 1 13 8 -19 30 -3 -11 -6 48 -25 4 7 61 -35 -21 27 0 -2 -20 16 10 -30 3 -27 -18 -1 20 -49 -7 -17 -14 21 11 0 2 -13 -31 10 -28 -50 27 0 -8 -20 -31 25 17 0 -59 37 18 -3 -13 36 4 -28 -14 -4 0 -12 -5 31 -4 21 0 4 -1 -18 8 29 -36 5 11 -14 -14 1 -3 -29 22 15 11 20 21 1 -33 -8 -5 2 -5 -21 -9 14 1 -22 -29 21 -1 35 -9 -55 1 27 -30 5 -22 21 21 -20 -25 -1 -66 -14 2 21 63 -9 -21 7 22 -14 -30 -22 1 -10 -20 -9 81 -33 -16 32 21 -10 -25 21 79 13 14 -36 -25 1 63 15 9 12 -3 16 -20 54 10 15 -11 79 3 21 32 41 18 63 -20 41 7 -13 -19 20 -25 28
s 010110111000010100000111000100110110111001110100100100001010100010000101
m 38 -115 52 -109 27 -86 77 -49 127 22 -59 67 -15 -26 -12 24 -41 -95 -75 -5 99 26 -78 69 -16 -81 78 -110 -28 -87 -17 76 -107 -66 24 0 11 -84 33 56 50 -109 -57 -41 -96 42 94 28 -77 -121 -120 28 -126 -31 50 -28 77 82 -25 114 64 55 -50 14 -41 125 -84 48 87 116 -46 53 98 -89 100 -69 94 -127 14 -15 -49 -21 -79 119 46 -2 40 -9 71 -92 119 -108 -108 -47 13 -10 19 126 -24 122 -42 57 84 68 101 -36 32 -23 107 48 -4 125 29 126 -111 87 -110 89 -110 -65 -102 -75 39 -53 -84 120 117 -68 49 -4 9 50 94 9 84 -13 -57 -9 -50 -80 -55 -117 -108 -119 15 58 -70 92 17 39 -97 98 109 64 34 -56 -5 65 108 -51 -21 62 100 -35 -7 -49 -122 48 -124 47 -50 72 127 94 65 124 -31 75 -15 105 -113 71 -89 -18 -4 -59 32 -46 -75 -58 36 -73 -66 -117 -103 2 -2 103 57 33 57 -65 -107 108 -15 54 63 69 77 87 20 40 -14 50 -54 111 -1 76 -8 -55 -21 -8 119 55 -29 -62 46 -43 -21 39 12 105 -117 8 -91 -108 101 -65 -37 -107 -12 42 99 12 34 117 78 18 -123 -95 -127 116 117 -117 -14 59 107 -17 -110 98 104 89 64 20 -85 -46 33 -94 45 -48 52 -65 -3 8 -106 106 -17 22 -55 -92 57 60 116 -15 65 -20 -3 110 39 -104 68 -36 -64 -69 -86 -43 -44 -33 -76 107 57 -33 -88 -78 -8 -68 5 -55 50 59 -85 48 22 84 86 96 2 -126 -90 -54 -9 95 30 76 -54 -35 40 -55 -77 -112 -5 -20 113 -103 34 -120 -80 31 -52 69 -89 -31 1 -1 -98 14 44 33 10 -16 -10 -2 76 -68 -97 -34 68 -30 97 -35 -71 10 78 93 -24 -111 -57 -79 58 -84 33 -106 52 6 -32 65 49 -47 96 109 -70 -65 -61 -17 119 -18 67 -40 -62 -98 95 -96 107 -106 48 86 2 -121 -50 96 -28 -114 85 33 -123 -90 -93 -19 -9 38 96 -84 -68 -31 38 31 40 22 -71 -107 78 5 -14 -82 70 26 51 115 21 -62 -127 96
e -36 24 -34 44 -83 20 -44 -19 -29 19 -11 -14 -11 1 -15 -1 34 -7 21 -8 4 -14 -5 -19 23 -7 -5 -7 13 -2 13 19 35 -19 -33 -52 -14 -3 7 18 3 7 -18 29 -26 -29 -17 13 17 -13 11 13 10 7 -55 29 7 19 -5 7 11 5 36 -1 44 20 34 20 3 -24 -3 -25 -14 -44 -27 -7 -14 27 -15 48 -4 -56 -4 -2 -21 5 -2 -5 -2 -44 18 5 9 29 -1 27 -20 -1 8 13 8 9 -10 9 2 -3 2 5 5 30 -57 -36 1 4 -20 1 39 3 39 14 25 14 35 -7 -35 30 -14 6 2 -43 -8 2 -2 -8 -16 2 16 -28 -48 -8 -29 27 -29 6 -1 -8 -35 -8 2 42 -9 2 -28 2 -28 -14 21 14 19 9 -55 -8 1 -11 -42 39 34 7 14 -34 20 35 -20 -29 30 -29 14 4 28 11 8 -35 0 21 -17 0 8 -4 19 -29 -19 5 6 5 -2 9 -41 -35 2 -11 -7 28 -7 -7 -16 7 -7 19 -7 26 -8 26 -25 35 -13 -11 11 4 -23 34 32 19 -24 -5 -35 44 2 -13 -20 -63 -29 11 0 -13 44 -19 7 -19 21 7 -14 5 26 -1 -14 13 -34 7 11 24 13 -7 -44 14 -25 19 7 10 -11 -13 3 -1 19 35 34 21 -32 24 5 17 -14 -18 -41 16 29 -25 13 -17 -7 -19 13 5 -21 10 -36 -5 -32 20 18 -5 -2 29 36 -44 17 -20 27 -13 -3 -14 -10 25 -4 -3 -47 2 22 14 2 -36 -4 -5 38 -2 -9 3 -12 1 25 -44 13 7 -39 9 14 1 35 -4 8 -30 2 -9 4 2 2 -1 -44 -5 39 -27 9 14 -12 -26 -29 -8 -43 -6 18 28 -2 -28 35 8 5 -42 -16 9 4 -8 -1 -8 19 -39 16 8 14 -8 35 -35 35 -2 30 -29 30 4 2 -14 -8 2 14 16 28 -11 8 -14 7 -29 -19 34 -6 8 -20 -2 35 -29 15 34 -2 -28 20 35 14 -69 0 -19 14 -4 18 11 -19 -35 -7 5 -42 4 13 -25 19 11 -29 -28 7 14 2 7 11 -35 -7 -7 0 26
s 001001000011000000100010010001001111101010001100110110101111111110010110
m 72 -51 -97 16 57 76 -68 61 -11 -115 62 -73 -126 42 -33 -114 -2 53 -123 105 -46 121 -114 -45 -117 -17 -80 36 -81 30 8 40 -20 56 102 -42 102 -104 42 -23 -70 -64 -47 0 45 -101 -10 -33 22 -125 9 -43 -90 -10 -72 17 10 99 43 83 -120 59 2 -22 17 83 -102 43 -123 126 26 -33 -110 89 -1 -23 3 -79 -62 69 67 -21 2 5 101 15 -62 -50 -38 -82 94 -39 11 -115 116 104 102 51 -76 108 -4 -115 -77 97 111 -17 101 -100 112 33 22 -11 94 -47 -39 34 115 -13 91 108 24 65 -8 -100 -53 107 109 43 36 100 27 -90 92 -11 -65 56 74 -104 89 -1 -53 -35 0 -80 -88 69 76 97 -104 -38 -85 56 -85 -110 -115 -17 -25 47 -89 105 -8 -71 91 44 -13 -103 44 118 -2 -29 17 -120 -96 -108 127 -60 104 76 -32 -32 73 -118 68 44 -54 -116 36 -13 28 -68 61 16 -55 18 113 -105 -35 -46 -18 108 -86 97 8 32 64 121 0 124 15 67 64 -21 -118 -8 -68 22 -81 121 -55 66 11 -37 23 -58 -27 64 -14 70 51 43 76 102 -111 -92 -64 -48 80 95 44 -41 -88 -25 70 122 -49 -41 -11 -45 83 102 -116 -34 -106 56 102 -53 33 103 -124 -80 -114 117 -94 107 -26 -63 54 -59 34 -81 95 -81 126 -11 101 -35 -77 -54 22 -101 -114 55 94 -95 -123 -81 -67 114 -126 -63 44 105 107 -19 -125 -12 -104 31 -88 -90 -79 -5 116 106 -119 70 -105 126 67 116 62 121 -45 62 0 -28 121 -65 81 -61 23 59 105 -78 -108 -57 -93 -125 67 -33 106 57 6 -102 -11 -111 -30 -115 93 -85 37 -60 -3 -84 66 -44 -86 16 125 -61 13 60 -116 121 72 24 -53 114 -63 71 77 -85 74 65 3 69 -97 64 -47 -50 -100 6 -40 -42 -83 103 -92 -31 -12 69 -52 -10 44 46 -44 106 -7 11 -4 120 80 -87 -91 -62 -80 -77 -73 31 20 -16 -76 23 -101 78 17 92 122 44 83 -25 -78 54 119 59 -8 58 -37 76 -83 -59 83 -7 16 -108 98 -120 34 -110 -94 -62 3 -127
e 2 21 -7 56 -21 -15 -14 45 53 -45 -77 28 55 -20 -22 20 -10 7 39 -22 -12 -43 22 -10 43 -10 -7 10 7 -13 -55 19 21 19 -39 3 68 15 7 -42 15 0 -21 48 -19 0 -20 -33 9 28 20 28 -68 -14 -14 5 20 45 -49 9 55 -38 10 37 2 -11 -2 -11 -12 -21 12 -5 43 17 -31 -10 61 -1 7 3 2 -35 55 14 -39 5 34 22 39 -17 21 22 0 0 3 0 9 3 4 -28 21 -50 -70 50 -10 59 -10 22 -38 -21 6 -2 -30 -6 11 -68 57 -23 57 -2 5 -2 -44 -9 -7 -21 3 -14 12 2 -10 -12 5 11 3 -34 -3 -1 17 -32 0 -1 10 14 -3 -56 7 -4 -6 -7 -50 6 14 10 14 28 35 -15 -4 0 -4 56 -30 22 -7 -57 7 7 53 -7 -67 -7 15 10 -21 10 -28 6 46 -22 -10 18 -3 -3 -12 3 1 -39 10 0 10 7 14 7 -13 -12 13 18 -6 8 -9 -14 37 9 -15 7 -14 4 0 -19 -61 24 -29 -34 -29 8 20 12 -7 2 25 0 -45 -7 19 14 18 29 47 -18 8 -55 3 -9 -14 -19 7 45 -56 0 55 30 -19 -20 49 -29 -2 -10 8 -21 7 -9 -14 -43 -28 -45 10 68 55 7 15 -20 -19 21 -2 39 0 21 -22 -9 -43 -21 12 -15 0 -5 7 -9 9 -19 28 -38 -39 -68 -2 22 15 -11 -21 38 -34 0 2 -27 -9 35 -1 -38 -12 -3 -68 -15 2 -15 -9 5 38 3 -10 2 2 -22 11 5 -10 -12 -34 -3 5 -17 -4 9 1 -50 -3 -3 -7 -2 -4 21 5 69 20 34 53 30 -17 22 57 -1 0 2 -45 30 0 4 -57 -37 50 2 32 -10 -7 -10 -22 -29 3 0 -6 1 -30 10 4 76 -9 -56 2 1 -7 -7 0 16 21 14 14 6 -12 15 10 6 28 3 -14 22 -1 -15 -12 0 -7 7 -14 56 15 -12 -7 10 -6 7 -13 39 15 -18 15 -10 -3 4 -28 12 -56 -28 -10 7 7 7 -26 12 -29 -15 -10 -8 -10 -14 9 28 -13 -7 22 18 0 -7 -15 19
s 011010100101111101111000101011011100111100010101011110111101000001010010
m 64 -22 50 68 77 79 -42 103 75 -25 -56 2 58 76 -89 -118 -4 41 -16 23 -21 -36 -59 -6 81 -56 2 -103 -63 -1 2 73 122 108 56 -13 -23 -58 11 -90 48 -49 96 74 35 -40 40 -1 -63 55 -7 -35 101 27 32 -36 -3 93 32 -64 -20 -112 103 -115 -112 82 -118 -36 42 69 100 24 -123 -82 24 -37 -43 -4 126 -69 53 54 -10 103 -118 -99 -42 67 117 15 59 -98 26 -114 -109 -75 23 23 -50 -117 -82 -70 17 -42 93 -45 -110 46 -56 32 106 -109 -53 -39 53 -31 126 -54 40 -63 66 2 21 -81 -23 26 -81 60 49 -56 -10 -111 99 -90 113 -56 123 104 54 72 123 57 -68 -124 -119 111 44 -93 32 2 -94 -124 120 36 124 33 78 115 -101 114 33 -115 52 -56 -122 80 -88 -29 -78 2 94 106 17 92 -49 -3 -47 -29 103 35 61 -45 97 8 83 -69 -1 17 63 -54 -38 5 -25 79 -55 -33 105 57 87 120 107 59 53 -47 -100 118 -33 -82 12 113 -108 118 55 29 21 0 -86 -78 94 -73 -31 -60 -3 -126 -37 65 70 -77 -34 -108 -102 74 -41 71 -71 -28 121 43 1 -89 35 27 -29 -40 70 21 127 77 34 -98 76 -47 -60 -20 113 2 3 -117 -83 -5 119 -12 20 -82 -49 -92 37 -110 -35 109 -5 -24 112 106 -88 8 111 71 53 -117 110 75 -107 -42 121 1 75 61 -119 -54 28 -127 25 -116 -65 -121 98 -93 -8 43 64 -17 41 17 112 124 -91 -35 24 -79 -15 -122 -49 86 74 -28 -118 101 -119 117 -114 -86 -93 -101 -38 52 -126 63 127 -126 101 -79 -50 -20 -10 25 18 -69 -82 -96 123 -59 54 26 27 85 59 -87 98 -53 0 121 24 -109 93 -51 78 18 13 -125 95 93 116 49 55 -58 27 63 78 10 -11 -58 -98 41 -21 110 47 -72 79 66 -43 -60 2 58 105 -101 120 95 11 67 -63 94 -124 -106 -120 47 -38 1 -102 -53 -89 73 -86 60 72 -21 18 -21 14 -42 96 -9 -56 -119 100 111 -33 -37 -97 44 -111 -7 110 48 44 45 -105 -116 -112 -103 2 -6
e -4 -3 1 -28 3 15 28 -2 -3 2 -18 -16 18 -11 -31 11 43 -26 -1 -1 15 5 1 -28 -5 3 -5 3 -2 39 5 -18 -40 -18 1 -2 15 15 40 21 -15 -11 -21 -33 -6 33 -21 19 21 31 0 -49 -15 42 -37 7 -47 -2 -48 -3 -31 28 22 11 -22 32 4 -43 -7 3 -7 -7 5 14 4 3 -31 -21 2 -31 -9 -18 14 76 -1 -76 -18 -1 18 -16 -21 41 -16 33 -21 16 -35 46 72 -31 44 -37 -21 -62 -9 15 9 -61 28 23 -12 -22 22 12 32 22 35 7 43 2 -7 -24 -9 -3 9 28 -31 22 0 9 54 0 76 9 7 -18 7 1 -14 1 10 4 -10 -22 -21 13 2 44 -34 8 -37 28 -2 -9 -2 -63 -41 -29 -10 -16 10 -13 -22 -31 26 35 -1 36 2 1 15 -9 33 -3 -23 42 2 12 -2 37 -9 50 2 49 -15 -2 -56 -19 6 -10 -6 -2 -36 -2 1 0 -1 -40 -28 0 24 -2 10 -24 29 10 -11 -10 29 -6 -13 -6 -1 2 -1 -7 11 15 10 4 -6 -11 -20 2 6 -28 -1 1 2 40 0 18 -2 24 28 18 10 -2 14 -11 18 -1 6 11 -5 -1 -4 -3 0 -3 2 -24 28 5 31 -22 -33 15 -18 -2 -15 35 -25 21 4 -1 -35 -3 1 -21 18 52 -7 -3 33 -15 2 -21 3 18 31 -28 -1 15 22 -21 -15 32 21 28 18 33 70 14 21 -32 4 -31 25 31 -15 7 -9 -40 3 76 28 -34 -9 -22 9 41 -32 87 -16 7 -18 21 7 -14 44 -3 -4 -37 -31 21 9 -9 -44 -23 76 -37 12 -25 21 -23 -14 41 -35 -4 -16 2 21 -22 10 -44 35 -22 37 2 29 -9 -9 9 -41 -23 7 -23 -26 -1 -22 -9 10 35 7 -13 -2 1 2 -19 -24 28 -23 22 2 -12 0 29 -9 -28 2 -7 -19 31 1 29 -26 10 19 1 -22 13 -15 0 -2 -3 28 2 1 2 -15 -40 29 -3 2 -10 -2 15 51 -31 6 -2 26 2 1 -15 1 -15 -6 0 3 2 24 -2 -1 10 -31 40 -11 26 12 26
s 010010100100100111101010010011100110010010001011101101010011111000010010
m 84 75 56 84 -61 -127 -10 78 -34 -7 -55 -113 -77 81 126 57 49 57 120 -104 -12 74 -122 12 111 -94 15 11 36 -87 112 77 -110 94 25 65 31 70 11 -112 89 -56 -112 -17 22 -51 117 47 -69 -74 24 -124 92 -113 -34 99 -107 -49 8 -9 -37 -23 -74 65 -1 -37 78 -2 25 -11 104 -111 -24 -59 -71 -2 -17 63 71 100 -60 12 -55 58 -92 54 68 84 -33 -7 95 94 -81 78 -57 126 72 -67 111 -38 -20 -67 -78 43 113 85 -101 -76 -6 -64 53 101 -15 -82 59 -107 -7 -55 -16 -33 -119 -50 -42 -98 115 30 19 34 75 -71 115 -101 84 -62 -53 -96 -117 71 -29 -50 -9 98 19 -80 104 122 -68 82 -42 43 90 -14 -115 -31 88 42 -42 83 47 -122 -21 70 -30 -55 -2 115 27 113 -111 -106 -57 -120 -33 -75 -80 70 -14 -5 108 -38 8 6 -86 111 88 32 73 36 51 25 6 38 -73 -124 115 -27 47 -83 77 20 85 5 84 -103 -1 -116 -49 10 -65 -100 5 -79 -29 -93 11 40 52 24 77 81 122 72 -102 112 -68 48 -118 -89 20 23 -74 82 79 -62 110 90 -1 -1 -69 -59 42 -77 -117 77 -29 41 -6 -87 104 4 -81 2 -22 -83 88 68 -41 65 37 -87 47 -80 95 66 -60 90 -98 -117 -125 47 -103 -120 -17 101 56 85 -24 -44 -2 74 122 83 -116 94 -64 -50 45 115 -3 -112 -72 31 15 6 102 77 -5 -7 -84 49 -72 -124 -80 -50 -118 105 -4 117 48 102 114 -61 18 0 103 64 -45 93 99 58 -118 27 97 -94 -89 116 -99 -68 118 71 113 20 -43 12 -68 31 40 -88 -68 78 47 -22 -56 -78 -123 -21 94 -115 105 74 -32 -29 123 0 -68 -96 31 -14 -37 -120 -118 -14 49 53 -117 -55 43 -103 -2 -52 73 -81 -98 87 8 -69 -98 -118 -98 82 -100 -36 14 27 -27 3 58 -68 79 -46 -58 111 -9 79 72 78 -53 -111 -96 -92 75 7 95 88 15 -66 7 63 -8 -63 116 91 99 -81 -111 70 -72 30 -72 36 57 -89 -29 22 38 -94 -43 -45 -36 -92 -114 14
e -6 4 24 -9 -4 8 20 1 -50 -1 33 7 33 -46 -24 -46 -6 -2 -22 44 -21 -21 44 6 -21 -2 34 2 -21 34 -21 -11 6 -11 -61 14 -57 40 -1 3 40 -32 3 28 13 15 39 -10 -39 7 18 7 -28 -2 9 75 2 -1 -4 2 33 4 1 -46 14 2 -6 16 -15 -4 -15 -75 26 -6 5 -10 -17 -5 -21 15 -49 -65 -53 0 22 0 11 -44 -11 -6 -3 37 13 -15 -49 -13 39 -49 -18 7 19 -18 28 18 -26 40 26 -37 4 27 -5 -1 27 5 -2 14 -14 15 -7 -20 -75 -20 -46 2 37 -56 15 -51 -24 -49 0 24 0 0 -28 -11 -28 -24 -6 24 17 -5 -8 30 49 5 -2 -18 13 2 18 37 -5 26 5 -1 -54 -1 -9 13 9 5 14 24 50 7 41 -2 -20 -24 8 -37 8 -30 27 30 7 33 -7 24 0 -7 -14 28 11 14 -24 11 6 -8 11 14 30 -14 -34 28 -34 6 -13 21 2 7 -1 -2 3 1 -32 -19 -32 -13 7 -13 10 -2 -26 18 -50 11 -1 -6 6 32 -4 14 -13 -9 34 10 1 -6 -18 -33 14 -2 -9 -11 10 -7 22 -32 -33 44 -13 -46 21 -10 43 -2 18 10 21 26 9 21 -7 1 -2 -28 -33 21 40 46 -11 -3 6 -22 15 -4 44 39 21 3 22 2 -15 87 32 -42 8 -11 -7 -4 22 -28 1 68 42 -2 58 4 -11 -15 -1 7 39 -2 56 34 15 15 28 -75 -49 -40 2 0 6 15 -26 -1 49 -37 -2 48 -13 -15 -11 49 75 6 18 -2 -5 -18 -15 49 -37 -49 -18 -27 0 38 5 29 26 -14 6 -37 -7 -5 -13 -29 -50 14 8 18 7 30 18 20 24 28 37 -7 -37 27 32 42 5 24 14 0 -9 7 -28 -5 20 24 -38 -37 -8 13 27 -30 5 5 24 1 0 -13 7 -28 5 -34 44 -1 -2 8 -9 -24 30 5 27 -24 2 30 13 -24 34 -5 -8 -6 -1 30 28 9 -13 11 -5 24 6 2 -2 -14 -24 11 10 -8 -6 18 30 -14 -2 -7 -42 1 24 6 -43 2 -14 20
s 110100001010110011011011111111100111011100110001001011010111010101011110
m 19 105 -113 -20 -25 -9 -24 -37 -104 73 -48 59 -107 -121 -67 -14 -95 104 6 -119 44 122 55 -2 78 -84 -110 -84 -75 -29 -85 109 41 52 -48 -101 23 -122 -58 -4 121 66 -102 62 -26 -73 44 111 100 9 127 72 43 48 -13 -91 -79 90 -67 127 21 -10 95 -126 -16 110 -12 39 126 102 25 -13 -66 -109 41 0 -24 103 -111 -115 -102 71 -74 51 -88 -105 10 114 -60 28 109 52 92 -116 -46 -46 48 -52 69 -5 -122 -81 -100 -105 85 110 -122 -27 47 -124 127 48 45 91 -1 45 -7 68 -119 62 -26 74 -62 78 49 38 -116 -41 -29 84 -67 -86 -115 -123 2 111 -101 -113 120 -12 -11 21 114 114 92 -5 80 -59 109 -23 109 19 118 -67 -119 -24 -43 -52 42 -16 -117 -79 -18 118 -88 -33 -106 -98 26 73 -108 -125 -94 -88 -24 -27 -114 90 -58 26 70 -106 64 100 -79 -106 -76 10 -98 -5 97 52 124 -94 11 19 43 -79 -110 66 -116 106 96 -22 14 61 51 -59 108 -92 3 -57 -120 -70 51 -57 -57 -53 58 -78 122 64 -124 70 68 72 -79 49 -36 89 -36 117 -124 -11 22 -112 90 -30 -84 -122 46 109 -60 -106 -9 72 -80 47 112 75 17 34 9 71 14 4 10 5 -95 -66 85 -35 79 122 -72 -32 31 101 -23 111 -11 -17 38 48 14 -22 -50 15 -105 37 123 55 17 -56 -94 123 95 100 -107 -84 -25 -87 -107 24 -49 -11 1 81 46 10 116 -4 41 118 -23 -39 29 101 73 -123 -51 55 -67 -88 122 14 -116 -8 78 82 59 -120 -53 -70 66 118 115 114 -37 22 -102 -15 63 -15 86 95 41 1 111 -79 -64 -95 68 13 98 99 45 -35 41 118 -72 -64 -79 117 58 124 -98 82 -20 31 57 45 78 34 -63 51 -117 126 71 -104 124 -69 -94 -110 34 95 -99 -117 -1 -7 101 109 -50 68 34 118 -3 -50 66 46 63 -70 -33 90 -56 -37 113 101 55 96 27 57 -105 33 -104 -21 8 -55 51 3 -108 -67 103 93 -71 38 12 27 -52 69 -109 20 27 108 -62 -32 -7 -101 -59 -74 -59 -53
e -11 22 41 -8 -66 24 -8 -4 24 4 19 -7 19 13 3 31 11 -3 -15 -21 -9 -8 21 46 -8 0 -18 0 -15 -10 -15 -33 -50 -33 6 -52 -5 -75 -28 15 75 -45 4 13 -47 -13 -14 11 -14 -5 -32 -5 -5 -10 -8 -4 21 4 9 -21 -41 26 -14 13 42 1 17 1 13 22 13 -4 8 -21 -1 9 -9 -1 -15 -9 -36 -33 -36 35 6 -35 -14 21 9 21 -4 -1 14 -13 -7 -14 -14 -7 -33 8 33 -14 5 -14 56 75 -56 1 -9 20 -18 -14 -12 -18 -10 -12 -29 13 -7 -23 -4 -23 43 -21 -55 -20 -9 31 17 36 -1 17 -35 -1 56 -9 -2 11 21 28 5 -1 -5 -31 7 -3 -21 33 -7 49 14 -7 30 -56 -30 13 1 13 -19 -41 19 -3 12 -3 3 -7 41 3 -55 -41 8 43 8 24 20 29 7 -18 7 -3 1 36 52 2 9 -52 11 -34 2 10 -2 18 -31 -18 26 -26 10 36 7 -32 10 30 28 10 -21 28 -52 19 -45 -23 5 -23 -11 21 11 32 13 9 28 11 -2 -45 -22 18 23 8 -10 11 -4 -36 50 -19 -52 20 8 33 28 -4 6 45 -19 21 -23 13 10 11 11 0 -32 22 44 -10 12 -8 -5 27 0 -21 19 -15 84 13 -33 -4 11 6 13 22 -49 -14 8 4 13 0 28 -4 -15 -39 21 -46 -5 -9 -6 5 14 21 75 1 4 9 9 -13 14 25 14 -1 -19 -5 13 21 -5 -12 45 75 69 -45 -9 9 56 14 -36 -1 -1 -35 14 22 9 -41 4 21 -33 21 1 -14 9 7 -43 36 52 -21 -35 -36 -18 9 56 -12 21 -24 7 1 -14 23 7 -16 -5 -33 7 36 14 -23 17 -59 43 1 -1 -20 -2 14 56 -11 -12 1 -19 7 -2 3 23 -11 -21 43 -5 7 20 31 44 -18 17 13 -40 17 -7 2 -30 -3 -11 -13 65 5 -19 -63 -31 -3 8 -17 21 24 -7 -41 10 30 -8 -36 13 -24 -52 37 -51 9 3 -7 2 21 -3 18 41 -9 43 -8 2 -32 24 46 -10 -7 -10 -51 3 36 45 3 -56 -23
s 000001110010110101010001010001100010001011111111000111000101101001111110
m 60 -42 106 -98 33 74 -107 115 42 -29 46 -13 -20 -93 -118 34 33 44 -111 -44 78 94 -15 109 11 -3 -103 -72 -94 57 94 6 -85 -35 20 -92 -73 79 -69 108 125 -45 -72 23 113 -59 -18 47 -110 -16 127 -1 -61 82 49 -66 -101 -67 -72 -55 -38 -103 29 -8 112 -61 -17 -27 86 -88 21 -18 -28 -42 64 -79 80 116 102 75 10 83 107 111 -88 -65 80 97 49 50 -17 -36 -123 33 -51 -3 59 56 -52 85 82 -63 79 113 27 36 -40 42 66 107 5 25 55 -39 -23 65 -92 -116 58 39 44 24 4 81 95 104 -19 -119 -40 -81 -91 -28 -26 -18 -77 -84 14 46 85 10 -73 -56 -107 14 -58 108 69 -75 -54 -18 35 -81 22 -85 -1 50 0 -92 -42 37 -122 -97 -17 85 -93 8 -104 -66 -43 26 47 -23 127 44 112 -87 67 -76 -104 -124 -41 -66 55 -36 -86 116 -121 -25 -11 -126 -1 83 -67 -48 -13 13 -93 2 -16 -54 1 -120 -104 33 -34 -42 -105 15 23 -98 127 108 23 17 -9 113 28 59 106 -121 40 70 -115 81 23 -6 7 -66 10 -2 78 -5 -125 92 30 -44 -83 -31 -26 125 100 107 4 -84 28 104 -109 -63 53 -74 68 -42 12 31 63 -71 -47 -48 -109 61 3 50 -95 52 -32 110 -50 -75 -1 -103 89 108 108 -52 -9 89 -84 104 -1 84 17 54 40 54 -86 -48 -48 94 -55 0 92 78 80 120 -22 30 -106 90 85 -71 -55 116 34 -98 -68 59 -93 113 -18 -71 -61 -35 19 -55 81 -30 16 -117 -109 27 101 102 57 19 -85 -114 21 126 -43 62 53 51 -17 -12 118 -77 47 6 18 97 110 -89 -111 122 4 -8 43 12 23 -82 -117 -59 32 89 51 45 119 -39 -120 -11 -33 37 109 -81 -36 30 92 50 -113 113 -52 -121 52 100 61 -86 72 -123 14 7 54 1 -55 -36 79 83 -56 67 35 92 53 -3 -75 -112 119 -112 -80 -21 -97 15 -84 -32 -83 86 -91 -103 70 93 72 -104 -81 -16 103 -127 122 -2 -108 2 -26 -112 117 16 83 -14 67 -20 56 91 2 62 -73 10
e 15 -29 19 6 37 2 6 9 39 -9 5 -13 -5 7 -32 -7 15 49 -18 -1 2 10 -1 1 25 42 -14 3 -54 -7 54 -31 -2 6 23 49 -42 -3 -18 15 -3 2 -15 8 4 -8 -20 8 -16 1 -47 14 -42 -1 -6 16 1 -9 0 1 -5 0 -22 25 -22 17 -28 17 19 -29 27 39 -10 24 -49 3 -17 -49 54 -17 -30 -6 -9 -23 -18 23 11 1 11 -24 -46 0 3 8 -49 33 16 45 -7 -1 7 17 42 -17 16 -3 -16 0 0 -40 15 -26 -15 -5 17 -15 -7 -19 7 21 -16 35 -19 -1 -4 -40 63 11 12 9 -13 12 47 -13 -1 -11 1 -9 -24 -10 4 50 4 -11 -45 -3 14 -7 7 -14 -17 7 -1 -16 14 30 -6 -30 -14 -3 -14 3 29 32 -39 16 -19 -39 -21 19 2 4 2 37 -40 -37 12 -5 -12 -32 -13 -2 -64 -1 -2 -49 9 -2 -1 4 -10 14 11 -14 7 -25 7 2 7 47 -29 1 -18 -1 -44 -18 2 31 -2 -4 -3 4 8 14 -21 -47 -7 2 18 -15 1 -2 -29 14 4 11 -12 -8 26 -2 -47 -18 49 -1 -6 6 -18 -9 -18 -2 5 1 9 7 10 8 -15 3 -48 -29 54 1 -6 10 -1 -9 3 -48 -5 60 -32 -7 6 15 -15 18 -8 -29 -14 -16 10 15 19 3 -21 -16 -54 16 49 -6 -1 0 18 42 22 -1 3 -17 -15 -48 11 8 -22 -24 -16 -17 49 -1 19 17 -42 -16 -9 3 1 -23 0 -17 -24 22 9 0 -21 23 -3 -19 11 -45 16 -37 7 -1 -49 -21 17 -45 -4 -9 -7 -40 -23 -17 -5 -14 16 15 -24 0 7 -49 -3 -21 -45 -15 -46 -38 7 -13 -17 -21 12 -16 -4 13 0 -46 1 3 -5 9 15 13 14 -7 -1 -3 21 -9 -14 -4 4 7 -40 -11 -1 -5 -12 -30 16 -14 12 13 1 -49 -9 30 -39 -4 14 19 -11 27 -2 12 14 -37 7 -23 7 -1 -2 -2 -30 37 49 -14 12 2 -3 -32 -1 -15 39 -14 19 -22 -8 42 -1 47 37 42 -1 -12 -7 -37 32 2 -21 39 49 4
s 001110011111000010000111010111000111101011010010010100100010000111101001
m -68 -29 91 -34 -48 -117 -28 95 69 79 -89 79 -62 97 4 31 -49 95 8 -4 39 2 -115 1 -95 104 113 63 -52 126 -117 -91 -53 -76 -99 38 -126 126 38 -18 -67 -48 38 -26 -58 39 -29 -81 -104 -86 -118 74 83 -119 -75 -15 -96 -60 123 58 -58 -99 124 66 121 47 -109 88 -89 26 -14 116 -78 -69 -4 46 -125 117 96 28 114 29 49 -11 -54 51 -84 107 81 -124 4 55 -44 75 122 -114 46 -48 67 -79 -88 -39 -108 -92 64 -81 -16 -116 -48 -3 63 -104 32 -67 61 8 -4 17 50 -13 -25 60 59 -122 -8 -101 -90 -46 98 8 83 69 -45 -25 -102 10 33 23 27 54 -87 2 35 -19 -11 123 28 89 -82 61 -58 -9 45 -21 22 -32 -120 -16 114 -46 -103 -72 -127 -46 -70 -24 37 104 76 6 -2 116 -67 21 -45 -32 -85 115 -15 83 24 45 -113 68 56 51 54 34 -44 -88 -68 -42 107 -80 -125 -87 114 77 -74 -19 71 93 -62 122 46 61 -125 55 -116 51 -93 36 104 -52 99 63 92 53 -22 -99 -15 34 -84 95 112 27 124 93 -109 114 -11 121 102 -73 29 -1 -69 -38 100 -78 -29 -64 11 -92 -55 -126 -48 103 -57 -23 -50 41 116 -59 -111 -87 123 -4 20 29 104 -19 126 11 78 27 -104 -111 -108 -99 -78 -18 -112 46 -26 114 46 7 64 117 89 -121 -65 -114 -5 -36 63 -82 111 -99 -101 -117 -118 118 123 -4 21 -123 103 76 89 -117 -22 61 127 -127 -62 119 47 -113 -88 0 -35 48 47 46 -120 -96 -89 -99 -25 106 118 109 -114 -58 30 -103 54 -52 -119 -47 107 97 -81 -110 41 29 -70 0 66 -48 123 -98 126 -83 98 56 25 11 88 8 24 26 123 -64 -116 30 -82 -58 -112 83 -38 51 -92 -91 -78 45 -118 64 -13 49 -57 85 -113 97 90 -43 -45 5 61 99 53 90 -64 116 59 -14 4 43 6 49 -43 -93 112 108 -59 59 -113 -39 109 121 40 99 -53 -85 -96 -37 60 -117 91 58 -53 108 -29 94 -87 -48 0 86 38 -19 -8 120 69 -70 -81 -84 -97 -68 125 -101
e -42 21 6 24 21 2 24 34 -19 34 18 -14 18 -17 41 -17 -42 -47 24 -32 -30 -49 -4 0 2 -41 -17 -41 -26 -61 -26 -1 40 -1 -7 -45 4 54 -20 -4 -54 30 4 -23 10 23 7 77 7 -65 -10 70 -4 -7 24 22 51 -34 -42 -56 18 42 5 -17 5 -4 -42 -4 -13 -21 -15 -14 2 -24 0 -41 25 0 26 -67 7 1 7 -40 -7 10 -9 4 9 -24 10 0 -27 23 10 -27 -7 -10 -22 -65 22 -22 4 -22 7 -54 -7 0 55 40 -59 -5 -7 56 -4 -28 21 13 -4 -10 14 10 -7 51 21 3 25 6 61 20 21 77 -10 -21 -29 71 60 40 36 21 -12 0 12 6 -42 -43 46 -22 -5 25 -22 -5 -20 -7 -35 14 0 28 4 -27 -4 43 7 -4 47 4 6 -47 10 26 38 -7 2 -28 3 19 14 -56 54 4 22 -47 34 29 -30 -34 21 -33 0 -12 0 17 -6 17 61 -61 -61 -40 -5 -10 7 -20 20 7 -14 -20 30 4 30 -10 43 -10 -71 -25 -71 10 -17 -30 34 -42 0 -42 21 -17 -10 -25 -61 -71 -34 -40 -17 -18 -34 -7 -24 -26 20 -53 7 30 18 -4 -32 17 2 71 -43 -41 -10 23 -26 7 -24 2 -65 -34 -41 73 -26 41 54 28 1 4 42 7 -23 21 -4 7 2 -4 -13 -41 -23 -14 26 -26 -51 1 65 42 -7 4 -91 -4 54 4 4 42 -9 -23 -5 24 -7 31 0 -65 13 -25 -4 14 -7 56 -51 -10 42 -25 7 -5 -7 -26 4 10 27 13 -9 -10 14 -24 48 -51 0 22 25 -10 -7 -7 -22 3 -10 -22 -56 9 -7 7 24 0 4 2 27 -10 10 7 12 22 -4 -6 35 12 61 14 -7 21 0 3 -29 39 56 -21 7 21 -4 -4 -29 43 -10 21 -25 -7 -13 5 3 -6 20 -56 61 14 -21 8 -14 29 -20 4 -21 -14 -47 -12 34 6 -17 -53 2 -61 25 -19 -5 6 61 20 -2 -40 -14 -19 34 -4 14 30 -43 -4 0 25 52 -17 -6 -30 71 2 -1 10 -19 37 -36 -14 -99 20 -4 40 30 47 -34 10
s 101011101110010111000000011101000100001110001110110101001001110111000000
m -100 95 90 0 -112 29 -105 -31 90 -97 -35 -1 -46 38 102 -20 -123 -68 4 1 -53 16 -3 -92 80 100 62 -85 -62 -88 -12 -64 2 75 126 69 -88 -117 73 -120 -4 -16 -117 -80 -23 -40 -80 25 31 -2 124 71 -91 -106 -107 -9 1 31 -36 1 94 -11 73 -97 -4 117 51 25 36 39 60 -101 -96 -18 -29 61 98 -121 -109 -63 20 43 62 34 124 -123 25 17 -4 18 -103 -57 60 52 -57 41 -47 58 -118 -47 83 124 -21 -103 2 62 -99 18 7 -76 -77 -74 35 -117 117 48 48 25 -59 28 -37 13 25 -75 116 -93 104 90 -54 109 -32 20 22 89 41 106 123 29 -68 27 -91 -71 83 -57 26 -27 -11 118 45 27 108 106 -126 29 -52 -86 98 -50 -119 95 -46 -106 121 -7 31 100 -117 9 -17 -5 -29 68 73 -11 -74 23 110 19 -123 -54 -66 73 -117 47 53 17 18 126 -109 -103 -3 53 88 -32 75 73 -112 -125 17 115 34 114 122 107 66 -50 20 127 125 -67 96 14 33 65 -89 111 -124 76 -126 102 19 49 80 -109 -105 107 105 -25 -46 -72 -70 -34 25 -55 -38 -13 -85 62 -52 -13 -124 -29 -8 49 115 -11 -26 -44 -2 -121 71 -49 -116 -81 81 -83 97 88 96 82 -4 -20 -6 -1 17 -54 49 -103 -114 31 80 103 -37 31 35 -17 64 61 -62 -6 -44 -97 -116 -30 89 -55 -32 -26 -40 -38 81 -5 -51 35 -112 -83 54 -24 51 25 -119 -71 -26 -118 9 -70 -95 -10 106 -36 -72 13 110 52 -119 70 8 -91 -85 -102 -73 79 -97 106 116 79 77 -23 70 79 -94 -57 103 21 37 -124 41 105 112 -18 87 89 -66 -104 66 -6 -126 -70 -103 -99 -76 -33 45 32 60 18 103 -123 77 58 -62 -26 119 38 97 -69 97 -92 -73 46 111 23 70 63 52 -20 -110 -66 116 21 20 -47 76 109 -46 40 -123 -113 -109 47 -86 126 -97 -87 97 43 -125 -61 32 -120 78 -104 13 36 -117 75 -51 -36 -88 -19 88 121 114 50 -54 -12 -102 -14 -110 17 116 -97 -15 -1 17 -83 -6 -86 37 102 0 2
e -15 35 5 -34 -35 -13 0 -28 10 -28 30 -1 30 18 6 -18 -15 8 46 3 -11 -70 -1 3 -14 28 -28 -28 -11 15 -55 6 -63 -6 4 0 -19 -4 44 1 -4 -12 1 -5 -2 -5 28 10 -28 21 2 -2 -19 -14 0 -15 1 28 7 1 -30 7 4 -18 -32 22 15 23 -22 70 -22 -8 14 16 -16 28 9 -16 -11 -9 21 -6 18 20 4 -20 4 1 -7 -16 1 12 36 5 23 53 28 -23 6 2 -6 -50 -27 50 -26 4 2 -12 -10 -16 17 -4 -42 17 22 -31 34 -32 -34 -12 -8 -15 -40 -1 -22 -16 9 50 -18 18 23 48 30 -23 -42 4 -36 -16 16 -16 -58 -16 58 -56 -50 -61 24 -6 15 -10 -50 15 -46 -2 -46 12 -12 12 -41 36 -66 -24 -31 -6 -8 34 -5 -28 12 -42 13 -22 -13 -21 -16 10 1 -18 -1 -6 23 -2 0 -36 11 0 -24 11 3 -58 17 -28 50 44 -15 18 15 2 19 2 14 46 44 14 -12 -64 12 41 12 -2 24 2 10 -10 -10 2 -18 11 -44 15 -3 12 35 28 -2 0 -15 -10 -28 2 -2 31 0 -14 0 6 -44 28 -4 -14 30 -1 -2 18 -14 -22 -15 -28 -15 -35 11 -14 0 14 -2 -28 28 19 -30 11 -4 -18 6 35 23 -4 5 -35 -1 -28 -14 -1 22 39 5 -8 11 -28 -1 6 2 7 -4 -19 4 -1 -4 -22 1 7 4 -31 -4 -16 28 -22 16 2 -22 9 -19 -8 -18 -4 1 -20 7 -22 -2 -4 -18 -16 22 20 -36 -22 4 23 -8 16 6 1 -16 -50 9 -23 -22 -18 -6 16 -20 91 -17 4 -2 31 -16 -12 34 -26 36 -12 23 31 73 62 -34 -50 50 12 -18 2 -22 -23 -12 62 -36 -36 -17 -16 31 28 41 42 -36 -24 -12 16 10 -22 58 15 16 50 46 17 -18 12 -23 15 1 36 46 6 16 -12 8 -58 -41 5 -50 24 13 -18 -10 10 -15 -5 -15 -46 -13 2 -35 10 0 41 -1 -11 -24 -6 -3 -10 -8 -28 -5 -32 -10 26 3 2 10 28 -30 -1 -28 -44 -7 2 12 -8 -15 7
s 001011110110110111100001100111000110110001011001101011101100001100000101
m -95 96 -60 85 89 -85 25 -65 40 60 -17 -97 29 116 -11 67 105 -48 -19 45 -62 -6 90 -126 77 107 -67 73 65 -79 -13 118 -48 -10 -127 -69 -46 -82 91 66 -64 45 57 -29 91 6 -89 116 28 31 106 30 95 70 51 116 -94 -99 38 8 72 68 79 -81 -76 -121 40 123 67 -112 -113 -19 89 -114 101 60 39 43 -76 84 15 -2 -32 8 47 -59 106 -81 56 90 -119 114 -34 64 -6 49 -2 -67 122 49 -30 14 90 24 116 -38 33 -57 -114 -18 -3 -37 67 99 -25 82 68 -44 41 122 -33 -36 -13 -70 -117 52 -24 -1 66 -36 -107 -108 97 -104 -106 48 76 -103 -45 58 39 -39 -54 67 10 -83 41 116 20 -82 -110 -79 99 -85 -64 116 -118 89 82 110 114 -23 80 -94 113 35 60 66 -91 -109 -5 104 17 -26 16 13 -43 -81 -5 -97 -73 87 111 -2 -49 -77 -125 -20 -25 -100 -84 26 -42 -2 58 16 106 -23 113 -89 -17 14 -70 53 25 -114 14 -41 -122 -56 42 68 28 15 -115 118 -78 -9 -14 100 -64 -71 84 31 -35 59 64 29 -76 20 -66 71 -94 -100 90 15 34 -44 -21 109 46 63 19 -127 -22 20 44 -27 100 109 -26 -78 -78 32 -45 59 34 14 61 -82 -83 35 -99 60 60 70 -7 19 -52 -55 54 34 -80 -33 -71 122 -98 -87 61 94 -58 47 -50 39 -21 11 95 44 -84 -15 69 125 45 -16 -96 -26 -54 -107 -6 37 124 -42 105 101 79 -112 -67 -78 -34 -8 -24 -29 -15 -46 126 73 105 45 -114 108 -109 101 -74 -51 -125 117 10 115 -117 40 83 -4 85 73 -111 -94 25 107 21 -20 -45 -59 13 -115 -108 87 -94 -20 -12 118 -81 53 57 -112 13 91 113 50 -35 87 -95 14 -94 -108 21 30 111 -28 -96 78 -76 88 -111 -82 16 -126 -39 -127 99 -35 -76 -120 53 -26 64 27 29 -125 -62 92 -62 -36 38 -64 -70 35 32 -42 -120 -10 64 47 -110 -118 -108 32 31 78 25 -34 -122 -91 42 31 88 126 -25 35 -11 -88 31 84 -55 -107 24 3 -120 74 117 -10 -93 -115
e -35 17 -37 -22 17 -5 -45 -39 -12 39 -26 -5 15 -31 -23 -31 35 -9 19 10 -8 20 10 -10 -6 -24 2 -24 -12 21 23 2 -18 -2 17 68 -13 34 -3 -30 34 13 -30 -6 -17 7 2 -18 -2 27 -58 28 13 -15 -22 17 7 -39 14 -54 15 14 7 31 -7 -14 39 14 6 -17 -6 -29 -6 -14 -18 -24 21 -18 12 21 -21 -9 14 -41 -17 7 -42 -10 -42 14 30 12 -40 6 -9 30 25 -6 -27 27 77 4 13 4 29 56 30 -12 -14 -14 31 -7 70 -3 -14 59 -19 -6 -19 -32 -17 52 -9 7 -9 14 -33 18 -14 14 -13 14 -7 -13 -2 -49 2 -25 -14 25 -48 18 35 -1 6 -21 -14 -27 -28 14 -4 18 9 -29 -9 -22 -12 -22 -28 30 -28 -22 59 -10 9 -19 37 9 32 -37 -15 9 5 12 16 -23 -5 3 -28 -10 -13 18 -61 -19 -8 61 -25 -8 -10 35 -10 -2 1 23 -21 -35 -21 -18 -18 58 47 9 3 -15 -24 3 40 28 -13 17 21 -17 -18 -36 18 -58 31 -18 3 35 -10 -13 17 -2 17 -22 -21 -18 -39 21 77 15 61 15 -22 2 -3 -52 17 13 15 10 -31 31 6 -22 35 29 -58 17 12 15 22 -6 -27 39 -24 35 15 12 34 -59 -2 -30 35 -17 -6 74 -10 2 -6 -50 -6 24 -6 17 12 2 -7 2 -27 14 17 13 -7 40 -34 14 30 -34 -42 6 7 -22 2 -14 18 -27 -39 21 13 -17 -14 -34 -7 7 -14 -21 -29 -19 14 -12 -22 7 30 6 -42 6 -17 14 27 -7 18 -4 -21 6 12 -14 27 14 -7 -11 -3 -42 -29 -59 14 12 -31 35 -30 32 6 -59 35 -27 19 1 -4 -32 14 29 9 -13 26 14 2 30 3 25 -59 64 28 19 2 21 -32 -51 14 9 35 -18 -14 1 9 3 14 22 13 18 -5 -2 9 -10 25 -22 9 35 28 37 1 -21 5 14 14 -12 -18 -53 21 -13 5 18 22 12 61 -36 5 8 21 -10 -10 14 9 -2 37 8 18 5 -22 58 -12 -2 15 -5 -51 -13 -10 18 13 -26 61 17
s 000000110000001001000001010101111110100101011100011111101110101001110101
m -52 -32 -118 89 28 61 63 117 -94 32 35 36 27 106 -42 66 -58 117 48 108 103 -126 11 -127 40 -59 -34 -75 -56 -8 -22 82 -104 93 -14 -71 73 -22 63 -16 -120 -123 -77 -103 42 71 117 82 71 -71 6 -11 87 29 0 59 -77 75 -25 88 -61 52 -19 -22 91 -1 66 55 -29 -99 85 89 98 -91 65 127 77 95 10 -59 -102 6 117 -36 -115 29 98 60 -69 -5 75 4 3 98 23 -21 -68 40 -102 116 125 -21 118 84 -39 67 -45 77 111 123 -126 64 110 -37 -81 12 51 79 -94 77 -11 103 -11 49 -101 -88 -97 -81 -58 119 97 99 38 -41 14 11 -21 -117 -50 27 -107 91 110 110 101 -13 -89 -30 -58 -61 -57 114 -42 122 58 -86 -99 -120 124 6 35 91 -80 -91 66 -38 -124 58 76 -39 -81 -2 -34 79 51 -48 94 86 34 -45 -113 109 3 -27 38 -88 111 62 94 -83 83 4 116 13 -49 126 -19 -12 30 68 -37 31 64 -111 -120 47 -41 47 -32 22 53 9 33 -76 1 5 94 -109 -126 -8 100 117 26 -97 -44 52 -18 91 88 -41 81 -104 -75 123 4 51 -8 -20 -41 -123 29 -116 -37 4 41 -122 -62 -94 6 107 92 125 82 -114 -32 -43 20 102 -13 105 -43 -64 46 48 -93 -77 71 72 -19 109 11 -102 -37 17 -59 49 110 87 -118 -1 52 -115 12 117 6 102 101 -62 124 -20 -75 -99 114 -52 13 -118 60 116 52 -55 10 -6 1 90 63 41 97 1 28 120 -6 -37 22 -100 50 32 74 -81 11 -76 -81 87 -59 92 39 -60 54 -20 -4 -101 92 77 7 68 -25 -64 64 -48 76 -12 -5 55 41 121 0 -84 -81 15 62 -63 -117 -93 -112 -74 -72 97 28 -106 97 -32 -80 127 66 20 24 88 -78 56 121 59 87 -52 -29 -98 104 56 28 -58 -47 -49 -34 8 121 -72 -68 -103 71 -42 -90 -92 -110 109 36 69 -115 42 49 -25 -117 52 -100 29 118 89 -26 119 62 -5 -23 76 77 -64 -32 -106 22 -125 22 -97 4 -48 111 -111 51 -114 -19 106 -61 -91 -19 0 -116 -22
e 7 -23 -20 0 23 30 0 18 37 18 -12 -30 -12 4 -40 4 7 0 11 10 5 10 17 4 -10 -15 4 -15 -9 -16 -9 -1 -11 -1 -11 -3 9 -38 -7 42 -20 -17 14 52 -8 -52 12 1 12 10 -5 28 9 -33 4 6 43 18 18 -43 12 -18 6 -4 -6 -20 -7 1 -28 -23 26 6 -10 5 -11 15 -1 -11 20 1 -1 -1 1 -26 -11 32 -10 10 10 44 -14 -33 -5 -52 -35 3 -12 -21 -4 -10 4 50 9 -19 22 20 22 -4 -18 -26 7 -6 11 7 -1 56 -18 26 18 49 -6 49 2 -56 2 26 1 14 -25 1 36 25 26 -42 -7 -60 7 -24 5 28 0 -11 0 -14 -21 21 -54 -4 27 -56 19 -27 -28 -22 28 -51 4 -51 31 -3 42 -12 -11 -37 0 18 -20 0 49 -20 -30 10 -32 -37 -26 37 -30 -7 -30 -37 -36 11 23 7 5 -3 24 5 -4 0 -4 -12 -14 -4 -7 25 -7 -26 -43 -5 26 37 -7 26 -51 -7 -17 31 -17 -8 -12 -20 1 -54 20 -6 4 -5 7 46 -4 17 25 4 8 0 -7 1 18 -11 -5 12 -3 -26 0 -1 42 -28 -11 -17 -12 -10 8 20 -10 -1 7 -15 -5 23 9 -26 0 10 10 -18 15 9 24 9 -20 -4 -1 -14 7 -11 -52 23 -10 12 -35 14 -26 18 63 6 9 12 43 6 -10 18 13 9 -17 10 20 -1 -14 22 10 52 -6 5 60 -1 -11 -10 26 1 64 -10 6 20 -43 26 -18 -35 -22 -6 -1 4 1 -26 -3 26 -10 21 6 5 -4 -43 11 -19 -1 21 -2 -1 -27 26 26 -19 -33 -10 25 -11 -5 4 -18 52 3 56 -21 11 37 -4 18 -71 -19 -49 -25 22 2 -36 4 -26 -7 3 -7 -24 -11 36 31 -34 -7 -12 -49 24 54 -2 0 27 45 14 28 -7 51 -76 -36 27 30 -13 28 -37 -24 -51 0 0 -31 -20 14 -12 30 25 -54 -42 -27 -20 -7 28 -30 11 51 -37 -3 31 -30 -34 12 37 -4 -54 0 4 22 -5 1 -30 -68 5 -37 4 -26 30 -7 -7 -37 -11 -28 -28 -3 8
s 011001010110101010111110101010110101111111001100101001100100100011111101
m 113 -84 9 -77 -96 44 -74 -29 -76 -32 -17 121 93 126 -46 71 77 -70 -20 70 68 -73 68 -50 -50 104 28 10 -43 -62 67 1 -16 45 85 -50 -76 -95 -5 119 12 31 -95 -95 -93 102 5 45 82 46 -60 22 -35 91 18 -18 -34 -75 -118 -28 -39 60 81 -124 -102 115 125 -104 120 -3 73 -1 -75 -113 84 -5 -31 -28 3 117 30 124 79 -33 -33 65 -77 2 -93 -37 58 -77 58 124 126 -82 72 -60 -115 77 -119 38 89 13 -41 -70 -17 80 94 12 54 23 -74 106 -47 -76 96 24 21 -126 -18 55 55 -21 -32 2 -114 -37 -11 54 43 -50 94 -106 -117 -14 -27 -65 -33 57 -25 121 -102 26 -45 -84 67 -27 24 31 -123 -101 16 -88 87 2 -22 79 8 -87 110 49 -110 41 17 -43 76 -93 -67 -41 119 -114 75 -20 109 -120 -19 50 -36 -52 106 -122 -89 -86 78 -6 64 -123 -110 -18 -88 -77 61 123 31 29 -98 48 -126 109 14 -10 27 -108 74 10 -59 -69 40 5 29 100 -98 9 -122 31 17 -4 9 -65 -36 38 -11 100 121 -59 33 -3 -34 -80 92 12 50 -87 -80 106 111 23 -36 -101 74 -97 -11 27 -9 -98 45 91 -1 -115 62 26 -92 -60 -64 -102 6 113 -53 19 -22 47 20 -108 -106 116 -114 -47 -36 34 -72 1 -37 64 -29 -59 126 113 -89 91 -37 -43 113 65 -127 26 -33 -78 -5 -20 -14 108 61 12 82 -86 49 -107 -23 -49 119 -104 33 -13 -28 -92 22 99 -113 -96 -21 69 -78 -54 61 -19 -82 -72 110 68 -105 82 -4 -9 43 49 -88 -111 89 -38 88 -73 87 115 64 30 -65 27 -63 124 -11 -79 73 49 -20 115 -73 -110 -120 116 18 64 -88 -109 113 31 -34 -1 32 93 37 -89 -54 -11 -27 55 10 -28 -73 28 111 -125 -75 50 55 -61 -50 -55 -94 19 11 66 -42 123 57 56 4 77 -41 46 -86 -43 -50 -65 105 -19 -15 -20 15 75 -48 -110 66 119 126 -41 93 -79 -29 52 86 87 -79 -5 66 -12 14 84 -99 104 -12 -37 -110 10 97 -27 -109 92 21 -63 13 -4
e 40 3 -18 16 3 42 16 -21 11 -21 -11 -9 11 -15 36 -15 40 -4 -29 2 -4 -8 2 32 -8 5 -5 5 3 -14 -3 -18 42 -1 18 -6 31 11 8 1 -12 -19 -1 26 -4 -26 -30 -3 -5 -20 -1 -33 57 13 -52 -1 19 -21 -18 19 -11 18 21 15 -21 42 40 -42 17 10 17 -16 -8 11 4 -6 -38 -4 -17 28 19 -1 19 -48 -18 29 13 23 13 11 1 -20 -1 -26 40 1 -5 -40 24 -20 24 8 -31 8 15 11 36 20 18 -2 28 54 -27 28 -69 -27 -10 17 -10 -9 -1 9 -25 25 25 -11 -28 23 -16 19 78 -10 29 -38 24 13 24 25 11 -25 16 4 16 -33 -43 26 8 78 -14 8 -8 14 9 15 9 49 -24 2 36 1 7 -26 -27 -41 4 10 -8 -4 -9 8 39 25 39 11 -2 11 9 28 9 36 38 14 -6 24 -4 -12 -25 4 32 18 32 5 -23 -5 14 10 -14 -14 14 1 23 -14 -5 -13 2 -5 19 -7 -19 4 -26 4 3 28 3 1 -24 11 -5 -40 44 -19 3 -5 4 16 14 13 -21 14 1 15 6 -13 16 -1 -5 26 -18 19 11 -2 -4 -15 -44 3 57 5 -28 3 -3 13 16 -8 20 -21 5 -31 -11 -3 11 -15 -1 -1 -40 18 26 3 -2 -5 -8 5 -17 5 84 -1 -3 -5 19 -1 20 -18 18 -31 -21 2 11 -42 -1 -20 13 -26 21 -29 -5 -42 4 20 -17 -28 -31 -1 19 11 19 -29 18 28 15 -21 -27 20 -42 -29 -1 -21 13 -40 1 -11 24 -19 -25 -12 28 40 25 -19 -24 2 29 -8 28 -13 -15 33 11 20 10 4 1 -9 40 27 16 -24 10 23 -8 9 10 -15 25 -38 20 -2 24 10 44 -25 27 -38 -7 19 24 -26 49 50 -8 -28 -16 14 2 -23 9 -28 -10 -2 -38 -14 -9 -24 -9 -36 -25 2 15 -16 -7 -8 23 26 -39 -10 8 11 17 8 28 9 -39 14 2 -11 6 -7 -9 4 26 -36 -32 8 -4 25 -8 4 -3 39 32 1 17 5 -13 -10 14 5 36 -14 -28 -4 6 -5
s 010100001000100101001111010011001001011010110001000110100101011001100100
m -16 10 91 83 34 105 -84 127 82 -68 37 -72 -2 -26 -62 -87 -61 -95 12 17 -108 -115 -95 -120 30 85 -107 -94 30 -61 -74 -21 -89 5 23 48 -126 -51 -38 20 -70 -18 -84 16 102 -37 -10 -44 -37 106 -91 105 -1 -20 114 -117 -108 -44 -54 -83 -109 -31 46 -91 -73 39 46 76 -106 69 -23 -27 6 117 -15 21 -88 -114 20 55 100 -6 9 43 16 38 51 105 111 55 58 112 8 -73 77 29 -127 26 67 -26 73 -39 85 -44 -107 -58 -37 -78 61 -79 73 0 91 -15 87 53 81 57 -10 -4 -66 78 81 88 -95 50 -127 -122 -14 72 -122 -58 -56 -87 93 -59 56 -15 20 62 89 -80 24 -107 -68 127 -91 -56 51 -16 -80 -112 -51 -44 96 -22 13 113 65 108 -100 104 -36 18 117 68 98 -116 -39 0 104 93 -36 90 -27 37 110 70 -8 124 93 46 -47 97 4 -114 73 -46 95 -83 52 -60 21 110 -35 38 -69 -115 85 9 49 117 -37 -11 49 -58 -99 -116 -20 -61 -97 -37 -26 74 95 -31 -77 -56 -22 83 -1 36 -91 -48 70 5 29 58 81 41 75 29 -48 -17 105 3 -17 82 -23 -1 33 -75 93 -29 46 81 109 -105 64 50 116 -41 103 -31 0 51 -72 64 88 32 -112 53 -43 -47 84 -30 -81 23 98 82 -47 78 57 61 77 9 -21 -54 57 -85 -19 -24 66 52 32 54 -11 30 -14 105 0 -50 43 -89 124 -111 69 -111 39 -10 89 115 2 11 79 -32 67 78 19 -2 23 115 13 69 51 117 -81 52 -109 -75 -118 21 -5 -58 -30 119 -76 -80 98 10 -120 -87 -69 -123 69 -119 51 5 -102 -10 91 84 -65 -112 -101 -45 -40 99 84 108 56 71 123 -61 -99 78 61 -12 -122 10 68 -38 35 -98 22 21 44 80 39 104 -94 10 -119 -127 -74 -120 -106 -111 -97 10 -123 121 121 77 72 36 -103 16 96 122 85 58 16 89 37 79 34 -14 -5 -5 94 -94 72 -112 67 -63 29 -73 -9 -5 -120 122 27 65 7 127 -55 -93 -22 75 66 47 -23 57 27 -14 25 -1 52 -68 -96 -31
e -41 -21 0 -5 -9 14 5 -39 -33 39 2 -7 -26 -26 -5 -23 -14 24 14 48 -4 6 -15 1 -6 -19 -42 19 -18 -5 18 -3 -1 3 11 -42 -1 -10 13 13 -10 -1 -13 33 -28 -14 -33 -23 -9 0 -8 0 -46 10 -5 8 19 45 21 19 -2 21 0 -23 0 12 14 12 21 -9 35 8 -27 -18 -5 -54 -9 -5 -19 9 2 -3 2 -28 11 -28 0 15 0 -18 13 5 11 -14 23 7 -9 46 -40 0 -40 -39 1 -35 17 -10 17 -5 -21 -9 14 2 -32 -61 12 -32 -9 -21 35 35 8 -4 67 -19 -67 9 -9 19 -34 2 -34 -13 28 -34 -20 0 -20 9 -45 -9 -14 -5 -14 19 -23 -8 -14 40 -9 -33 -35 9 5 17 -5 -32 5 20 31 7 -31 -8 47 5 -24 -9 0 24 4 7 14 67 -14 -33 -9 -58 7 14 -26 5 34 1 42 -20 41 42 -9 -4 -1 14 -1 -42 -75 42 -5 13 -5 -1 -9 28 -10 -5 13 15 20 13 -1 -31 -1 28 8 28 -39 14 23 -8 -23 -4 13 14 20 1 9 -42 -28 -73 5 23 -39 1 8 2 42 10 -5 5 13 -39 -11 -16 2 -15 -28 -23 -6 23 14 19 8 -9 -18 10 -5 6 17 -39 19 1 2 -18 -10 23 -3 -13 14 -11 -14 -9 15 9 6 13 -21 -19 14 -24 18 -9 -19 -3 0 28 11 1 0 15 -10 12 -18 -21 -45 -14 0 18 9 -12 5 0 -21 -27 1 -8 8 10 -19 34 -21 9 -33 0 2 5 27 -28 7 -21 0 23 8 18 40 -50 -9 -35 -9 23 -71 -2 -40 24 28 -35 -14 0 -17 32 -18 12 9 -5 7 -4 -23 32 14 49 9 -19 35 -4 13 -17 67 -34 -5 9 -20 -7 -14 -14 -32 -54 56 9 -49 -8 -4 -9 14 67 14 -9 -9 19 5 -14 -13 -20 -34 -9 -7 -20 -5 5 -9 20 24 -21 31 0 -19 -8 32 13 14 -33 -9 0 -24 45 14 -1 20 33 -42 -31 7 -4 19 -16 1 14 -60 42 0 4 -23 -14 1 8 -33 42 10 7 5 15 5 -36 1 24 42 33
s 000010000101000111010011011101001000001011110100000001011100101100110010
m 125 27 110 71 -107 0 -80 -70 10 120 -113 -68 49 -75 -24 56 32 86 -11 -122 37 92 -97 35 14 -106 25 61 68 113 72 66 -17 32 -105 -89 -19 20 -4 -60 2 12 116 -81 48 -98 100 33 -26 -111 74 -10 -76 -1 -32 -28 -112 106 -106 -76 0 64 -69 5 -117 -71 -47 31 -89 84 17 -7 -11 118 105 124 19 62 92 -113 -15 -93 94 117 42 -120 -95 8 107 -34 -111 106 -46 -66 -84 -105 -70 62 80 73 -9 110 -38 -96 -24 31 -58 -16 -53 40 -115 -73 109 29 -112 40 -95 -4 -94 -24 5 21 -48 -67 26 112 8 -118 -61 -52 27 -72 -79 80 115 123 109 -76 -47 -12 38 -119 -85 4 -21 -96 48 -102 34 43 -78 -84 -42 19 15 -10 -103 -39 2 -89 101 127 -116 83 53 -81 127 81 86 -106 30 0 101 -101 38 6 -4 -93 114 -18 21 44 -85 -47 -18 70 -79 122 -36 -124 89 60 33 -71 51 117 70 -61 -86 -44 18 -63 105 -65 -28 70 52 -31 -114 -29 47 74 -47 -94 -11 44 91 -72 -53 -78 -80 -112 -36 -35 87 -48 117 -106 54 38 -75 -66 115 -31 6 58 -29 -84 -65 -27 46 -49 -76 -107 -75 80 -29 -25 -107 82 -105 -34 -23 -106 -111 -86 125 98 56 -117 72 42 32 109 -32 -93 -86 95 94 113 -39 -104 44 -79 -121 6 -3 94 -68 -10 27 -111 -37 -55 45 119 -75 -34 -52 45 -42 -19 -78 -103 -2 -22 38 -37 25 89 -30 58 -19 36 -115 -107 71 74 109 -25 -114 126 -25 -51 21 -98 3 -38 21 -18 65 127 -66 9 75 80 -119 17 -29 -21 41 -10 72 75 21 -121 40 79 4 119 -81 -114 98 73 116 48 -79 -94 -56 41 -31 75 -1 44 -23 69 -69 -82 108 -89 30 8 -57 98 7 -97 10 70 118 -61 78 -125 -94 -23 -60 15 121 -113 -13 108 104 -115 14 86 -97 -103 83 -98 97 75 125 5 -7 9 52 -96 -105 20 87 26 -93 -105 -24 -2 -32 43 -76 -15 98 5 -125 115 -36 118 -115 61 -78 112 -104 -109 -48 60 -46 7 107 -117 -97 -125 -100 -31 0 3
e -26 32 18 6 -24 -7 -6 48 -2 -48 0 -4 0 -5 5 5 -26 28 33 -7 14 10 -7 32 10 22 -31 -22 -3 -45 -3 -9 -34 -9 10 0 -27 2 26 -46 18 -24 46 -17 3 -17 -2 10 2 9 -39 24 -17 16 -6 5 -59 -48 40 -59 41 -40 -22 37 -22 20 26 -20 4 24 -4 5 -13 16 -34 -22 -7 -34 -3 7 15 9 -14 -36 -10 36 3 43 -3 -16 -46 -14 19 -17 19 19 2 -19 -8 -9 26 -8 -17 8 -17 2 -17 21 40 -19 14 -22 27 -14 20 27 -4 15 -4 9 -6 -9 0 -60 0 -19 -17 4 8 14 7 8 36 7 7 -3 7 11 -16 62 69 34 -34 -21 34 -5 38 8 74 42 8 -30 13 19 -13 -21 14 -9 28 19 2 5 -27 -5 28 -4 18 28 -9 -18 0 1 0 2 -19 -2 -7 14 4 5 7 15 0 -7 -14 0 11 14 -31 -34 31 -22 -4 22 -62 -8 -45 -15 -30 39 -1 13 -4 1 -9 -4 -11 -2 11 -3 5 3 -10 -38 -29 -39 5 -14 4 26 -31 11 -24 22 3 -6 -45 -10 -62 15 39 0 0 1 21 -9 4 48 10 11 0 -7 -3 -5 -10 10 28 54 39 24 3 1 -6 -10 9 48 -22 17 0 3 2 5 -9 46 26 10 -17 24 7 -2 -10 -46 -4 22 -17 -5 60 -2 -59 28 -9 40 10 -17 22 7 -2 20 -53 -47 3 -58 -22 -16 23 22 -55 9 -4 -7 -17 -5 14 2 -59 36 -40 -7 17 -40 14 -14 20 36 -41 4 -37 19 -5 -30 -8 59 34 -9 -7 -19 0 -14 8 34 -45 8 -14 -3 17 -27 16 -14 70 -34 19 9 -19 27 34 -8 -4 4 8 -9 8 17 0 7 14 -19 -7 19 -14 11 35 12 -2 4 42 -5 -19 -11 38 0 34 -30 19 4 13 -26 -8 -9 -7 30 4 -7 -14 -5 11 -9 28 -34 2 18 -4 42 0 -28 38 2 -30 66 -45 -13 0 -15 -9 6 0 2 -4 -16 5 -16 -31 38 -28 -22 -18 14 -10 0 -31 39 2 -22 1 4 -45 4 5 -15 11 -32 -28 26
s 011110000010010101011101101000001001011010010111100001010101011001110111
m 113 10 -10 -39 -61 -111 78 80 58 -63 110 8 85 -42 -37 64 -4 -62 90 -124 96 -8 34 30 -35 35 106 -9 -73 87 -100 -111 -123 -7 32 86 -71 72 100 101 -123 107 24 -121 103 42 -105 -45 24 -5 -107 -14 -24 -28 98 99 63 126 13 -16 123 12 -57 95 90 29 6 18 -2 65 34 -38 49 -65 91 108 124 -18 -47 -24 -48 20 109 -110 0 51 -124 48 105 -31 45 114 114 -18 -78 -64 106 81 19 -111 -38 -49 24 -95 117 -50 -78 -94 39 -20 -27 -63 -8 -125 127 118 9 -64 -2 -53 -117 -23 58 0 74 104 110 40 -92 -94 100 -31 -14 -110 108 64 39 -126 -57 -84 68 120 23 -20 -113 103 83 -32 -51 1 12 -90 118 -95 -84 -31 109 -17 -77 -44 -13 84 6 -38 -7 -11 -109 -52 110 -25 92 60 -12 -58 95 7 44 5 42 -63 61 7 -86 23 -1 -39 -96 -103 -64 78 15 80 72 38 -59 20 -31 -30 -60 -15 31 -18 80 -65 14 111 -10 121 -64 -109 72 34 -66 114 104 27 -125 22 24 93 114 0 119 -82 -113 22 -23 -40 91 84 -126 -12 -105 122 -102 -34 25 -31 18 62 -80 61 109 -76 -101 5 106 60 61 72 -17 -39 118 9 -80 -59 -115 -8 -127 -121 -93 -78 67 -42 -104 -78 -71 -61 -34 -120 74 -7 -57 5 -50 127 6 5 -85 -89 -46 -13 98 -95 -52 -13 -123 -42 -16 66 -10 -4 109 -22 107 -60 29 6 87 -125 93 -27 -115 107 54 13 40 -51 108 15 -7 78 68 19 49 6 113 -61 89 -70 -2 117 -126 65 -63 2 -15 -94 126 -1 -80 -77 -114 -6 -57 100 104 89 -100 -107 -34 11 -6 89 52 -88 104 -98 31 -52 59 74 -43 -50 66 -22 43 89 -7 -79 -5 -124 61 -127 5 -38 -71 3 84 86 111 -102 -38 118 43 59 -112 -84 -84 -67 -100 -14 67 -120 -28 54 -45 -98 -124 79 -21 59 102 29 -12 -47 25 124 -83 31 67 -107 103 -30 -70 79 -52 106 -105 -115 -122 -10 1 91 -50 -27 121 -63 123 -110 51 90 -114 35 -126 115 105 50 -83 -90 104 20
e -4 54 -22 -20 -9 -11 20 28 -7 -28 11 -31 11 56 34 -37 6 -1 0 12 -1 8 -12 -14 7 5 34 -5 6 -21 6 -7 7 -18 0 -35 -7 -44 -21 -7 44 0 -7 -4 18 4 -5 -5 5 -6 14 -5 -7 28 20 -24 0 28 -11 0 11 -12 -14 -37 14 -16 -4 -26 -6 9 2 24 -7 20 -16 5 -21 26 6 45 7 7 -7 -12 16 12 6 -12 -6 20 -7 -58 30 -4 -2 -30 5 2 2 -5 -2 -11 7 -11 -50 63 50 58 -11 1 -5 -14 -5 -5 -16 5 -2 -2 8 10 24 10 14 -14 14 -1 -21 18 -18 7 44 -18 -12 -44 5 -6 5 3 20 3 21 -16 46 -19 -2 34 -1 -2 -22 -9 28 -22 16 50 -16 13 -58 13 12 -30 54 34 5 33 -1 2 -9 -1 -10 -9 11 14 -56 7 -1 -27 -7 7 -7 33 44 -27 35 5 20 62 3 1 14 21 -27 34 18 70 21 26 21 7 -22 24 -25 -28 -21 25 -15 -21 0 -12 0 -18 34 18 -5 -1 5 -14 37 -1 -22 -4 -14 9 9 -34 -18 35 28 -5 28 -7 14 -70 35 -25 -20 -7 -21 -52 0 0 -11 -12 18 37 7 35 -4 5 -14 9 6 25 20 -7 -5 -28 -5 -21 -11 6 44 37 7 7 4 0 -4 -9 12 -5 -7 14 -2 8 -4 -24 -15 21 0 -7 -5 11 0 -7 -14 30 44 16 7 -11 6 -16 14 28 5 16 -16 5 2 21 7 34 7 -44 0 13 -11 21 -50 46 42 -58 -16 12 30 2 -6 -2 -24 20 -17 0 16 11 21 6 -38 7 2 18 -12 -11 -5 9 65 5 -20 -58 2 16 -39 -21 -2 5 21 -2 -2 -18 11 10 18 -50 -14 -54 -69 1 5 30 -5 3 -6 -44 -12 2 13 -52 10 -25 -1 14 21 -22 1 18 16 5 -18 13 -44 -22 7 -5 16 33 3 -13 -1 -21 12 9 -18 34 11 18 1 7 45 9 21 16 11 7 -13 7 35 -12 7 -1 -34 33 14 1 7 34 -9 1 5 -11 -14 14 -7 34 25 -7 21 -21 -33 -7 0 -1 -35 30
s 110011100100011010010110000000111111000010111111011111010001010010111000
m 80 -101 40 92 85 90 -74 -106 -112 54 55 127 65 124 -72 53 33 -88 116 -88 -70 -35 62 -26 -83 74 -123 92 123 71 89 -23 -100 113 -94 -34 -78 26 18 33 51 111 57 -96 -46 20 100 19 49 13 -76 -74 17 -25 112 16 -125 52 68 -64 53 -45 -123 -114 -82 60 -114 31 8 104 -6 -48 40 70 92 -54 107 91 -101 52 28 93 119 -6 -5 47 89 -123 49 20 -126 28 58 -87 69 19 34 50 -79 102 64 -16 -77 15 -63 15 81 105 54 30 -12 -118 -109 116 126 -119 -87 -60 -78 23 -103 -81 28 16 -43 -35 116 -70 -58 -83 -36 -125 104 -109 -49 65 12 14 -108 86 -16 -102 -34 -34 -112 109 62 -33 36 -27 99 68 -104 0 -61 -55 -7 -85 49 -45 122 123 -87 60 18 110 67 -47 25 -64 -110 -110 -114 76 -85 -26 -100 -94 -93 -43 108 16 19 -65 -23 74 -4 -8 114 127 43 60 16 121 42 120 -111 -4 -54 -57 89 -102 83 -37 -117 -71 46 61 -79 -112 -115 -62 100 23 -48 -43 -112 2 73 -119 7 -43 25 114 -54 -52 81 -110 -17 121 62 29 121 -36 89 -123 118 56 7 65 -122 19 -76 51 90 46 18 -26 22 -30 109 23 -50 -4 118 50 124 -67 7 -103 -26 -102 45 -93 42 19 -80 -14 -80 34 -40 75 -121 91 94 115 75 -84 -99 68 -63 -61 -11 -63 -110 38 116 -32 11 125 88 -9 -18 -32 -107 -16 -30 103 74 -42 119 13 87 -105 49 64 79 -23 -9 21 28 88 -27 101 -98 86 122 124 -10 -109 -27 73 82 -122 108 35 14 120 22 29 -110 -3 -35 51 125 57 -8 64 -87 11 72 -77 -14 -70 -85 -47 47 -86 -102 26 8 111 -23 -34 13 38 92 -14 -106 -121 55 53 -108 -72 -101 16 8 -105 -70 61 102 -3 -95 -79 -86 -50 59 7 46 -20 37 -46 -23 -94 -42 26 -3 -99 55 -72 29 27 -35 -66 13 14 -83 -24 -101 46 -123 -62 112 16 0 84 79 115 -60 107 73 40 -49 119 42 -98 -82 105 125 29 9 3 75 -88 -63 -9 -6 -31 106 73 -85 78
e -16 -13 -21 44 13 -31 -44 15 -8 -15 -7 -33 -7 -45 -6 -45 -16 3 -5 17 -2 4 -17 -7 4 23 3 23 66 -37 66 40 4 -21 5 0 15 14 -8 10 14 -38 10 8 -48 -8 -30 -41 -30 56 20 -12 -56 21 44 9 14 -15 40 14 -7 -48 -16 45 -16 -14 16 -14 6 13 -7 -9 -4 7 10 -23 21 10 -66 21 -25 -21 -25 -42 7 6 43 17 45 7 -10 7 13 8 -13 13 -30 -13 20 12 -20 3 15 -3 0 23 0 7 40 26 31 -16 -49 -11 -14 -49 -42 -6 -42 7 -9 -7 -13 -43 13 -26 21 14 -7 25 -30 -7 6 -30 11 43 -41 -4 -7 -4 30 -10 14 14 13 -14 -12 20 3 12 -3 3 -21 -8 -21 -7 -12 -7 49 -13 43 -14 -49 6 -3 42 -21 3 7 21 31 13 31 8 -26 -8 33 11 33 -6 30 -4 0 11 -2 0 13 -2 7 -14 7 -3 -26 -3 -56 7 37 14 -3 20 -21 -21 -8 21 -7 8 -38 43 38 -41 14 -41 -17 -12 17 20 45 7 -8 16 23 41 13 -3 -41 -44 -37 17 44 -4 -20 -7 0 21 44 21 -8 -15 -5 -38 7 -34 -41 -47 -4 -17 -29 -48 -26 -13 66 -22 -46 31 12 -15 23 15 -26 -66 -14 45 -21 -10 -16 -5 8 -22 17 -30 4 10 -6 23 -8 9 78 30 14 -21 -12 -40 5 15 -16 -17 14 14 29 40 43 18 -19 -7 30 24 -10 12 6 -21 -15 9 -25 -14 -14 6 40 -37 0 16 -25 7 14 6 -13 6 43 -13 -12 -7 20 -14 10 3 21 -13 -21 -25 -24 27 -6 14 11 43 0 49 -18 7 -42 27 13 -7 31 -49 14 20 63 14 3 7 51 0 13 -32 7 26 -11 -17 11 4 50 30 -43 -42 11 -24 21 4 12 -13 -14 -18 -26 14 -21 11 7 23 30 -3 -70 11 -41 -6 4 7 16 14 43 21 -14 -14 79 -7 -21 8 -3 35 37 21 31 4 7 8 17 43 -33 2 14 6 7 -12 3 -3 -21 -2 17 -31 7 -20 13 -53 -21 33 37 16 -38 4 -38 -3 0 41
s 101100001001111011100010000011010001000100101001010011101011100010101011
m 103 -74 -87 123 65 -27 37 -7 15 -40 -28 -68 -74 4 -73 88 -79 -90 19 46 -80 -93 -26 26 -34 8 -26 -100 -28 -78 -119 -18 -79 -102 -37 88 39 31 41 -79 2 -69 -68 50 2 -117 -56 55 62 -32 -45 -96 44 78 94 -78 -73 -33 -50 115 100 17 41 -85 48 29 60 -82 -3 -77 95 11 -120 -116 -81 -58 30 -118 -58 -80 111 -44 78 -97 20 -59 115 -80 -45 81 126 -112 -85 -62 -106 -48 15 -96 -68 -69 -55 -71 50 83 92 -11 44 -93 -5 36 32 -48 -100 -89 49 -27 -84 37 66 81 33 78 -70 -48 -12 54 51 96 -107 50 -112 -22 53 -12 11 58 81 23 -32 122 29 -24 -96 45 6 60 -16 -68 23 -17 19 -126 106 -117 -7 35 -45 -85 -42 -80 -38 116 -123 -43 61 103 -68 -15 -109 57 27 67 18 79 -27 114 56 104 -51 -12 -97 -49 47 24 -45 -85 -65 0 -106 54 22 -52 80 -21 85 0 64 -64 -6 -51 -127 -78 -29 114 66 108 79 66 53 79 38 -113 7 101 -103 -60 93 3 50 2 -60 106 68 -39 88 -50 -84 -59 109 -11 -7 -43 -32 44 -118 -105 -106 11 -127 87 58 39 -108 -70 -25 -12 115 -124 -3 -74 -119 -55 101 61 -61 -61 -12 -96 93 -76 -96 109 27 -25 75 69 -62 86 13 114 -100 119 -8 15 -29 -109 121 -82 88 9 32 -9 -6 6 70 71 102 19 36 -42 -91 -41 -114 73 -27 -104 -119 75 43 116 111 -13 79 -49 109 -102 -56 -102 -31 -99 -90 -64 -27 2 -14 57 -15 -109 -37 -47 -94 -51 99 89 120 20 45 98 47 -115 -126 21 16 112 14 -34 51 27 -102 81 1 -39 -90 78 27 -16 -69 118 -51 -53 29 -22 62 68 105 -107 43 84 20 -3 -24 -14 -42 -18 91 -88 17 -71 -55 28 106 -79 18 106 86 -112 48 70 116 -105 -64 92 -15 67 -59 88 -90 125 -39 80 -42 -17 -38 119 57 -53 -63 6 62 -109 97 21 36 -28 -78 39 -17 -117 -124 71 39 56 67 27 -58 -96 60 -84 50 -19 -88 -84 -26 69 -1 7 119 -3 127 -109 16 3
e -2 57 -6 -33 -60 16 -44 -10 25 -7 -38 -15 -25 -62 -11 -4 2 14 -6 -12 0 22 12 20 22 11 19 -7 -51 1 -25 -8 -3 -8 6 -14 6 2 -7 -22 10 47 -22 26 -3 -26 -14 -7 14 -28 3 -28 6 23 -33 10 42 -7 -5 -42 25 5 -42 4 -36 -17 -2 17 -7 57 3 -12 22 -28 21 -7 45 21 -25 -27 -44 -8 -44 -2 -6 -2 -14 12 14 28 22 -24 1 -26 -6 1 24 -6 -14 -28 -14 -17 6 17 -13 -2 -13 -24 -8 -16 14 36 21 -14 -17 21 -16 3 16 -15 -10 -15 11 45 25 -16 27 -37 0 -69 11 0 2 13 21 -14 10 -3 -42 -3 -24 71 24 -37 18 15 -15 -14 -6 -14 19 6 -7 13 14 -32 -24 31 -34 1 -35 15 21 -11 -14 16 -6 54 15 6 -16 -11 -24 14 16 14 15 14 -15 -38 11 -3 -14 10 0 14 3 -3 -20 -24 23 19 -37 23 -1 -20 -1 -3 21 3 -23 7 7 23 -31 -7 -47 34 -61 -2 15 2 -11 14 7 3 -4 0 -7 -53 -20 -47 -57 19 -2 33 1 7 7 -3 3 -25 14 23 33 -8 7 7 6 -47 25 -12 2 4 30 7 -2 -7 7 57 -25 -23 -33 -22 -28 -7 -7 -6 25 -25 -2 -4 8 -32 -2 -6 -26 -57 -23 14 22 22 -3 7 -36 10 25 -14 -42 16 28 -5 17 35 -36 -12 2 -24 22 -5 14 -26 36 28 -14 17 21 28 3 27 6 10 -44 -2 -42 -2 -5 -27 13 36 44 -24 17 47 1 3 40 -6 10 -28 -14 42 -21 17 27 6 -11 -44 14 16 -2 17 18 -14 -20 21 28 40 -16 -21 -13 15 -6 -21 -26 -42 -16 -37 -17 15 0 13 -11 -11 24 16 10 -1 14 21 24 11 -34 -58 10 -15 -35 3 -14 -11 -24 6 -24 -37 -7 -14 0 -31 -11 6 -15 10 7 11 3 -31 14 -24 -34 6 40 -34 16 0 14 -14 6 50 -1 7 -16 3 -31 -14 14 34 -45 0 -15 11 20 14 -14 -19 -6 0 -7 16 20 3 -14 19 -39 15 55 -26 11 -10 -47 14 -28 -2
s 010100101101110000000111011100101000111111101001001111011101110111011110
m 0 -98 33 -60 43 -1 109 -111 -51 78 -113 114 -114 -8 -95 -18 122 -120 -51 116 -82 -127 -115 -126 14 116 -115 -55 -30 84 -106 109 69 14 -10 -85 -74 71 96 -10 12 50 -72 -27 99 -74 -70 -85 90 55 -54 -93 -14 -116 86 -82 64 -18 22 61 -40 -47 -78 14 30 -56 -91 74 -99 -94 -19 -25 55 -38 83 64 48 11 56 47 -90 86 -123 30 81 117 32 122 68 -76 53 -44 -100 -111 -48 -52 -63 -77 -8 -25 -37 -77 94 72 -6 -32 63 21 -125 -103 48 92 76 112 75 52 -80 33 -124 60 57 -74 57 30 102 106 -96 -22 -4 -22 -126 -108 -126 -30 106 28 45 121 4 14 -35 -122 -88 51 -90 88 -72 115 -116 -117 -124 -82 -100 127 97 117 67 82 86 100 -57 -97 124 102 7 71 -119 -1 -116 -40 38 55 58 -40 -81 34 72 -90 104 -103 -32 25 71 -37 -60 21 -7 87 -37 7 -37 -33 87 -11 -11 24 -81 37 -6 -21 -77 -87 0 101 62 -104 -60 -126 37 120 -79 -11 29 123 -3 -80 -38 43 16 -15 -111 -90 -49 0 72 -99 46 13 -106 -94 -27 10 103 -70 107 -115 -100 -45 35 29 -100 -24 -66 83 8 115 21 37 -21 -76 -29 -7 -92 95 -96 106 -86 -99 122 -91 -24 -48 -23 19 110 26 97 22 91 -1 110 32 -53 -81 111 -74 104 -29 48 20 50 9 50 25 120 -15 74 -79 -119 66 -83 30 -43 4 -1 71 67 49 82 -10 50 9 -79 7 74 57 -53 34 10 110 -119 100 51 100 67 -8 -27 -117 16 109 -29 -73 -7 83 -77 98 -15 -44 -71 -7 30 1 97 -108 109 6 -1 115 60 -88 104 59 41 -111 75 -113 45 33 -44 24 115 -126 20 -95 91 -124 -11 -26 -110 -118 -78 109 60 49 -59 48 12 68 -73 -42 -37 -57 54 92 -92 114 -120 92 114 118 -100 -82 50 100 -28 124 -31 75 -29 79 7 -77 121 -75 -127 -50 27 0 82 54 64 98 87 88 -70 81 21 10 -3 -70 65 31 48 105 -120 -17 85 90 104 -61 -12 17 -105 -95 -102 -119 52 -76 -68 114 118 42
e 14 -20 0 76 20 -34 -53 16 11 -16 -9 -19 -9 13 46 7 0 -1 -9 14 -9 -7 -14 33 7 -33 0 33 26 10 26 -13 -22 -18 -23 19 13 7 0 -17 7 26 -9 -27 -10 -24 1 3 -1 -22 19 22 22 7 -53 -8 27 40 -8 27 -9 8 -27 -7 38 -45 0 45 7 -20 7 -8 7 1 -7 -33 -9 -7 -26 -9 20 -13 20 27 9 27 24 14 24 1 9 19 23 -24 36 23 1 36 26 43 7 -1 -13 1 -9 -7 6 -39 8 7 -79 27 -6 -42 45 -6 40 -7 40 -11 8 11 -14 42 -14 -7 9 7 21 39 27 4 -27 28 10 24 10 7 -1 7 7 7 7 -7 36 -3 28 -7 -6 28 -1 -6 44 6 -44 -55 -19 -55 26 -23 -26 3 -6 -46 1 -40 0 -7 11 0 1 -14 1 11 7 -11 -19 42 -19 46 27 -33 -19 -10 -9 -62 -13 9 33 -31 33 0 -7 0 -41 -4 -10 -22 -24 19 7 44 -14 -7 -72 0 -26 -26 26 -10 3 37 -3 -28 12 19 7 9 0 0 33 -26 -20 -10 -10 53 10 -3 16 22 19 35 -19 7 -53 13 0 16 9 33 -9 -14 10 -7 13 -3 0 -49 19 -20 27 62 53 7 22 -16 33 13 9 26 -7 7 13 9 0 9 24 38 14 1 7 9 7 33 24 -8 -26 1 27 -13 -22 -20 9 -13 27 -21 7 -45 -9 -8 -24 24 -27 -1 1 45 -7 -22 -7 30 -13 14 20 11 27 27 8 -9 6 27 20 -19 49 27 -23 17 -25 36 8 -1 7 -27 10 1 9 -36 18 20 7 48 27 39 -42 -24 6 -46 4 -19 -40 7 -23 -11 -42 6 -7 7 -43 -7 -1 -11 -4 -6 -14 27 -19 7 -33 46 42 -7 6 -27 26 -40 -10 -3 -21 7 28 14 7 -6 -7 -7 44 -42 4 -55 -27 6 19 -10 -48 -46 -7 -55 -1 -7 -50 0 -20 3 1 4 28 11 6 -29 10 -44 1 -22 -55 -11 19 26 -63 15 42 46 -33 -63 1 0 0 -9 -3 1 -33 19 30 0 7 19 -10 0 -62 22 -26 1 -19 -10
s 101011010000100000101101100010110010011010110011010011100000110000010101
m -60 79 121 -91 91 -79 -42 -76 125 126 101 69 -98 11 73 82 -119 18 109 -98 -95 26 26 -63 47 112 55 18 9 114 122 121 5 0 83 92 -125 48 29 -57 24 2 60 -7 87 -7 -80 -97 125 30 86 -121 -6 107 -73 -64 47 -67 -67 -73 83 -4 52 64 113 -100 -93 -45 32 -65 -27 17 -114 -7 -29 57 31 -29 6 -117 99 -120 -125 15 108 -109 17 -15 -21 59 -100 60 116 99 111 20 -19 -63 -126 42 -105 104 -103 49 106 66 80 106 -97 120 -57 -18 18 45 41 -122 -45 62 84 -108 -36 55 -12 37 -7 -26 -46 109 -32 97 -43 61 21 125 58 18 -58 -42 21 68 -123 -98 61 109 -20 -35 83 115 -65 119 -22 34 -60 -62 64 -115 83 -54 -101 8 93 98 105 20 -76 -120 52 52 88 -63 9 -10 -23 16 57 111 58 59 8 64 -48 88 -49 -89 42 -19 -76 101 25 -15 -85 -88 107 106 -49 -64 3 93 3 97 -13 -103 109 8 58 77 -74 -81 -60 -2 -63 69 -53 -104 60 -68 102 118 -96 121 62 -64 8 -23 -78 11 -84 -95 47 -64 -61 -8 -114 -103 58 -74 85 61 10 -63 11 121 -48 101 103 -124 55 -49 124 113 66 -11 -41 66 -77 -25 59 -103 -119 -65 -2 -66 -92 38 57 14 93 -19 -41 -45 112 69 45 52 -47 110 21 125 22 4 -52 69 97 36 14 -50 -20 38 85 8 125 -91 26 -73 9 -3 0 49 -32 38 87 106 108 19 51 16 100 28 33 -16 -113 43 -109 34 59 -25 -57 36 -44 10 -116 33 -11 -34 -10 76 -59 3 2 35 -84 -70 93 -16 -48 -11 -96 -57 -107 92 -34 -103 91 17 -100 58 -20 20 -127 112 -89 80 -45 111 -38 68 109 -20 -30 -72 -9 70 53 38 7 83 -49 -22 31 58 -119 20 -44 -59 -77 52 36 94 -83 -6 -114 -94 -4 67 -54 69 -5 83 -110 108 18 22 -57 -55 16 70 -109 119 27 -33 109 71 116 -57 -117 99 86 11 55 66 71 -47 -51 -18 -50 47 50 -115 80 -50 16 50 -27 9 -5 79 -126 0 -53 22 -58 33
e -49 -7 -44 10 -7 -8 10 22 -14 -22 7 -7 -7 -56 -18 -10 -49 -5 9 -14 -10 -42 14 22 -23 16 -16 43 -6 -3 -6 0 0 -4 9 -17 -6 2 -68 34 2 47 -34 -7 -2 -7 8 44 -8 -37 -44 27 -32 -7 10 15 20 22 -4 -20 7 -7 13 -10 13 3 -49 3 22 7 -22 -32 23 -9 0 16 9 0 -8 -9 3 0 -3 14 9 -14 -14 -23 14 7 34 -34 7 7 -18 7 8 18 -2 -27 -2 20 -6 20 29 2 29 -34 -4 -23 -27 -13 -8 27 -3 8 18 22 -18 -43 15 43 7 20 9 31 -9 16 32 3 -42 -28 14 38 7 -14 -7 20 7 -20 -14 0 14 16 32 20 -14 2 3 -14 -30 -3 -4 -29 4 -48 -34 -51 47 18 -47 -20 -8 -56 5 18 -44 -5 43 44 21 7 -8 -14 -23 -14 -7 27 -8 -18 -38 0 17 -7 10 43 20 10 -55 -54 22 16 16 -16 3 28 -5 0 -6 -44 7 -4 -26 -10 48 -26 -2 47 -2 29 20 -2 44 14 -44 44 -10 10 26 49 -22 -2 -17 16 2 -36 3 44 -22 0 44 -10 17 7 -10 0 -26 -22 13 -2 7 14 2 -10 -23 44 50 -16 -44 -7 -6 7 10 -23 27 42 16 -6 -7 6 -17 10 0 -50 49 9 7 7 -14 8 -23 -34 22 16 -7 -15 -6 -8 29 0 27 4 9 6 14 -14 -2 -3 -34 4 -14 -7 13 -7 -17 34 10 -27 -22 9 6 -15 3 2 20 14 4 9 42 -13 -3 -34 3 14 7 -24 14 -18 15 7 -2 20 0 -20 -25 -18 7 85 51 -23 -14 -20 27 15 -29 8 -7 34 18 0 -7 -43 -18 -8 -14 2 34 16 -20 43 28 29 7 38 38 -23 7 -7 -40 20 10 38 -71 -18 51 -20 -49 37 -14 -7 -14 -3 23 -16 -4 27 -28 48 -38 3 7 -7 -29 -18 20 48 16 14 47 -44 18 -31 -8 28 -28 -14 3 -44 -3 -4 8 0 48 14 17 -47 -7 37 -20 -18 -22 14 5 21 46 10 -47 -8 -22 54 -14 -16 7 -7 3 -26 18 -5 -2 -5 17 -2
s 000111100010010010110100101000010011001111110110011010111101001010100111
m -20 126 90 42 -99 108 56 20 119 -22 49 93 -38 -59 107 85 18 -30 -13 -122 84 -76 -23 93 -90 -25 27 -9 14 -86 108 -15 -96 -106 -31 87 22 86 20 -31 19 -60 -10 -43 50 -35 -83 127 -15 -124 -43 125 17 86 -57 101 -23 -39 53 -41 -94 -125 -17 -113 -90 32 -2 35 98 61 -21 -17 -92 -78 34 121 -25 61 -19 118 -25 55 -4 -76 -71 32 80 79 21 96 -125 -76 36 -104 -60 -105 -91 65 -79 39 -98 83 45 -24 82 90 88 95 64 43 14 -63 -12 95 -15 11 -119 -108 41 35 -81 -94 5 -46 -121 -86 -96 -68 -97 -9 -115 -19 58 108 23 114 62 32 56 55 56 5 -39 -14 44 15 71 0 -63 -65 -64 -74 57 -81 -56 77 53 78 -8 -30 -82 42 -91 19 49 49 44 42 -106 -50 -37 112 78 -98 -71 -76 124 55 58 61 83 -126 -105 125 70 114 106 -66 40 -82 109 -56 63 7 -47 -116 -111 93 90 86 92 -48 78 -44 61 -125 -108 31 53 42 125 -60 -69 4 54 79 4 -50 97 21 -51 -22 20 110 18 45 -80 95 40 -31 -60 -66 29 5 -19 68 99 29 -51 -1 -107 -81 -16 -5 -32 -104 22 124 -50 37 63 -70 64 -82 -96 115 2 -65 51 17 -72 0 -1 24 -69 86 25 -30 -109 -107 -127 75 81 76 75 53 25 50 -53 17 -3 115 -126 -19 -25 -69 -110 -11 58 63 -57 66 -40 63 -72 13 -106 -10 89 -5 -90 -107 -84 107 -85 106 -88 121 71 -4 -89 81 20 -1 117 -77 -3 31 -17 104 31 -87 -78 75 -73 72 -3 -106 67 125 -49 65 88 -21 -22 -62 -54 -108 -14 -41 38 81 -70 -63 45 -14 126 87 93 49 111 -77 -47 -66 -38 61 -113 -112 -9 -107 -127 -14 111 -22 -66 21 -88 -61 31 -112 71 -33 94 -101 87 77 80 -15 39 -113 124 41 48 -83 92 -119 -10 -82 14 38 20 -107 42 -92 -112 46 -32 59 57 -64 -53 105 1 46 -106 51 -62 -4 -120 -27 -114 7 -115 -31 -54 110 -120 -124 -55 103 118 -115 -27 75 9 -68 89 24 117 -37 82 -76
e -2 -18 -34 17 18 33 17 20 -41 -18 34 51 -43 0 17 0 2 9 -28 21 -4 28 61 -35 28 -2 7 -2 -15 -8 -13 1 -21 1 -12 26 15 17 -60 9 63 -1 21 -22 -14 -22 14 48 44 -3 -44 3 17 5 -17 15 -36 -18 -56 -21 -34 47 4 0 4 10 -16 10 19 -18 -68 -15 28 -48 -5 2 5 -5 13 -5 -4 -1 -8 -1 -12 1 -3 -21 -3 48 9 -34 27 -22 -28 -27 14 28 0 3 0 21 15 -56 -20 17 -20 34 -47 -54 8 4 10 8 -10 -11 13 -19 -13 43 -15 -31 -3 -21 3 38 5 -13 -17 -4 -13 -70 1 13 -36 -3 -21 49 48 28 35 -30 -40 -18 28 -19 4 13 28 -4 -21 28 42 20 -42 -1 34 -1 -13 -32 -7 -14 10 24 -9 -13 -34 -9 -31 34 -37 -3 33 41 38 41 51 8 55 17 13 -21 -26 -21 -4 26 28 4 -45 -35 -35 -7 13 24 -8 -17 -8 21 -28 38 5 -42 -18 -5 -1 18 -1 7 1 -14 -14 14 -48 7 61 38 0 4 -18 2 35 -1 -27 7 -14 17 -8 48 18 -21 -38 -34 72 24 -37 -1 -18 18 -12 -20 -34 21 16 0 67 -48 2 2 -38 -18 -13 -5 17 28 -3 18 8 -15 34 -13 -17 4 14 -9 -2 12 31 18 21 14 28 -9 19 2 22 15 -13 -14 -21 -1 -9 -47 -12 -15 4 21 -17 -12 -9 -47 3 22 4 48 14 10 5 -3 19 22 -15 -15 -4 17 -21 1 47 -5 -20 15 -4 34 10 -28 27 -19 19 39 -15 48 0 -21 5 21 5 28 5 -4 0 -38 -1 21 8 3 63 10 -49 -34 20 5 27 31 -28 10 35 0 -13 13 21 31 17 20 3 -13 -47 -38 21 -27 -13 -28 10 -35 7 13 21 -14 -31 -28 4 3 35 28 -38 -13 42 8 17 1 13 28 51 -21 42 -17 28 1 27 -35 7 -39 13 14 33 -17 -4 -41 29 -34 8 -42 -33 21 -14 -41 -26 7 -51 44 14 -17 35 4 9 -7 34 -4 -48 -33 35 38 -41 -7 -5 51 42 18 17 28 1 9 26 14
s 111110010000110111100001100001000011110001000101010001111100100010101110
m -55 126 -63 -124 9 -126 -118 113 -80 127 -24 -1 118 -83 -84 -69 -9 75 77 117 -70 -81 -17 -107 -30 37 110 -30 -43 -71 -91 -98 -63 85 103 -12 23 -81 100 101 -17 -100 -69 -72 65 32 119 15 -37 -80 -83 82 -53 100 -113 -79 126 104 101 -51 -125 -89 -120 83 7 71 110 -57 2 -104 -110 -124 -7 -74 -73 -86 123 28 39 55 47 -27 -9 66 -7 -76 103 70 9 80 34 -68 36 -39 -34 43 2 -49 127 59 4 0 11 -31 -39 99 -117 -84 -71 11 0 -41 -8 -39 12 39 -115 82 -3 -120 123 -69 -92 41 -72 -116 11 127 95 -7 17 -3 -47 26 65 -95 -46 60 -28 84 36 105 -41 54 39 27 112 -41 83 -2 -13 -68 -66 -78 -9 -74 5 -109 2 14 -12 -114 -52 47 -64 -67 49 -71 -18 2 31 -123 -49 59 46 100 17 2 -71 15 -25 123 -60 -117 58 -121 -83 92 29 -27 -83 -38 -46 -51 91 -26 89 16 85 95 -30 46 117 77 17 -1 15 110 -11 14 -61 56 51 -9 113 99 56 -63 -64 -63 -18 58 43 -19 -84 63 37 -52 70 16 107 80 32 33 109 -39 -28 -11 -113 -74 21 -46 56 -11 -73 -63 -13 -116 101 44 -112 -84 44 -112 -42 -88 57 -100 -44 -112 -53 4 -99 -23 16 -61 -2 -46 -99 -20 103 19 22 44 -98 71 -31 91 16 -121 -34 -44 18 -15 -55 2 113 -71 -59 -18 80 127 -90 -53 124 -122 93 43 93 -7 -114 75 -123 -17 100 -20 121 86 -111 -84 103 47 -43 -98 -73 14 -9 74 87 -123 -75 22 106 66 50 43 -52 -51 -78 -24 -36 -106 127 115 5 103 30 -19 47 50 84 -92 -46 -21 81 -103 -15 -26 -112 92 122 43 -28 53 -60 120 -85 64 75 53 -26 -120 -117 -13 -56 86 -85 -72 70 85 71 7 -91 95 2 105 122 23 -80 56 15 -99 -4 99 93 116 84 -35 -97 -82 117 46 -7 -16 -95 32 -8 119 14 102 -80 -97 63 -9 -50 2 75 -125 -90 -73 88 61 69 -103 -82 -41 69 88 43 84 -62 -47 -36 -23 -68 77 -122 -89 21 -7 44 -55
e 8 8 -2 -39 38 7 -39 -10 -8 -10 -19 -14 19 -4 14 -4 12 -7 -7 -2 36 7 2 16 7 27 -17 -33 28 -13 28 24 -14 -24 -7 -28 -10 15 1 17 15 10 -17 2 -13 -2 2 -45 -2 -30 -74 30 10 -27 -39 -63 14 -10 -16 -14 -19 16 7 4 -36 11 -8 -11 -13 -8 2 -63 27 -25 -25 -27 7 44 -28 7 7 35 -7 -18 16 18 8 -2 8 25 17 5 13 2 35 13 18 30 4 30 36 12 -14 0 -5 -15 -5 5 16 -21 2 7 19 0 38 -7 -3 -2 -12 16 63 16 25 14 25 10 7 23 3 -8 -22 -14 18 -15 -41 -8 49 47 -27 47 24 25 -24 23 -30 -41 2 -4 7 -8 0 -7 -2 -5 -2 -15 -17 -15 -2 32 2 24 7 -14 7 -3 2 7 61 43 -7 25 7 8 -10 8 1 0 -1 -42 15 14 -11 41 -36 -11 -47 -36 -16 -31 16 17 -23 17 13 -3 13 14 7 73 29 2 1 -27 21 -25 -10 -2 14 -49 24 -13 -14 -2 -14 73 4 36 -1 8 26 -10 8 34 13 39 13 14 -10 14 73 19 11 -27 39 24 -1 62 7 10 21 2 -13 -4 7 14 8 -27 73 8 28 27 56 7 -30 10 27 10 -19 28 15 10 24 -17 -8 7 28 -8 2 -2 -7 21 -2 27 2 66 35 2 20 24 -37 16 -7 10 7 -15 -15 -11 -17 39 8 -2 7 -25 2 -11 25 30 -2 -10 10 63 -7 15 14 32 -16 7 -5 7 7 -5 -11 18 -13 -2 -8 -30 63 -25 -4 14 25 0 7 -30 25 -7 -4 10 18 0 0 8 35 -7 25 5 3 25 13 16 30 7 24 -4 -3 -41 0 -16 3 5 46 -15 5 -10 41 13 0 53 7 15 2 -3 41 -24 16 -47 2 -25 24 7 10 23 4 0 3 15 15 7 1 41 -2 -14 47 15 -7 -24 2 -2 23 -24 28 -3 -2 8 -7 2 33 2 7 -14 15 -28 -11 -2 1 36 24 14 -16 2 -7 17 -2 51 -14 -7 -16 73 -8 17 27 -1 -13 1 14 -14 -10 56 11 13
s 110100000111101101101100101111110011110011101100101111010100011010101100
m 36 -55 28 -97 28 112 5 -120 21 118 -54 -74 75 60 59 -47 -117 23 20 -79 52 51 -47 97 12 106 69 -102 -26 87 -100 80 -57 -109 126 71 2 -27 -30 73 -62 37 -113 113 102 33 77 7 -17 77 -70 54 -73 -27 34 2 -65 71 105 42 13 -82 107 39 -112 -76 69 -68 67 -113 -72 -1 -111 68 125 105 -14 16 16 95 -14 74 -1 -97 -99 105 -102 59 19 106 -57 103 69 77 103 -83 -60 -45 -85 23 -16 -59 10 67 -38 -31 -124 -76 35 30 80 -103 -7 -32 -102 29 -68 -71 -66 78 -45 -23 15 -87 -117 -55 -110 11 70 -10 32 85 112 -68 14 -118 -66 120 -82 38 -45 42 -39 17 -74 6 74 -118 56 15 127 125 -110 -101 91 -47 -39 35 -122 -13 55 -51 -3 -109 15 -51 -32 -9 93 -64 -97 106 -60 15 108 38 34 67 -70 -16 -30 33 44 53 107 66 -29 -114 40 13 49 -30 -91 12 -27 111 40 57 -46 -72 -114 33 -106 0 58 117 72 57 -97 38 -77 5 -122 -11 23 -19 1 63 26 16 49 117 7 102 -51 111 -54 60 112 88 -59 14 -8 -65 101 -117 -103 113 -11 112 46 125 -22 -82 -18 -57 37 78 30 -16 -10 -67 -125 9 -104 -48 99 88 118 121 -104 -56 -97 -120 -95 -67 1 -76 19 -80 -101 -101 77 -24 -86 -41 -78 95 7 -58 118 45 -56 -78 -14 -61 -114 87 1 123 59 -34 78 -70 92 99 97 95 -121 -39 -85 -42 104 116 26 114 0 -54 126 96 -58 54 -118 60 -38 103 -47 -17 -109 67 -3 -9 -127 83 -46 33 63 -9 28 0 125 92 -1 47 -80 124 -48 73 -24 -103 -43 -62 -110 1 91 33 -17 88 81 51 16 -41 -38 -26 59 -112 71 -83 -107 19 124 112 -56 -122 64 -114 15 4 127 39 94 76 -37 24 -99 -32 -63 -16 41 -117 53 -27 124 -119 92 27 17 -80 119 -78 -20 -73 -91 -51 -14 -61 99 1 -68 -73 8 8 12 123 57 56 101 122 -85 -15 119 -6 -88 -7 -110 -55 16 -106 -51 34 -41 69 7 -79 -54 -93 -69 -24 -104 -62 34 62
e 14 -7 1 5 7 -7 -30 42 14 -42 12 -30 -12 1 -14 -1 -14 -8 -10 -17 49 -8 -17 35 -8 21 -7 -21 -9 24 -9 -51 7 51 -10 -7 -9 -28 23 -1 -24 63 1 1 -5 1 15 -14 -53 21 -17 21 2 0 -5 -1 7 -42 0 -7 -13 0 -13 1 13 60 14 67 63 -7 -59 2 8 42 -14 21 -35 -37 9 13 1 -51 8 -53 10 53 -17 17 42 42 1 -35 12 1 -15 -12 -15 15 3 48 3 59 -2 -52 36 -24 34 35 0 0 -1 13 1 1 60 -1 15 -59 15 14 1 -14 34 7 -14 0 -13 15 14 1 23 14 53 -23 24 -17 -13 4 -42 4 -12 -14 -12 10 15 45 6 3 -41 6 -52 -41 29 34 -29 11 48 -11 49 -34 -49 -6 1 14 -8 15 -1 14 14 -1 7 14 7 19 0 14 47 -1 -30 14 -23 -7 -7 13 46 -7 -4 -46 43 35 35 7 -10 -7 -35 14 24 -7 49 -17 0 -64 23 7 -11 -23 33 -49 -33 -5 -6 -20 7 -6 -7 -27 35 46 -27 32 35 33 14 -7 5 -5 -24 -7 -42 -7 -17 -12 30 0 -5 51 23 -42 18 33 -12 17 5 -1 8 7 14 21 17 -7 -14 0 5 -11 -21 63 21 -2 -12 9 -24 -1 51 1 -14 10 29 -7 42 -15 8 1 59 -69 -1 1 -9 15 -8 65 21 0 10 2 69 -17 -24 -60 -50 0 17 -1 -13 -42 15 -60 -14 21 -59 -13 2 1 -1 24 -7 53 31 -13 -34 -13 1 -35 60 85 -12 59 -17 29 1 42 14 7 14 -52 -13 -15 14 1 -3 27 53 -52 28 17 34 -1 -59 -35 15 14 -12 -14 15 -3 12 -3 21 10 -52 14 45 34 -14 -27 -35 0 13 -12 1 4 -1 23 49 15 13 -6 21 17 6 14 12 -41 0 10 29 1 -14 11 23 41 30 -13 -29 14 4 -11 -8 -12 -49 -1 -10 -6 7 -14 -6 -14 -41 25 -24 29 -53 -21 -14 14 -7 -49 30 46 -6 14 35 -10 8 11 -1 -46 -7 7 -35 17 -14 -7 0 -30 -24 23 14 7 -33 8 -7 -5
s 000101000001000111011110001000101111011100100010010111100101011000001001
m -19 -45 13 75 -33 14 -34 28 20 -47 -115 3 106 21 -64 -72 -13 -67 82 70 103 -13 -115 76 -119 -64 121 8 71 -64 -97 -68 -114 102 -127 -110 -29 109 -113 57 70 110 -31 116 -58 -54 -35 -118 42 -30 -95 -71 19 -102 -97 -27 114 -92 127 -67 -64 -7 54 -46 -82 -1 -18 -12 -106 -38 -24 -44 -118 -7 -26 42 73 -103 -119 -40 -64 50 -12 -103 102 22 99 -78 -90 -24 7 -121 -53 74 4 115 -92 1 6 9 -83 -125 -47 -113 39 -70 -21 94 -77 -109 -94 55 4 29 -24 29 43 81 -95 68 -99 35 -95 -60 -7 67 -65 58 -8 -5 -51 -97 -34 -62 114 28 -116 5 11 -124 -4 28 124 -37 105 29 -14 84 115 119 6 72 95 90 55 103 85 -60 -62 -63 -27 81 -22 97 51 122 83 16 51 -45 -59 -17 111 -47 9 103 53 -58 -99 -127 59 -22 34 42 -3 -122 77 33 19 -34 114 -79 106 9 -46 -2 -44 -56 -36 8 1 -17 -78 85 30 44 6 -93 -41 -61 38 35 11 75 39 -46 -114 -24 0 15 -58 -34 -121 44 -52 -74 -43 74 -48 -1 53 64 36 17 -112 -52 -4 126 -48 -18 16 14 -25 92 18 114 -113 40 -56 -14 86 124 15 -91 87 -109 64 -73 -105 2 -88 -84 -17 -18 65 -10 -100 -57 -63 -5 -69 -60 -52 -121 7 -56 24 83 -104 -114 -101 94 -90 102 73 -20 -11 -32 -32 82 -33 -95 -20 119 71 55 22 -5 3 58 -111 -20 25 -116 38 120 -30 87 30 -76 -56 -34 38 -80 23 58 63 63 22 93 -101 -79 89 24 36 -2 59 102 21 57 22 66 21 -104 -33 75 -67 -48 4 -7 -96 113 26 59 -69 -113 -59 51 -7 24 -106 41 115 -125 -105 31 -46 29 10 -39 6 -62 -114 37 -52 -67 94 -107 53 -1 -69 42 -23 61 -20 18 12 84 -54 3 -49 -19 80 126 -40 -108 85 39 -4 -61 40 -50 92 50 -10 -127 -88 26 -103 -66 -106 24 43 -50 -77 105 -101 -23 104 -87 -121 46 0 -106 -6 -119 -2 75 -18 -108 -21 -112 -74 102 46 26 68 79 114 102 -5 -79
e -12 13 6 14 13 52 -14 42 19 -25 14 43 -14 -41 60 19 -14 0 9 -13 3 16 13 16 12 -7 8 35 2 38 -2 -15 -1 15 -9 -5 17 -10 0 7 -10 -6 -7 -7 -22 7 5 -2 -5 5 -7 5 -26 1 -14 -18 34 -25 -7 -34 14 27 18 19 -18 11 -12 1 -3 13 -3 -18 12 10 7 7 32 7 -2 -32 -5 15 -5 -20 9 20 -25 13 25 7 16 30 -21 -7 1 21 5 2 -19 -5 6 -6 17 -6 -19 10 27 -30 7 -8 -9 18 -6 9 1 -4 -4 3 4 -21 -18 -21 1 -34 1 8 -32 33 -2 -11 -48 -2 -20 -45 17 -29 -17 35 -7 -5 -30 -7 4 -35 1 -34 9 -6 3 -9 7 3 15 -19 15 27 -30 -27 -4 -21 -4 -26 4 -56 0 -4 6 0 -21 -6 -13 1 13 -18 21 18 3 -9 -3 56 45 -1 5 17 -21 -5 5 3 16 -4 16 -8 33 39 38 -7 38 -1 -3 41 -15 -18 0 -1 38 0 -16 -4 6 -22 -26 22 2 -9 2 -7 19 -3 -4 12 -16 6 13 8 -22 -14 39 2 -25 -20 7 -14 5 -1 -14 -15 0 25 -9 6 -56 -18 -31 -19 -12 2 -12 7 -7 29 2 -1 30 12 -5 -25 7 17 14 21 10 19 -44 -7 12 -42 7 13 13 31 12 -7 -3 -7 -48 -18 2 -5 -34 -15 5 -7 -9 -17 18 13 62 1 -7 -7 25 7 -48 -7 -5 -1 -7 8 21 32 17 -20 5 10 53 20 7 32 -19 -18 -5 42 -1 -20 26 3 -25 1 18 -7 6 -34 -7 6 35 -1 -1 5 -6 8 20 6 9 25 19 -4 7 30 -33 20 -21 -21 1 -4 -4 6 4 33 -6 -31 -2 -19 -1 -45 30 8 -17 21 16 -5 -4 -45 -4 -4 -17 26 -21 -5 -9 7 -4 3 -8 33 -15 9 2 27 -45 32 -3 -37 15 -56 -5 -27 0 4 -24 -6 33 26 13 2 13 -18 -3 6 38 -15 -13 1 27 -18 -5 4 -3 -3 -26 56 -16 -9 14 -8 -12 -3 -10 13 -17 -7 -18 -8 1 3 -38 0 -56 1 -6 0 -30 -22
s 100011100111110000000011011010110011100110010100100101111001010101111000
m -124 -37 92 -11 -10 122 -53 88 -101 113 -120 87 -26 -93 10 -78 -11 -80 37 13 107 28 -79 4 104 27 34 -10 -80 -100 -8 48 -124 -7 -28 -24 20 -113 -84 -10 77 21 79 94 9 110 43 -127 -52 -34 84 85 -60 39 116 71 29 98 63 -60 48 -12 -36 39 -41 42 -27 106 -115 -76 -90 -100 -118 -21 -97 -93 -87 32 106 98 16 -62 99 -120 -24 -67 -120 49 25 95 97 5 11 103 110 28 120 -77 74 39 -74 110 57 -24 -47 -7 17 126 72 -100 107 -27 36 -108 104 -10 12 -94 75 -121 54 -68 -16 -22 88 -36 -2 117 -17 50 -2 28 -71 81 -43 -18 121 21 -100 89 -90 100 -15 -7 54 59 -13 125 -104 37 -99 121 -98 -58 8 50 36 101 87 104 -2 -117 50 33 -39 -11 -51 -102 8 -123 3 80 33 30 -79 -25 -101 51 -12 14 -9 -108 89 -117 -54 57 -31 -29 111 -38 67 102 39 -80 -126 95 45 2 32 92 -111 117 -44 -33 -69 -84 52 -111 57 -67 105 106 104 92 -20 -31 -88 121 15 45 114 -105 47 -49 -75 -84 107 -112 60 -32 74 64 -126 28 -123 -63 -58 -119 -40 105 103 96 59 108 58 -41 107 44 117 -32 126 46 48 122 24 -81 8 123 -25 11 86 118 115 -102 -56 127 121 84 0 76 36 89 -61 -9 95 -95 28 5 79 91 -27 47 76 -57 -77 117 -33 30 87 88 -43 -19 -17 16 -42 29 24 -15 65 -19 -54 -107 -27 62 -54 -83 75 -72 103 102 5 -58 -54 -67 94 15 -47 -83 123 -79 78 -103 -11 123 6 28 42 -97 -78 -28 -19 91 -40 11 -91 -46 -55 -25 71 -12 -118 -40 -34 -95 126 18 26 -32 94 53 97 -125 3 -32 61 -49 15 -117 8 83 65 51 23 90 -115 48 19 -34 92 -57 28 92 6 -19 -32 -121 -49 -34 -79 110 -47 106 16 106 7 26 87 -2 -57 0 125 -99 -81 122 -48 -55 -53 66 -73 56 115 83 27 41 -49 90 -14 110 116 126 -16 -23 123 -48 109 63 -29 90 34 -14 -74 -3 71 2 86 85 -73 114 25 -65 15 60
e 10 9 0 42 28 3 10 53 22 53 22 2 22 35 -13 35 24 35 21 0 26 32 0 14 25 -7 3 7 -7 -40 -10 7 2 -42 -21 -14 -48 7 14 70 -7 22 -9 17 -52 17 5 18 -5 14 13 -14 18 25 -10 48 -20 53 -11 20 -22 42 15 -69 15 -26 10 -26 -14 9 -14 -48 -25 14 10 7 -2 -10 7 2 -5 -7 -5 17 -25 17 -10 0 10 -14 -9 -22 -25 17 25 -10 5 -25 -16 -14 16 21 -18 -80 -15 29 42 -5 -11 -6 -7 15 9 7 -26 -32 -10 -14 -10 7 63 7 3 26 -3 -6 -6 -7 -25 -5 -8 15 17 2 -14 -10 14 7 14 7 2 -10 2 17 25 42 -21 -16 28 12 -21 -28 -7 -15 14 23 -5 23 2 -10 -21 -42 9 -9 57 11 0 35 -17 0 29 -3 3 -22 -6 27 -2 -7 -2 -9 -2 2 14 -14 -26 14 -7 -48 4 2 4 3 -7 -3 -40 15 64 -28 -47 13 -25 7 14 -25 -23 14 19 -2 19 8 42 -8 -18 12 26 -13 35 26 -39 -10 4 -19 -9 -3 8 10 40 18 71 2 13 -22 -14 29 10 -7 14 -53 -21 19 -22 0 -8 -35 25 18 -10 -7 13 9 7 25 -10 25 -14 -53 -8 -18 23 7 -7 -35 7 9 10 21 17 -9 12 5 25 -9 -14 7 17 -48 7 37 -20 7 14 -11 21 18 15 0 7 -26 -9 -11 -10 -83 24 -19 -5 -27 -10 21 14 -2 18 -48 5 -7 20 17 -11 -2 15 -15 -14 5 26 17 -10 54 -10 -25 48 14 -16 20 11 21 2 30 -3 5 16 -6 59 21 7 16 -15 -9 14 5 -10 10 10 7 -25 -9 -2 -65 -10 7 21 -7 15 -15 -14 -2 -5 -6 38 10 -35 7 9 2 2 -10 -14 52 -7 -7 12 3 -2 -28 25 7 -7 7 -15 -23 -2 -28 -2 14 7 -9 19 24 -35 14 -2 -45 -7 -42 -3 15 -12 22 28 0 -40 7 3 -2 23 -22 -14 2 -2 26 42 -9 -4 -12 -35 -3 0 26 18 3 4 -28 22 -30 25 11 40 -14 9 -2 19 35 21 -8
s 100000111011101010110011001011111101100001101011111010100110011101011111
m -41 77 10 -38 119 49 -71 90 -84 103 -98 75 106 -65 85 49 46 -72 113 67 -19 -4 -105 -107 5 -85 52 -101 77 81 -112 -65 -72 -13 -122 -42 -29 -6 -24 117 -35 61 123 -101 78 -31 5 15 -102 -124 -42 9 50 125 120 30 98 52 -109 67 92 5 -83 -114 25 -104 31 61 2 61 -50 78 -47 -102 112 36 8 -24 14 103 42 -3 72 -46 -22 -112 -43 -32 -26 80 -77 15 4 -17 9 -57 24 -119 36 -19 -67 -13 -105 -30 72 88 96 39 -21 20 27 -58 -8 22 26 -59 -6 84 85 9 -71 -62 12 1 115 -93 124 -12 39 -116 -35 33 12 -51 -5 -112 58 -67 32 100 100 -20 98 85 100 -100 -33 107 59 96 -86 -72 -73 22 -55 31 -57 -78 106 108 -31 -29 -26 -122 -103 -72 115 -127 -73 -46 4 -99 -83 -26 -70 -85 -75 -62 40 12 81 -39 66 -100 63 111 -24 21 101 11 73 98 -12 -42 42 5 80 69 106 61 116 -26 91 114 -7 120 -73 2 50 -96 80 -104 14 70 110 -67 40 -89 38 -115 15 -49 -50 -80 75 -20 30 14 -104 -117 77 110 106 17 124 38 82 -84 -4 -66 74 -125 112 -115 32 -56 127 51 -45 -14 15 89 49 -68 64 100 -49 -115 -3 54 45 -49 40 35 107 -2 5 101 -99 -51 -3 98 -2 31 -119 99 119 -16 -5 -104 -17 -98 -79 -28 -10 125 -69 102 -28 65 104 -101 -89 -24 -53 59 -123 71 49 122 -97 -122 -82 89 11 -2 106 124 23 52 79 -40 66 116 91 -126 -56 0 23 -80 6 107 -83 99 42 -27 50 -64 -33 -63 -59 36 116 11 103 -52 37 97 -6 -88 -45 4 122 54 -80 -6 67 -48 -97 -22 -92 -72 -68 -86 98 6 -37 13 -110 76 -42 -79 42 61 87 -106 -35 7 74 80 -24 40 -37 -14 99 19 84 92 -58 -24 -52 -73 -40 -119 -2 69 -127 -81 -33 0 26 -82 -11 74 38 -89 -116 -22 48 -27 -75 120 -52 72 -33 13 -76 105 -75 -59 -125 45 -17 35 55 -41 71 116 -90 102 104 1 13 -86 -91 62 -104 108 -40 -91 114 6
e -28 13 0 -18 13 -4 -18 46 -23 46 -3 -35 3 -35 -11 35 28 -15 2 -28 19 3 28 -14 -3 -28 -1 -28 13 27 -13 -3 35 -3 -2 29 -25 31 34 -25 6 -35 -25 5 -6 5 -14 13 5 8 -40 -15 25 -12 18 -21 1 74 -5 1 3 19 9 -35 -9 23 36 -23 -2 13 2 -21 3 -21 18 28 37 -18 14 7 -56 -12 -37 2 -2 2 -10 59 -10 21 25 35 -12 5 0 4 -5 0 6 8 -6 27 -25 12 20 -6 20 14 -5 6 -17 9 -23 -17 -52 -7 6 -2 -6 4 21 -4 44 5 11 -6 7 11 5 37 -45 5 -2 -31 -33 -10 5 -2 21 2 -10 -21 -10 -11 0 -26 34 6 21 -29 12 -21 -23 21 -23 7 -14 -7 2 -4 -2 -66 -7 11 -15 6 0 -15 -4 0 -10 -11 4 -63 -6 -23 35 17 -46 -52 31 61 -29 -5 -17 -29 -2 -17 14 -21 14 -1 11 1 27 29 27 -35 21 37 -12 -24 -21 -12 -28 -21 35 12 -35 6 26 6 13 -29 13 -37 43 17 -21 -28 64 35 -13 1 -6 -34 37 13 -46 35 37 3 -29 -12 18 3 -21 -46 -2 35 3 28 -6 -35 -3 -13 28 28 -37 -44 13 -12 18 3 -8 46 -28 -25 -65 13 -6 -35 3 -25 28 -4 -15 13 28 5 4 -25 2 32 5 -21 13 5 -1 -3 8 -5 -2 -26 22 -28 6 -23 31 5 10 5 9 -28 5 -23 -18 -8 -2 7 -25 21 37 -6 1 11 5 7 20 -9 -37 -14 -23 -2 -4 2 -10 -8 -27 -21 6 1 -18 -12 7 0 11 37 -6 -6 2 -12 -17 23 20 -7 21 14 6 -18 4 8 0 7 10 -6 -6 11 12 -4 -5 -20 -11 -31 14 18 -5 -4 17 2 -7 -31 2 -6 5 -26 -4 2 -29 11 10 21 -6 11 23 -20 5 7 -31 -35 35 -5 -23 11 -7 7 -15 10 -2 -9 -11 -26 4 5 -29 -23 -21 0 27 -23 4 -35 -7 23 37 2 35 -17 -26 11 -14 -29 -63 -1 0 17 13 -4 -14 37 23 -31 -15 35 -27 -21 11 -35 43 -15 -29 -66
s 100101011101101001100011000101010100010010100100011010100110000111110100
m -13 -81 -1 -23 -27 -127 118 104 -33 -85 -98 -87 96 -48 126 -27 -43 27 -62 -104 -96 10 27 -3 107 127 -83 -97 -111 88 -94 0 13 -60 -127 16 -118 75 -59 62 51 48 76 61 2 -17 107 96 -89 25 -96 1 101 -41 -102 2 -45 -48 0 -32 -61 117 -101 16 111 -35 -69 -123 -53 117 48 -78 -100 42 -72 46 -81 -33 42 79 -120 119 118 64 -60 123 -101 118 -28 -118 56 61 -42 76 -25 -82 96 90 92 103 -28 16 126 109 -50 74 -45 -34 -3 119 117 -58 108 64 -87 107 83 119 72 95 -25 98 -65 -100 14 25 107 11 19 15 -108 -79 112 72 25 -80 -52 10 115 94 40 -90 -99 90 92 -4 15 -103 45 -83 -126 111 80 -44 89 -46 -57 50 120 -79 -27 70 -20 15 106 34 -97 39 -11 100 -110 -126 -124 36 -52 28 -22 97 7 -107 -21 40 -121 45 -119 -120 95 106 -6 -93 -82 24 61 89 87 -21 20 -97 -15 -61 82 103 72 67 -47 -116 -74 -65 52 58 -11 41 110 -10 -38 40 -95 57 80 -58 -14 -83 -84 46 5 -52 -71 -30 -39 10 -98 83 -59 81 -103 56 -4 127 -126 124 123 24 -40 -19 -82 103 2 -42 -116 6 120 -82 -83 -115 -87 -4 105 8 -82 -35 82 -16 12 -52 -7 59 36 90 92 -86 -81 99 42 79 -22 -25 54 -19 -17 -120 -100 63 69 -110 -88 -100 20 67 14 -41 -22 -49 65 -105 -72 118 28 -10 -64 -62 45 -6 47 -18 -84 -90 52 47 -88 -125 32 -102 -60 -73 -63 116 75 34 52 99 -124 66 -124 -63 -49 15 113 -62 -84 -37 112 107 -98 28 -115 87 -48 15 -55 8 124 63 85 -119 64 -110 -96 49 82 -104 10 53 -96 -31 -86 -20 -105 -76 99 109 -55 -48 -67 -31 -113 79 15 44 -9 40 -113 -118 -70 -90 -64 124 -84 77 -36 90 -65 37 20 64 -46 100 91 -17 -85 101 -45 -58 -42 -3 -119 -86 -14 26 47 16 32 -33 13 29 -32 120 -109 49 -111 -127 89 115 125 -127 -49 86 81 107 74 98 98 96 -31 63 -114 54 -123 -6 119 64 46 -109
e 2 -6 -23 -46 -6 -28 21 4 -25 -4 54 7 -54 -14 14 -14 2 35 -52 21 -43 71 -21 -6 9 -37 -21 37 -31 -18 -31 -11 6 0 -52 -28 -7 16 -4 13 16 -46 13 -15 5 20 -17 -27 17 -1 -35 -9 7 28 -21 -6 -15 -4 -3 -15 72 0 -51 14 51 -53 2 -31 -37 6 37 2 -9 -42 7 -37 42 7 31 -42 -14 0 14 64 -52 56 20 -21 20 37 13 14 56 -15 14 37 -17 -14 25 -1 -74 56 7 14 -39 16 -39 -14 0 -18 -56 -57 -18 -85 -31 -18 28 37 28 10 2 10 13 -15 -35 -18 -42 40 3 28 -19 -3 56 19 -33 20 22 -39 -37 -9 -15 7 15 10 -14 10 8 -25 -13 -8 -14 -13 14 -40 14 12 -14 -12 24 37 -57 -4 49 56 24 28 -1 24 -14 1 -28 13 -28 25 18 26 7 -56 -20 -14 -28 6 14 -22 -43 14 -9 43 -3 15 -3 41 10 21 -18 -3 -42 -6 13 -35 -28 14 4 -28 12 -4 42 -24 -42 2 4 2 -27 -8 27 54 -14 43 4 2 -3 42 -6 21 2 -21 18 34 -4 6 -35 -54 14 -28 -21 0 -48 4 -52 -42 -54 -24 -2 -14 -9 -27 -7 41 -35 24 31 28 -21 -9 1 -35 -37 40 54 -37 16 -14 0 -13 2 53 -15 6 -21 17 -9 13 42 -37 15 2 31 63 -28 0 1 0 52 -7 -51 21 16 31 46 0 25 15 51 37 17 31 -7 1 -37 42 7 2 14 -18 -15 -56 0 -43 -39 -51 14 -14 -31 -56 37 37 -20 -14 -2 -37 -25 15 7 -14 42 -22 -13 -14 -25 18 56 14 56 -20 -39 -18 37 30 -28 -25 -37 10 -14 18 -15 -25 -28 10 14 -10 3 39 13 -19 -14 22 22 37 -56 -9 18 -19 -24 -30 22 -4 10 -9 -9 -13 15 13 18 -10 -14 -56 -3 -12 -19 -13 7 -22 14 14 9 -12 24 35 -24 1 -10 4 -28 -9 -8 -25 14 1 -18 18 37 -6 -41 25 14 24 7 50 4 -14 3 8 24 -21 -1 43 -27 28 3 35 25 21 36 -7 18 4 -14 -9 -42 24 -14 -2
s 001010101111110010111101000001101101011011101111111001001010000011101011
m 83 -52 -74 -84 -75 31 124 89 0 -28 -28 -32 16 -115 -50 89 42 -79 73 -69 9 5 -114 37 10 -28 44 59 -64 -68 -5 -6 11 72 -103 74 -16 -27 -61 85 -70 -19 28 34 -33 -102 92 113 34 -15 0 85 -50 -15 -114 24 87 -108 -76 -67 53 -114 -74 103 -114 115 -84 13 64 -4 -117 125 117 70 127 53 60 50 -72 -46 70 13 -65 -24 118 -77 -56 43 45 123 -62 0 -44 -71 47 -113 -56 18 -34 22 96 70 -26 48 61 -104 -18 12 48 -58 92 27 119 94 77 -40 33 126 111 60 -114 -1 61 -61 23 114 -6 124 -121 62 -30 127 -28 -85 17 -91 -100 107 64 75 -1 122 -80 83 -109 14 68 104 13 19 24 -112 -21 106 81 -40 -19 110 -90 -40 97 -52 -63 -43 51 -101 4 -56 -93 -92 -115 -84 51 -83 -127 32 -79 26 101 84 123 -118 -47 -20 4 35 100 89 10 11 -113 -61 38 105 -111 6 -83 114 91 25 78 -97 -61 80 32 59 -46 48 85 -122 -45 59 17 61 56 59 -97 -100 -47 -56 -71 12 -95 97 45 30 -9 8 -120 -74 43 -19 6 76 -88 108 55 -24 70 112 33 -52 -88 22 -40 76 -96 9 54 -68 78 -66 -51 -113 97 -94 45 -104 -57 59 -89 64 -29 -26 2 -70 70 -63 -85 -13 -72 -122 22 -72 -111 -111 121 80 21 80 -104 6 -97 23 126 43 -116 20 0 -105 27 -43 -13 -79 106 89 -13 -4 16 -98 39 62 -101 111 70 -12 21 -113 19 -1 -63 -96 -52 -61 -49 -85 -2 82 -94 -14 80 32 107 -39 78 -85 8 -10 -116 116 -8 72 94 -9 -101 36 -80 23 47 -75 -18 -87 59 62 -105 -115 15 4 -66 -126 -2 57 27 -44 -116 112 -55 25 -32 5 -38 104 -72 60 -45 -74 -4 -85 0 47 -8 3 127 -4 88 -50 -23 41 -14 81 -62 -64 -16 -45 80 64 8 -110 -87 -49 110 -75 -78 -62 42 -18 35 -12 117 112 94 -79 51 53 -11 -13 -87 13 -22 105 45 56 -66 -95 -56 57 -10 -42 -62 120 76 -25 -60 -71 -6 -24 -17 115 -115 84 51 -112
e 2 -4 4 -27 -4 -37 27 -21 -16 21 -14 55 17 -20 15 20 2 7 62 38 -4 9 38 -9 5 -8 -22 8 -5 6 -52 12 65 -6 -62 -6 21 62 21 0 24 11 0 -38 40 30 12 -7 12 4 -22 -4 14 -53 -27 -55 -19 21 -6 19 14 -6 1 20 1 12 -2 18 -14 -46 14 -21 5 -13 -12 8 6 -12 -5 -6 9 -6 -9 -7 62 -7 -2 -38 2 -13 0 -11 -16 30 -16 -16 -12 -42 70 -4 -30 -21 14 -21 -16 24 17 0 6 98 -23 -1 -32 -23 12 32 14 -14 14 1 21 -4 -7 19 -7 -51 -41 4 2 9 13 -2 -7 13 -18 -2 15 5 -13 5 -7 -12 -1 4 16 -20 0 -30 3 0 -35 -3 -14 -16 14 -28 0 28 -12 -16 12 13 32 15 -7 -14 -11 7 -1 4 28 7 -28 0 51 0 28 -28 -28 -15 -13 -10 6 15 -8 -6 5 -4 -33 1 9 22 4 -22 6 -2 6 10 3 0 14 -14 21 14 35 -21 11 12 -11 29 13 -29 -7 0 -7 0 -20 4 21 -2 9 -17 -4 -22 -29 45 6 -9 21 -10 0 -14 -10 14 -27 -6 -21 25 62 -11 14 38 29 56 -5 -7 -2 25 0 -4 5 -14 -27 -5 -4 21 8 14 -14 5 24 20 6 0 37 -62 -30 -4 38 -30 -5 0 -14 -8 30 21 5 12 -28 -6 4 19 -62 -14 -1 -38 24 12 23 -6 2 30 1 13 12 12 44 14 -20 -6 -14 -21 -9 -24 -19 -7 6 -6 -16 12 -9 0 -12 -7 -16 14 -8 -16 21 56 -30 -19 -12 21 6 16 -21 -55 30 -51 -11 -21 -23 -2 16 -34 13 0 14 12 -22 -1 -16 -32 -1 30 29 4 21 -1 6 -16 -7 13 0 -51 15 16 23 66 32 -13 -12 14 15 13 -1 -5 -17 -7 -1 12 -51 -4 14 23 2 28 27 3 28 15 -19 15 5 28 -45 -1 -12 4 4 13 28 2 0 0 3 4 -6 14 -28 -10 28 0 6 -42 28 -4 13 -15 -9 0 7 22 4 -4 7 28 9 0 0 39 -14 28 8 42 38 10 11 -7 -6 29
s 111001000101111101101110001111011100110110111110100010001000000001011001
m 27 99 46 -63 -54 -71 -58 12 -108 -119 -37 -82 108 6 40 -101 -80 0 -40 -75 -108 -102 72 125 -49 -39 -114 -102 -1 -56 91 77 48 -7 27 59 -18 53 48 104 58 -46 68 -74 82 -80 -43 68 88 22 29 15 -70 60 6 -93 36 123 -18 -84 55 -61 107 89 5 5 107 115 106 25 17 -14 -40 -5 53 116 -63 99 -99 -126 91 -97 -125 -87 61 23 -53 109 88 -88 111 -71 -101 -42 85 -88 102 9 102 123 -98 64 57 125 123 100 -30 46 92 -28 -20 -34 123 7 -41 -78 80 -90 -100 58 -114 -43 5 -89 -89 -22 68 -50 24 -111 90 91 -33 -46 -95 -54 -104 76 -93 89 48 97 11 110 -15 16 8 -6 39 -99 -81 -7 65 127 33 -91 -39 -102 -121 26 76 89 86 -62 14 -25 81 87 -73 30 79 -16 -35 64 58 -11 60 -72 90 42 -42 74 104 -90 -41 -84 100 89 -96 119 -120 84 115 31 -115 -49 -100 -118 -59 17 -60 100 -7 60 31 37 102 75 -68 -124 107 11 -37 41 -75 86 23 -66 88 -43 -2 110 -50 16 -17 103 108 49 99 -19 -92 60 -98 122 -1 29 -106 36 110 60 -56 -108 104 -40 -72 -63 -89 -46 65 33 -28 77 -108 112 16 -16 -102 25 12 94 24 93 100 -127 -46 78 80 -113 36 77 85 -109 100 -108 92 96 116 97 59 -40 88 86 -72 31 -13 -11 88 -9 -110 -105 -62 51 -110 20 -48 -116 13 -76 -18 42 23 -85 -57 12 -107 43 37 107 29 88 -25 -80 -73 -30 11 61 22 -84 -15 112 75 60 -58 -125 34 62 93 60 110 84 101 -15 -106 29 -74 -17 13 63 -68 -98 11 -104 15 118 23 45 -85 93 47 49 87 89 71 -93 -19 -15 122 -22 23 -60 3 41 126 -50 14 -127 47 -81 -92 -123 -13 76 -63 -107 95 -98 -49 85 -118 81 52 33 113 1 126 -114 -52 98 -118 -46 95 -4 66 110 49 -70 18 3 53 -80 -105 -121 55 -104 -94 -85 -37 -26 -45 -113 37 22 113 -59 -51 125 86 27 -81 -75 -116 85 115 -16 5 111 -25 25 -77 -97 -75 96
e 38 22 3 1 -22 24 1 -14 -10 11 11 14 -11 21 -1 -6 -24 13 -24 -10 -23 -35 10 2 -35 41 -14 35 25 5 -1 7 -17 -26 35 -66 -21 -11 7 60 -11 -53 91 -37 -10 -37 42 -33 -38 14 15 14 -16 53 -1 -13 -52 -11 -33 32 -11 -16 -5 6 -12 -8 24 -5 -15 29 -16 -14 -43 -12 -12 -35 -30 -12 1 -30 22 -7 -22 -21 24 27 -20 10 20 -5 60 -17 10 -45 8 10 -38 14 -6 14 6 14 16 14 -26 -11 26 17 16 14 -7 5 -3 18 5 3 22 15 -22 -38 -13 42 14 32 -5 14 30 82 43 -22 -36 21 -21 36 -13 -20 -13 -53 -5 -53 10 -12 12 -44 -8 4 20 40 -7 -7 -14 16 -29 -26 -57 28 -17 28 66 -10 -66 4 -3 1 0 -44 3 0 38 3 -24 -5 24 10 -14 -56 -14 -7 -14 -1 36 -17 -52 -13 -23 52 -53 23 -2 10 -2 14 -44 14 5 -21 5 17 7 26 -53 -29 -33 53 -49 7 41 -67 -41 10 4 -15 43 7 33 15 6 -23 7 -24 -33 41 -22 28 10 -1 -5 -33 -11 22 -15 -11 52 53 6 7 -7 -11 24 41 11 -10 -10 -6 -35 33 -24 35 15 22 1 53 1 35 14 11 35 16 -33 -1 -11 6 7 -60 -24 24 37 -22 10 -38 35 -60 -15 35 37 13 -1 -38 -32 -7 14 16 -24 16 5 -32 -11 5 -60 -16 -20 37 5 5 38 5 -47 -14 15 30 16 -13 -22 -21 32 21 16 30 -27 -5 -50 -17 5 -21 -10 -15 26 -8 -13 5 -6 -32 12 -14 37 8 5 22 -6 -14 21 -42 -7 20 26 3 5 17 -22 12 -10 38 8 -3 10 -6 -22 -44 14 -38 21 -26 5 36 -35 20 13 10 7 67 -15 -37 -66 -22 29 -4 -38 53 -7 -5 -10 -7 14 44 -29 -7 -21 -28 36 -7 -14 13 -29 -22 -53 28 0 10 66 -3 -44 -14 -24 21 7 -10 -7 27 -5 29 24 17 -28 -10 52 66 14 -36 -4 1 2 7 0 -14 -3 23 -33 -31 -2 -15 -10 14 53 33 -47 7 1 -17 -41 0 52 -10
s 010111110111100100010100001000010000010111001101010010110100110010001111
m -92 -122 -95 45 -35 -89 65 -67 -106 -9 77 66 93 -18 97 23 82 -10 -59 3 28 -76 -89 -119 123 101 96 53 -113 -110 -27 -79 -96 102 -93 50 45 124 -116 -103 -22 -10 -85 24 -107 41 15 -109 -120 -54 -52 -23 37 12 84 -88 46 11 -121 -34 15 34 2 -77 17 -72 -97 -1 -30 -76 8 -8 -63 27 -8 124 -8 -118 -100 -26 95 47 -33 78 125 61 -38 3 -80 118 48 86 -126 106 31 115 -23 120 -25 22 39 -33 -85 -78 -30 -86 32 47 63 124 114 111 10 33 -91 94 -44 -110 43 -50 109 -20 125 -38 83 -106 14 -50 82 5 -118 93 -83 -98 51 -90 -27 101 121 17 21 114 17 37 50 -114 -65 58 114 48 84 90 25 -73 -42 74 33 5 88 -46 -8 -37 72 -120 -77 38 40 -66 90 52 -78 88 -84 125 -46 73 32 -109 -127 -121 -18 -41 -71 55 -94 -100 -65 119 -17 -97 -32 19 32 -2 95 -1 46 -85 -105 -66 -9 33 -53 -41 -42 -35 30 -42 -99 23 -53 105 -83 -117 36 -83 32 81 -103 -90 18 -122 -60 -51 0 75 116 -126 -30 44 60 -7 -49 57 -55 -123 -5 74 -65 1 -13 62 55 -127 -21 72 56 -86 35 30 -4 116 113 90 -125 105 7 -111 63 -89 -29 113 -85 -50 -122 74 7 -52 -41 127 10 -54 -66 108 94 41 -45 91 -80 58 95 -58 -36 -60 25 116 -76 -123 77 11 -50 49 -99 -16 39 -28 -12 -93 -37 -76 1 97 -58 120 14 -12 -76 -23 85 46 22 25 105 118 62 -12 -67 81 25 -94 101 41 -98 -21 88 35 -5 -80 -58 97 -108 33 39 66 -69 39 95 -11 -64 77 -123 114 48 28 -124 -69 59 -26 -9 -89 7 73 -106 122 22 26 -24 -73 13 -59 125 32 -67 -31 70 -115 -53 71 -4 -25 109 -92 -113 -11 -68 35 -38 16 -5 -116 -61 68 52 -4 90 123 23 48 119 120 -14 102 67 -96 38 -59 39 -111 91 111 41 87 42 112 -42 -125 -89 -74 48 -1 -89 9 46 4 -102 -94 26 28 -69 14 -97 -96 -9 -62 -32 -26 4 -123 101 7 -71 -41
e 49 -27 -35 -49 -27 -25 -40 -8 52 -10 7 -28 7 -21 1 16 -49 7 32 -3 65 -9 3 -15 9 7 -2 7 -4 -28 -4 -42 36 42 32 -37 -1 20 -5 42 -26 1 42 7 0 7 21 -23 -14 20 -13 20 -1 8 -40 -7 -13 8 10 13 7 -10 15 -16 2 1 49 25 -7 -27 11 -22 -9 14 -11 7 -13 -7 -4 -7 -5 51 5 11 -32 11 44 -3 34 14 -44 -10 -41 7 31 41 -14 28 -35 -21 22 -8 1 -8 28 -20 -27 -10 -10 23 12 2 25 12 1 9 -28 -7 28 -18 7 -44 5 13 5 -23 7 -10 1 -20 -5 1 -11 -5 21 34 -21 -15 14 -52 -15 7 -19 10 28 33 4 22 -35 -4 8 -35 -29 27 22 -5 -10 -14 7 -55 -37 42 9 -1 7 28 46 7 18 35 -25 5 -25 -52 -23 -52 -54 -12 28 -1 -5 39 37 21 -25 37 15 25 -16 15 -15 -2 10 4 28 -7 28 36 35 -13 -8 -22 -5 -8 5 -5 -1 -7 1 0 33 0 -23 4 23 -13 16 25 -5 49 15 1 -27 2 -21 -40 28 -23 -8 -36 13 -12 37 8 40 -42 -23 8 32 -9 -7 -3 0 -16 -9 23 -72 -7 13 31 -24 8 -40 9 20 8 47 1 7 -4 -20 16 -42 42 49 -32 21 -27 3 14 19 42 -7 7 7 7 -4 14 13 42 -20 10 52 1 2 -3 -20 1 -42 -30 34 7 -2 -24 14 1 -7 20 -7 -7 -33 7 5 20 -30 -54 10 -7 -27 2 -5 -10 -1 11 41 -7 34 28 7 -14 22 -13 -7 -8 7 28 -22 5 -22 23 -11 8 12 -34 27 9 14 20 -28 7 -41 18 28 9 15 -22 28 -10 -19 -18 1 -27 -5 5 -10 41 -24 -41 29 15 9 5 -7 -34 21 33 -18 -15 8 -5 -15 35 -23 -13 22 12 -1 -5 -16 35 28 21 -22 -1 -15 -5 -7 -15 7 35 -10 -33 25 -1 -4 64 -79 -35 28 -22 25 -36 -5 -52 43 -7 28 -25 -33 -4 -15 -4 -7 -2 -35 -25 32 36 -15 31 52 2 -8 28 -41 -5 1 36 -1 -9 37 0
s 010110001000111011111101100000011100011101001011111011101010011000011101
m -68 -10 60 -104 10 -93 -66 -18 32 50 -99 -15 -98 -82 -71 -34 -18 -2 -13 111 58 35 -36 -14 68 -108 75 -7 -115 -113 -105 -96 -28 -102 -73 -63 -67 -91 101 -88 -69 -76 38 -65 113 67 16 -64 64 121 -24 68 82 123 101 99 -22 98 119 -125 48 -41 55 -123 94 -7 114 2 -45 -61 -91 83 42 -91 56 -72 -64 10 24 -107 -23 -20 116 -83 27 21 50 30 -117 62 -2 1 -84 22 -107 13 115 -93 125 -60 -7 120 -103 60 122 -92 12 115 121 108 51 0 -109 -103 -83 -100 -83 84 -33 26 1 19 72 -89 -93 91 73 -108 95 11 -15 11 -74 18 2 -107 41 -36 -5 64 15 -75 127 100 60 -8 -101 25 20 -107 -111 -10 -89 100 7 84 59 11 -19 -85 -97 -38 47 -116 -82 -119 55 -90 119 -29 -25 -120 80 -124 -123 -114 -95 26 -14 -12 -37 12 -49 4 -11 51 -88 -116 120 44 59 41 52 94 11 114 -42 -18 -99 104 -115 118 -74 -61 46 -71 124 42 70 61 -54 81 -107 116 -4 53 84 52 126 -20 79 65 36 52 -76 126 -11 93 -21 -31 -73 -82 58 8 11 -37 58 21 -29 110 98 -13 -82 -82 -119 -116 -69 31 84 -107 -65 -64 -59 -20 -83 29 85 64 94 104 -56 -71 -53 74 -2 39 -22 44 18 91 100 61 -31 0 9 50 -9 -61 -87 -83 -4 -124 72 84 0 -15 13 -2 55 9 53 -97 -77 61 -3 -22 96 -97 -98 -64 61 2 -72 29 7 -69 2 60 30 70 92 -2 21 119 5 -125 -19 -87 -119 47 -19 17 123 -121 96 0 -71 -92 91 -27 44 -6 -30 125 -13 114 -3 108 -62 -18 112 38 -107 -31 35 -17 -14 70 22 104 119 79 118 39 23 110 -94 -112 85 50 83 -15 43 -58 -53 75 121 55 -66 119 6 25 7 -108 -26 -108 40 33 96 61 125 3 110 -93 -2 52 58 48 -15 41 -41 13 -89 -88 0 -11 -101 65 -84 -85 123 -64 -18 -53 -64 -34 -70 -59 22 68 -27 16 27 95 -99 101 -13 -101 -79 -24 7 -27 -17 58 -45 8 34 -97 -125 80 22 -44
e -2 9 -26 10 -9 -22 10 19 -7 -16 42 -13 42 -30 11 -63 -2 24 24 -12 -10 18 12 -24 18 0 24 0 8 10 8 -18 11 -18 12 20 54 12 7 2 12 57 -2 -8 39 8 -3 -4 -3 4 21 4 -54 -7 -10 -1 7 -16 -2 7 -72 2 0 -30 0 2 2 -2 -28 9 -28 -1 18 3 9 0 -53 16 -8 -53 10 -33 -10 19 -12 -39 -17 -12 17 -3 34 -2 5 8 0 -5 -3 0 7 -4 -15 6 54 6 11 12 12 -1 -2 7 23 0 28 -23 2 28 13 28 13 -17 -2 -23 63 7 -63 7 53 -36 10 -21 14 35 19 -14 3 17 2 -2 3 2 6 -9 6 36 0 -12 0 7 9 0 -6 -18 -7 11 23 10 -1 16 -14 5 -14 -7 -28 11 2 13 -26 2 -17 36 -70 -63 22 7 -7 7 -13 27 -14 30 14 -16 20 2 46 -20 -2 10 13 6 13 24 36 24 -10 10 10 11 -9 -21 7 7 -7 7 10 -7 -57 14 -57 39 -7 39 -4 0 -12 -21 30 -10 7 -2 13 -62 -9 24 -39 -10 10 4 16 11 21 42 -20 -15 -52 -18 7 -16 12 -57 -42 14 -39 -30 -18 -4 -2 0 -21 9 8 7 10 -31 -4 -16 0 -54 -42 -8 12 -30 -18 -2 -16 -12 -8 -9 -12 -3 18 -2 -40 -7 20 -1 21 3 7 -18 -53 2 -12 -54 0 12 -26 2 -2 -2 -17 -8 0 -3 14 2 9 -4 -28 -53 -56 -1 10 -12 -15 19 -8 56 11 0 -10 1 -2 -19 -12 -28 44 0 1 -3 -7 -7 9 -6 53 53 -63 10 7 -7 -19 -20 -23 -17 -11 -28 5 -1 13 -9 -5 -17 0 42 6 -7 29 36 6 -17 10 11 63 -14 -1 7 -2 5 23 2 -28 14 14 13 -2 7 -17 2 0 63 14 9 24 -36 -7 -23 10 10 -14 9 13 2 7 11 -32 10 -2 6 -17 -26 -46 7 -22 -10 14 7 -9 -26 10 -7 22 11 -10 7 20 -14 -13 10 7 -11 -13 0 -2 24 26 -10 -4 -22 -13 21 -10 -36 7 13 10 51 -11 11 57 -2 -43 -54
s 000010101001010111110010100101000101110001000101101001101000110110000011
m 0 14 -27 60 -104 -29 -65 68 -54 -118 8 -104 66 32 125 -118 -110 -100 114 84 36 -113 -100 -101 -21 115 -16 -40 -69 -69 -83 65 62 -116 84 49 -61 -111 61 -2 92 35 -99 29 65 -75 -32 92 -18 109 -71 91 -66 103 -52 100 -6 -69 -77 35 -68 -74 -70 75 126 -116 -29 64 -13 -110 -18 -126 14 -44 87 -1 -119 -117 -44 122 36 60 -13 -120 -78 88 -87 -121 -38 -63 88 -67 -54 73 -7 -83 69 -18 109 65 44 -67 -68 15 -88 -22 -127 125 97 118 -16 -27 -81 -117 27 116 -86 -35 -95 110 2 6 11 -60 -110 -13 52 -71 -81 -32 76 -113 72 -109 -125 3 0 99 -54 -90 106 84 102 -3 97 126 65 -61 -93 19 20 7 81 -72 -52 124 -58 112 75 11 -58 82 13 99 55 -29 -97 69 -62 20 -38 -58 -52 -21 106 125 -67 17 84 109 -110 56 26 -88 78 -33 -76 -105 -66 -33 -13 95 27 -64 77 88 -76 95 -43 10 -118 30 -127 -59 -72 -62 -28 88 -101 -103 -90 109 1 -12 126 78 -16 -68 -97 -118 -52 -119 44 -19 -117 15 -50 23 -89 90 89 28 -15 56 -114 -110 122 -15 57 20 89 105 -51 35 19 -38 -111 57 85 16 82 60 -113 -13 -110 -87 87 -60 -51 -55 11 -35 -15 -5 -99 -58 -116 -77 -25 112 -47 79 88 83 75 24 51 83 1 122 112 -21 112 -39 -97 -54 -97 -42 -118 34 -88 -57 -79 125 112 120 -95 119 -75 35 -59 -60 -117 100 37 98 -15 -69 -87 -54 -68 125 -85 40 -100 4 81 -4 0 -29 29 33 71 46 0 -93 52 -46 29 24 -117 113 7 -15 76 123 53 116 63 2 -117 -84 111 -27 -47 98 87 -16 -106 -8 -83 -69 -64 -71 -62 -123 -109 25 -97 35 119 78 42 -31 -49 -80 -78 0 52 -121 -45 -127 -1 123 2 125 56 41 -120 8 115 10 17 19 26 106 62 3 -23 36 -57 89 91 93 -110 114 -69 63 13 95 -16 29 -40 64 67 41 34 -92 -7 -39 92 112 -7 72 114 101 43 32 35 92 11 3 -72 -31 -6 42 -53 -106 59 48 44 -22
e 26 -14 18 14 13 -14 -14 -14 10 14 25 28 7 -14 17 14 0 -7 50 -22 60 12 22 12 12 1 3 -1 39 6 39 -14 26 14 50 14 35 -10 -37 -5 10 -18 -2 50 20 -26 -16 -1 -28 57 -9 57 35 49 -14 0 -1 14 14 1 -7 14 -24 -14 24 24 0 -24 -4 13 -4 0 -12 -26 -2 -35 0 2 45 0 -12 -14 28 -35 -50 35 3 22 3 -26 2 51 10 26 -4 10 16 -4 -26 80 -26 -14 35 18 -61 -10 -61 -51 -14 -1 -7 -48 12 -7 -37 -12 26 -4 26 6 0 7 46 -1 -10 1 0 -3 -49 12 63 -49 35 -63 0 -14 9 0 -26 0 3 -2 3 -14 4 -7 -11 26 7 -11 14 -7 -2 -61 2 -35 55 -35 21 -22 -21 -7 -24 17 7 28 18 7 -6 -24 -14 -10 -14 10 -1 -10 28 7 -28 17 -63 26 14 0 32 -14 0 -32 12 -3 31 -3 3 3 -6 49 6 26 7 63 -49 -2 37 -49 35 37 18 21 18 -20 7 20 -21 17 -1 9 28 -32 37 0 12 18 -13 3 -20 46 6 -1 14 26 9 7 -23 52 -14 14 -37 60 51 -25 7 -22 -20 -14 -12 1 0 1 9 -13 -39 49 -14 13 -57 14 1 35 -7 39 20 14 53 -2 0 -50 -26 13 48 16 12 2 4 1 26 0 -39 16 6 -14 57 14 50 52 -24 22 -10 24 -2 -14 3 -26 -24 26 16 -24 2 57 -4 0 35 0 12 10 1 35 19 0 -61 -24 12 -51 24 63 10 12 -3 -7 -2 -39 -26 1 -2 14 -31 -4 10 12 -26 -1 -35 14 14 3 61 -12 26 -51 -26 -63 10 -6 4 12 -3 -26 -26 -3 -14 -6 -49 -63 -10 -67 51 1 0 -10 -7 0 -12 63 21 26 0 7 -6 23 -11 -10 -3 7 12 3 -15 7 71 -35 -63 -7 -28 0 -2 35 0 -35 7 29 -36 -18 -3 -7 14 49 11 -10 7 -18 -6 -2 -26 49 36 -10 14 21 -28 -32 70 -17 -12 -11 -42 -3 -18 32 -1 14 -12 9 -19 -14 -49 30 12 -54 -17 -26 -18 7 14 -45
s 011111101011000011111001111000011011100001111011011010000011100000101001
m -69 -94 0 -4 70 -46 -39 -82 1 123 -61 6 52 88 25 53 -54 85 113 -93 -125 -12 -56 75 32 -83 58 118 106 48 20 76 -97 -5 -117 67 40 104 65 -95 -127 89 57 -6 -12 127 55 -123 91 15 -94 55 117 77 -95 127 47 -29 93 -52 73 92 91 120 20 -54 -79 -36 -120 -60 -21 -19 11 -69 40 72 -31 -18 126 57 96 53 72 106 14 -7 -88 10 89 41 67 77 -21 60 63 -49 -35 8 -98 9 -2 17 117 57 28 112 9 -15 -63 64 -87 -126 21 43 -104 32 76 -123 -70 -15 -72 -114 91 -83 -35 23 114 -112 41 -56 -54 101 98 -45 80 -101 -34 4 -8 -21 35 49 39 20 -31 -108 -79 -82 -66 -17 105 -122 -64 -11 -34 16 -96 77 -98 -78 -22 57 37 -31 -35 -34 68 -2 9 -120 5 -122 119 31 -77 -11 38 108 12 -86 108 21 -124 60 -47 98 34 41 -83 13 7 15 7 -88 -106 -54 116 -93 -70 -39 -72 -68 26 -48 -111 -17 90 89 89 -8 8 30 91 105 -22 -112 -106 20 43 -21 54 55 -115 -87 -62 41 -21 6 -118 7 -29 -17 -62 6 72 -28 97 -62 -30 126 -58 35 94 23 110 -69 -24 55 60 -5 116 2 -51 -14 -125 97 90 -93 59 -42 -20 108 82 -47 -75 82 -42 -62 2 35 -87 45 -38 -71 -4 -54 -74 6 -3 48 123 -33 109 -18 -81 110 -50 -111 54 40 -89 20 2 -62 32 2 -60 -123 -2 30 88 -53 -49 104 -81 123 15 -51 84 111 53 55 -83 -18 -94 48 18 121 97 -16 -41 -23 -29 -53 0 21 104 -123 -121 43 11 106 -6 56 -1 -15 6 -98 -91 -37 73 -17 108 -89 41 -1 77 -4 19 -78 94 -30 -13 -33 12 111 -48 -116 18 -8 -98 -13 -55 127 71 -60 -120 -79 -117 -100 89 -53 8 0 -125 -16 -90 6 105 91 -9 -77 -127 -29 -38 -35 114 81 119 123 -78 -90 -49 27 -78 -38 86 -83 43 -38 45 64 2 102 89 -69 -65 94 92 -68 26 61 -49 110 93 13 118 76 117 -127 -25 78 -75 -107 -12 -2 44 -9 57 -122 70 46
e 19 -5 60 -35 5 -5 -4 26 -10 -26 -15 -8 15 21 -26 21 19 -2 -13 2 12 -10 2 -7 10 -49 14 49 -18 -11 -37 5 7 -25 13 55 -16 18 -2 -40 -18 49 40 4 -7 -4 -6 6 -6 8 26 8 -16 2 -4 17 3 55 -14 -3 15 -14 -2 21 -2 -2 19 -2 2 -5 2 -47 11 -6 16 49 0 -26 -18 0 43 5 43 -7 -27 10 16 -2 -16 6 40 11 -43 -4 -7 -19 6 -19 1 14 1 17 -16 15 -1 18 -1 -11 14 -7 -6 2 14 6 -2 14 -30 2 30 8 -17 8 12 -3 -12 -7 0 0 -24 -43 12 -24 -7 12 30 16 -42 -7 -6 4 12 16 12 0 7 -7 -15 1 -47 -54 15 -47 30 1 34 -2 -11 -2 -20 -19 -49 7 14 22 2 62 0 31 -14 0 40 -12 5 -1 7 1 -6 6 -6 22 -12 -7 -55 30 12 55 -4 -12 7 31 -23 51 0 -14 11 24 -11 7 -47 26 -2 30 -2 -2 2 2 49 20 49 -11 50 7 -6 15 6 26 -21 -12 -2 21 -7 50 -5 -14 -7 4 11 -20 26 -8 35 -46 -59 2 4 -5 -2 26 13 49 -15 -2 7 47 10 6 19 63 -26 -53 -18 6 -4 -10 -8 -26 49 16 15 18 -44 21 5 -40 19 -13 4 -5 -9 -6 -10 42 2 -49 6 -17 18 -28 -21 5 8 14 -13 35 2 -2 -18 -2 40 -14 16 -4 -18 -6 -6 32 -16 -8 19 0 -16 -17 -47 18 -3 -7 -29 0 -1 -2 43 11 -2 7 -19 -2 -49 -7 17 -6 1 -3 -16 -15 -27 -7 12 -43 1 -7 -7 15 -14 -16 8 -19 7 -11 30 -16 19 8 -7 -14 12 2 -30 0 15 8 -24 1 -31 12 14 -7 -30 -19 6 4 -14 29 -20 -30 30 -7 8 4 -15 -12 12 -58 -21 4 30 -6 24 -2 -12 47 6 -30 30 22 4 2 -2 12 20 0 0 -7 -5 -36 -15 1 47 0 -11 30 5 -7 -6 -1 55 -20 6 -12 7 22 -7 15 2 14 0 -18 -6 5 -7 26 1 14 -2 6 19 15 -22 7 49 2 55 7
s 011001100000000000011101011000001111101111111110000100011011011010101111
m 105 -47 -45 119 -106 -75 124 -120 113 -80 -49 85 119 126 -55 87 59 91 77 -117 -48 40 -29 -122 -71 -62 112 98 -86 34 21 7 12 72 62 63 97 -122 -50 -36 -18 92 -90 66 -112 77 -2 -22 67 -33 11 -98 113 -18 -94 22 -77 -115 124 111 81 114 -30 69 -111 83 111 -60 -22 49 -97 109 -63 -36 120 97 101 -2 8 76 110 -105 123 -71 -79 -124 49 -15 68 80 -65 -108 123 11 -111 -8 93 121 -99 87 -89 -65 -10 -49 -27 112 42 -2 116 13 -8 105 65 75 -3 -32 75 -68 -44 -58 -94 -60 5 -15 127 -76 116 60 -34 -88 8 -89 39 -9 116 116 -84 127 -116 16 -49 117 51 29 121 43 -84 13 77 -21 -48 -124 87 60 -24 -89 -125 13 52 -97 -42 4 -32 61 -76 -68 -93 -42 -60 -105 8 115 82 92 5 48 50 -82 30 127 92 29 -27 92 -127 21 -11 114 110 -2 95 -105 84 72 -9 9 -90 90 8 41 -108 83 -121 -31 -81 -124 -88 19 -95 -102 55 86 -62 -119 40 -46 58 -117 -79 -124 103 -99 -12 37 61 15 27 87 -110 -79 -82 72 80 116 17 -127 -23 8 -113 -93 21 98 7 52 -94 -83 70 119 -79 29 48 -120 59 11 -58 108 98 5 48 -70 21 16 -92 41 -67 3 -26 -80 -69 -2 47 79 -84 -116 73 102 -119 -104 -125 -42 -1 -10 -45 -82 126 -111 -115 63 75 50 -69 60 109 -12 -53 62 -71 119 114 110 40 -28 108 -89 70 -44 -101 92 46 29 -105 -55 -13 -24 -7 -16 -63 87 -26 115 25 4 -100 -27 -27 58 67 -87 -114 -75 -106 -51 3 -6 26 -126 63 -16 2 -76 24 -79 -27 18 -13 10 112 75 -72 -74 -34 -53 -95 58 -70 126 0 -60 -48 -37 94 -84 -59 -105 15 -21 -58 25 -116 -92 -72 -33 83 91 89 119 84 23 84 8 -38 51 -88 18 121 -113 -14 -64 24 59 85 77 -120 -50 -102 11 55 -103 70 -48 -12 -22 -68 121 124 74 91 -5 -55 24 121 -49 55 -11 73 -23 2 -26 36 -109 -11 -11 -42 18 -89 -117 66 -22 86 -93 29 -116
e 52 11 -52 -14 11 7 -14 7 10 7 -19 -16 19 14 -16 14 59 -13 -3 14 5 10 14 -32 -10 -85 10 55 7 -8 -7 37 20 7 -3 -19 5 -16 21 36 -19 76 32 -10 -7 -10 -2 -2 2 -1 -36 -1 5 -28 14 -23 -4 7 9 4 19 9 26 14 26 3 52 -3 -14 -11 -14 -20 -10 11 2 55 -24 -63 -19 -24 77 -7 77 -21 3 -21 -6 26 -6 -11 32 2 -7 -23 -24 7 2 24 9 1 9 24 -5 24 23 16 -23 14 9 -5 -3 -26 16 3 -12 -16 -2 -14 2 51 20 51 -59 -4 -5 5 -24 -26 -8 -77 -8 -8 21 7 0 -6 0 -10 11 -10 -2 2 2 -53 24 4 -19 -9 7 -43 24 -7 -21 -23 42 -12 2 21 -17 7 17 19 -16 16 13 2 -40 13 51 -40 -11 -5 -7 10 -12 10 -16 -3 -16 16 -7 11 19 0 5 -24 14 -5 32 -12 32 -10 -26 10 24 30 8 11 7 -10 -16 -21 21 -16 -12 21 -76 -21 -76 -7 4 7 -2 -19 2 10 14 5 21 -52 32 -76 26 10 7 -15 -8 2 7 -11 10 19 -19 16 -14 -7 44 -70 3 -76 42 -14 54 14 -10 -2 52 55 10 -11 -7 -16 -14 35 -1 -7 55 9 19 7 16 46 -7 -32 -52 -40 10 11 14 -2 10 -32 -14 -55 -10 -20 7 -2 -4 -7 -29 -44 3 -5 -26 14 -16 3 -32 9 6 -10 -26 32 -2 3 -2 1 14 -24 5 20 77 -16 4 -21 -9 -24 -23 -27 -77 2 -3 -35 7 -20 6 24 20 -11 -9 14 -2 42 67 24 -5 -77 9 5 -21 24 7 43 -24 -16 -11 2 -39 -2 -7 51 -51 28 -2 -12 -2 -26 24 51 -8 23 5 -7 2 -5 14 7 -3 10 16 7 17 2 0 -4 51 -10 -19 5 -2 -7 -5 -26 -21 3 8 12 -7 7 16 0 21 21 -10 -12 37 -2 -17 40 -26 4 7 -8 -19 10 7 -40 -8 21 7 -11 -12 10 -19 -17 -16 21 -4 16 32 -19 -13 -10 40 5 20 7 84 10 -10 -10 -16 -27 8 21 16 -11 77 13 -19 -7
s 001101001111011100001010001010000100101110001101100101110101011001100101
m 38 -101 -15 13 -86 126 96 40 -3 14 -18 45 45 51 122 -2 -2 101 61 -73 -10 -44 -92 0 89 -105 -45 -106 33 -103 39 97 39 -14 106 126 -83 59 -122 -99 78 69 19 -69 -95 84 118 -84 -28 -41 -120 121 99 -26 39 -20 23 32 39 32 -83 -50 34 20 86 62 -113 42 -122 -23 8 104 -83 1 83 77 -49 -75 -91 -19 -115 67 -95 -116 73 0 24 -14 19 111 2 -61 66 0 -126 -109 -111 -41 -96 -116 45 -24 94 -112 22 -115 70 106 -122 -103 7 -96 28 101 81 -125 -97 110 -5 -14 -65 103 89 55 126 -86 -42 -44 -112 115 74 -10 124 91 1 101 53 46 -126 116 78 -111 -82 64 -65 -81 115 42 -84 79 -62 80 127 15 -62 -14 -97 81 -35 75 -122 0 -81 -67 -87 66 84 -126 3 105 83 -61 -17 62 -105 -99 -87 -123 83 43 31 100 15 -103 -77 -115 -48 -100 -36 -104 -72 -102 -31 -12 -108 -52 -91 104 59 71 -84 -35 -37 -11 -15 -72 101 119 32 124 1 70 -33 35 124 -120 37 114 33 72 4 55 115 33 -115 26 73 74 -69 -14 21 -74 -118 79 -51 0 -120 69 -20 -117 51 -28 -117 -5 18 52 23 -67 -90 61 -125 48 113 39 -10 97 114 10 109 -67 -107 -32 -43 35 -2 -79 -120 -64 -104 -94 61 -110 -5 109 24 15 -75 19 40 -113 55 0 97 -122 113 59 93 127 90 -15 122 47 70 55 -51 -23 111 120 -25 -27 37 -78 8 -83 -86 10 52 31 59 -123 84 -127 -89 48 -11 -3 -30 -127 89 97 74 104 -87 -66 104 88 -91 58 49 -94 107 -84 -20 82 28 101 103 116 55 72 -4 125 104 -108 -106 -119 33 85 -109 -45 28 58 -68 117 28 26 70 84 -107 32 116 93 121 -48 -92 92 -80 19 107 -127 39 113 52 105 -67 16 -8 -113 90 -52 -70 -87 99 113 -109 -22 -28 107 31 89 -82 59 -68 -2 101 -20 46 103 -66 97 -107 -125 -33 -92 4 25 48 -40 69 -69 -10 23 125 71 -29 104 32 100 116 -81 -125 49 68 -114 -20 85 -15 -113 67 -52 -115 -4
e -2 21 26 -23 21 15 -12 -13 18 -28 -40 42 16 2 -14 -5 2 -25 -18 -13 -35 -16 -13 4 16 59 -11 59 -35 18 -29 0 -13 0 -18 4 -9 -69 29 -2 -52 -28 2 0 -4 0 -17 28 17 -9 -19 9 9 -10 -12 -14 -28 -13 0 -21 -16 0 62 2 30 -21 2 -21 -3 54 3 14 -16 49 -63 -59 -17 63 29 -24 -7 0 -7 0 -18 9 -17 -25 -21 1 17 25 -4 -21 -36 4 17 -57 -37 -9 37 -55 9 -21 -14 52 -14 -25 0 23 -14 -30 71 -7 -21 -25 5 3 29 -3 -14 3 -54 -21 -54 23 -17 28 -2 7 28 -2 0 28 -47 -17 -1 -17 -1 -17 35 63 -35 -28 -36 0 -21 40 41 -21 -21 -41 -31 -20 31 14 25 -13 22 -4 22 -1 -25 14 25 -5 -14 25 13 -14 15 60 -60 -3 23 3 -40 7 40 -14 65 -13 4 1 -9 -4 17 -9 0 -35 0 -11 39 -29 18 -2 18 -13 -41 19 -10 55 29 -23 13 29 -28 -22 -49 4 0 4 28 -21 -28 -19 2 9 -33 -2 0 -28 -21 11 -4 -12 -18 -28 13 35 63 -16 -4 10 12 13 29 -13 54 28 16 -13 -4 -2 35 -28 -2 68 -19 -21 29 10 -12 16 -36 -13 -59 33 16 29 52 -2 0 2 2 18 0 21 -13 17 16 -2 -3 -59 0 18 29 -25 -21 0 9 -14 -18 -9 30 13 -52 -21 2 0 -17 0 30 1 17 37 -63 9 -3 -17 9 -14 51 52 21 0 0 17 -14 -30 7 25 21 0 4 -5 17 -36 14 1 37 -21 63 -21 17 36 54 7 37 23 0 -21 7 -17 -14 25 1 -25 -5 -66 10 3 36 -25 -35 -37 -5 -28 -21 -3 2 -14 54 28 -54 -46 -1 -4 7 -17 25 28 -22 5 1 0 -3 -28 -21 54 69 -41 -23 -28 31 -7 -2 13 28 41 -40 1 -31 -14 17 13 46 35 -22 -14 28 0 -15 -7 -21 3 -46 -14 18 -31 -15 13 13 3 14 -28 40 -9 0 14 0 -31 -25 11 14 9 -29 15 0 -19 3 11 10 -40 58 -29 38 13 -28 25 -4 -62
s 010111001001111011011110101101101000110111000111100010010000100001100110
m -16 75 105 25 10 -62 12 -44 -52 34 15 -110 -17 19 93 -15 35 4 -90 -29 -17 36 -30 9 -59 18 -24 -25 -20 33 -15 -27 -76 -125 105 103 -111 -25 -96 -28 114 -8 -38 -43 -68 36 -51 -105 58 84 66 5 -52 123 103 86 -109 60 44 -48 43 110 0 -43 57 47 -31 20 -31 -24 -64 -73 7 122 125 95 -99 11 -1 122 -56 31 39 -59 48 36 -49 6 -53 -11 -119 -113 92 54 19 73 19 -98 -120 70 54 52 51 -70 -83 83 -124 -61 -42 -83 86 73 -99 87 -74 -44 -66 -117 66 -117 49 24 27 75 -72 -4 15 -55 -80 -54 -14 -36 54 -62 125 -53 -43 -71 56 8 38 37 -81 25 -14 -110 23 -36 123 -112 -116 -98 76 65 -82 -16 -33 100 -10 -56 -100 -102 -81 47 99 6 -40 -30 122 18 13 -21 -106 -89 -126 53 90 15 73 -67 -122 -127 -72 -18 81 -80 107 40 -105 -38 -82 -35 -17 -58 16 -35 -93 -68 58 125 44 50 48 -108 -2 -127 -106 -94 -122 36 58 -60 -84 -114 -57 -63 91 97 53 -72 96 -95 24 -49 -16 82 -125 -113 110 72 75 -37 -39 46 -111 -70 -77 80 26 74 94 -65 93 -88 60 50 127 97 -82 123 -78 89 48 84 94 116 57 104 44 110 67 27 118 55 101 14 -93 58 -107 105 -41 115 54 30 -74 -28 -44 105 63 -68 -60 -62 51 46 13 -40 -28 46 -72 56 19 63 -101 -90 -37 96 95 34 -107 -76 50 58 95 -7 3 41 -102 126 -94 110 65 27 3 -110 27 89 74 -123 103 53 -29 -89 -58 2 -5 95 91 -70 -19 -97 1 3 -110 -109 34 -42 94 84 -78 45 -29 58 8 41 11 54 56 86 35 -24 38 -113 -22 70 110 57 106 -118 -28 54 -87 -92 2 31 86 78 34 -72 85 98 -96 -79 -18 -55 -25 105 74 110 96 61 -31 -75 -1 67 -117 -14 106 9 -11 -64 84 -93 -76 -126 53 4 122 77 -8 -29 20 -31 -48 -75 73 91 -27 -98 -94 -34 -47 8 49 84 -13 -117 92 65 -41 -95 29 -60 10 48 118 -90 25 -96 -55 88 -1 -65
e -28 9 -12 -11 21 -12 -22 -30 4 39 15 24 -14 14 22 -17 14 -27 13 -6 -35 7 -6 36 -7 -22 31 16 -1 -7 -1 -28 28 -24 -13 -1 41 -7 42 34 7 49 25 -32 -14 38 17 44 -17 -5 56 -30 41 -9 -11 -25 3 30 -37 3 14 -37 12 -14 0 3 -14 3 48 -9 28 25 32 10 10 -16 -5 33 -14 5 35 24 -48 1 -13 -1 17 26 17 -47 25 24 -24 32 7 -24 -33 -7 -17 -5 17 -2 -41 2 -30 7 -30 24 39 -4 -14 0 -36 -14 -3 -36 6 28 -6 -21 -25 21 19 -3 -19 -16 5 -15 31 35 -55 31 -1 -13 -16 17 16 7 10 -48 8 10 -8 15 -7 51 7 -17 -51 -7 2 51 1 30 -1 -2 24 2 -2 24 -2 51 -36 22 -4 -28 12 4 21 -12 18 -20 -12 4 -4 -4 -24 -25 -24 -22 -13 28 1 38 15 1 -7 15 -8 -8 -8 21 -22 21 -7 32 7 28 -54 56 -9 1 -47 9 -13 42 7 -2 7 14 -69 -14 44 -7 44 -58 14 15 -42 -14 8 7 9 21 -32 -11 7 44 30 -28 56 -14 1 -9 11 -24 42 30 -13 -7 14 -6 14 -14 7 -50 14 -16 -56 9 -1 -9 -11 7 -5 30 -16 -41 14 1 7 14 24 -25 14 -23 -32 9 -6 -17 -7 -25 -28 -16 -32 43 -1 -17 -3 -24 5 37 -13 -44 0 -6 -7 3 25 -37 -43 32 0 -10 17 3 10 -5 28 -5 -41 -25 -35 -22 -42 -1 37 5 -30 0 -35 -29 18 1 -26 -28 -17 -7 -25 10 -17 3 -10 -3 -14 7 19 35 -26 -4 -32 -2 14 17 57 -36 10 -24 6 10 24 21 13 37 8 17 -6 15 -2 -21 -31 -30 -19 13 -24 4 -16 24 14 -7 -36 -13 9 -6 -16 -51 21 7 7 19 -8 51 -4 -15 -1 -14 -31 2 13 -51 24 16 -22 22 7 -2 -4 10 -2 12 15 51 -12 31 7 -26 -51 -12 14 -1 12 60 -2 4 -1 2 28 -15 51 -22 -8 21 -4 -21 16 -15 -44 12 -8 -56 -4 21 -39 -24 -7 42 30 28 7 -4 35 -14
s 010010001111100010000101010111100101001111100100101101100001011001011011
m -16 12 26 -65 66 57 48 -91 -76 22 70 1 -121 113 -36 20 -89 105 -28 70 -32 81 17 -64 93 104 -36 10 44 -70 10 -31 -31 109 29 26 32 68 29 13 94 14 -35 -24 -116 75 -122 -42 29 -44 -106 6 -107 -53 113 21 -66 -90 36 58 45 -85 -6 -126 58 -26 -93 90 -91 34 59 -103 41 4 -57 17 83 -127 -118 -105 -69 -89 47 -64 -75 76 100 76 120 12 -20 67 53 -12 77 -80 -41 47 -90 109 108 113 33 -85 -120 -13 14 19 1 30 -15 21 -84 -33 -107 56 59 -86 118 84 99 -87 -126 -47 6 94 -68 -70 -38 -118 71 86 -89 111 83 36 39 -68 -82 49 97 -115 59 96 -112 111 119 -43 -97 -52 -13 -110 -3 -31 -108 30 -17 54 45 8 38 56 -39 51 -17 -32 -112 91 -26 102 66 -113 -6 -44 -13 -22 -71 38 -85 20 68 -27 -43 -90 -47 30 -31 109 7 98 -37 96 114 91 -89 -6 -71 12 82 -90 -8 115 81 -94 -57 -125 -60 60 -99 46 114 -48 20 -103 110 -114 -93 -86 -12 -64 -126 -83 51 94 -61 -119 115 113 67 -106 -8 49 32 25 -99 30 65 -89 -36 77 -113 -70 -78 -92 -68 15 29 95 51 22 13 -59 71 14 -61 -124 -119 104 -80 -121 9 -24 76 -12 114 106 2 46 -33 84 -61 -95 7 58 16 31 60 -86 68 -76 23 -39 -73 15 18 70 76 52 70 -91 -100 91 88 -95 -6 -115 51 62 -48 -127 -110 77 108 95 45 -23 -97 51 24 -122 103 -112 64 59 3 73 -87 -83 84 53 102 61 121 109 -109 -14 -27 -96 -112 -87 66 -18 -1 7 2 -58 46 -100 -36 23 9 -21 0 76 -23 -41 40 68 -63 32 -103 25 -23 -62 -85 112 -118 -49 -10 -7 -22 127 -63 79 -14 -15 121 108 -125 -30 49 70 55 -8 -85 23 74 56 -127 -32 -51 -59 -94 26 -71 85 -107 73 -38 80 -51 35 -64 -10 -81 64 -59 61 -102 -46 90 -123 121 -19 -40 -76 65 75 5 -51 118 48 -89 -106 -15 -127 -67 -35 -19 -56 15 21 -59 45 -14 82 52 -84 -127 55 -49 127
e 26 20 -14 42 11 -6 -57 20 -14 -59 -40 -40 40 18 -18 21 14 15 26 -15 -42 13 -29 7 13 -9 19 -15 -9 13 -12 -27 11 27 -25 27 -14 -8 11 -11 -8 -53 11 -2 41 2 -6 -14 6 -6 -7 21 14 -7 -42 -28 40 20 1 -40 -43 -1 -16 -18 6 46 14 -23 -7 11 7 19 13 -11 -21 -9 45 -21 9 -45 -42 -27 61 21 25 -21 -7 -15 -7 -4 11 15 -3 -2 0 3 -6 0 -36 6 36 12 -14 -12 2 8 -2 15 32 -12 1 6 -20 1 23 20 28 -7 28 19 -19 -19 -6 40 21 -12 -45 7 -6 -42 -55 6 21 -55 13 -7 13 -7 4 7 21 -21 21 -7 0 -5 -42 -36 28 42 -16 28 41 2 3 48 -17 27 34 -3 34 -5 -20 18 -49 -32 14 15 -19 -14 -6 -6 31 -14 27 -14 1 -1 1 23 -55 11 -23 -13 -28 23 -7 28 -17 21 7 -19 -7 -19 13 -9 13 -24 -28 -7 -22 -3 11 -7 -27 -11 13 34 13 -42 -5 41 14 42 14 -7 -18 -28 -26 14 7 13 11 -19 41 42 -13 14 -20 11 -45 -40 23 7 42 28 11 20 25 -13 40 15 41 -18 -13 18 -14 -9 7 11 -9 -7 -42 36 -6 20 9 -14 40 9 -12 -18 27 12 -14 -25 11 11 15 6 -13 11 42 -9 2 -19 -9 -6 -40 -27 6 -1 25 -28 6 -15 -8 -23 -11 -1 7 2 6 4 -26 23 21 6 -7 -45 14 -19 42 -8 -42 52 -1 60 -2 -6 42 -15 -23 -21 -7 7 7 0 -19 -4 36 -40 21 12 -45 0 -6 -42 -36 12 -21 -12 9 -32 -13 -20 -4 -15 -28 45 -3 -23 13 20 -43 -38 28 -7 -12 19 -6 -2 -6 60 -15 -12 -13 3 1 -28 -35 -55 -34 28 -35 5 19 7 42 -6 21 -28 -12 45 3 -1 6 27 55 52 1 -13 3 18 -7 27 -15 21 -34 -14 7 -5 6 -6 42 14 28 -14 13 3 -6 11 27 -14 -23 -34 -1 28 -14 -18 -7 -46 -15 19 23 -28 -14 6 7 -7 17 -32 -7 -1 62 11 18 11 13 15 -23 -41
s 001101000010110001101110000010000010100010010011010101100010010001111001
m -14 84 -18 90 58 -13 1 0 123 42 89 -98 -83 51 85 120 -72 -57 26 -47 107 -35 -30 -122 -62 -82 55 -53 102 -96 -127 121 -112 66 15 116 52 -53 77 -75 31 33 -41 31 -23 17 -127 -26 85 48 37 -42 33 20 -112 83 51 57 19 119 -103 -60 -7 80 -39 -17 60 64 -46 -105 -43 -11 78 110 85 -109 11 -46 63 19 -25 -116 40 4 -81 -44 -126 -23 -4 16 50 -69 -80 57 19 -86 -25 66 22 -83 -54 -38 -15 -123 -99 5 124 -56 87 32 50 16 124 126 105 12 57 126 -20 -101 78 41 69 60 16 0 66 -20 107 -61 13 -15 -75 125 87 52 -72 -43 101 98 9 -53 59 121 -17 -121 -124 2 109 -28 -33 93 -76 -29 -109 88 39 -126 65 -64 11 -117 -22 -104 100 -29 10 -58 -2 75 -44 91 -80 -96 28 -1 -127 -24 -22 100 118 -66 -65 -123 47 41 -32 29 -91 120 110 85 127 -81 20 89 104 -100 -117 -7 -31 -35 -110 -88 78 -5 -53 -76 21 26 21 -29 -124 35 91 56 51 -8 -17 -51 126 -35 119 -29 -64 44 -92 95 -33 -65 -18 -104 32 -18 -64 -13 104 117 36 -111 -102 -116 -68 3 -44 -122 127 -123 -14 -6 -52 79 29 122 -14 -49 -121 -11 -11 -85 113 -37 35 -110 -119 -18 -122 -95 -126 47 -58 34 -8 -4 -114 -99 -126 -39 -116 28 41 120 28 -47 54 126 83 -107 -51 -1 -11 58 -125 -11 43 -72 39 21 -23 10 -64 110 76 81 -88 -38 -109 -96 -53 -126 -36 115 -17 -49 -18 -118 4 121 87 -108 -56 -82 5 -7 -126 38 -46 118 -22 111 34 -11 -20 101 48 -17 -43 -18 -49 -110 -35 -125 -125 -25 -79 -58 57 -41 -44 -119 -94 104 17 101 101 114 -15 -48 -10 -104 15 -84 123 107 95 -122 -28 12 96 22 -89 -37 15 -107 48 25 66 59 -79 -79 4 124 -14 72 -40 -64 -85 -124 95 -53 15 0 52 -112 65 -77 -36 -30 13 -50 62 -72 -65 56 10 59 26 94 -52 73 -7 87 28 22 -126 -44 47 -38 125 31 95 124 115 4 15 1 50 60 100 114 -94 12
e -45 6 9 1 6 -34 26 29 -1 0 10 4 -10 3 44 3 -13 25 -14 21 7 -39 21 -7 -31 -4 20 -4 46 -12 -46 12 53 12 -16 -9 10 -5 1 30 5 19 30 -15 11 -28 22 42 -22 -13 -7 13 10 16 -1 -10 -53 0 1 -45 -10 -1 -14 3 -7 15 13 -15 -7 -6 -7 69 31 10 -5 -4 9 5 46 9 32 -12 -22 30 14 -4 4 27 4 10 -30 -16 -16 -15 15 -16 35 15 2 13 -2 -7 -10 -7 26 28 -26 -16 1 0 -9 7 11 -9 -15 14 -18 7 26 2 -10 -2 -14 -45 -15 -14 9 -14 14 22 70 -58 -4 12 14 -4 -14 -11 10 11 -52 5 -8 14 -17 0 25 20 32 31 -7 32 -13 42 -13 -52 16 52 10 -16 52 0 -11 -44 -25 18 -16 25 25 -9 -12 -14 -12 1 0 49 4 9 4 44 12 53 9 -14 7 -9 -11 7 -7 -8 7 20 14 -20 12 14 12 53 -32 13 -16 -13 -1 -16 -52 -1 -19 -10 29 -11 0 11 23 -25 -23 -7 3 -26 -1 -13 7 -19 6 -20 11 1 -12 -23 0 53 7 -10 -9 -18 -1 -25 1 0 -14 -19 -10 21 11 33 -31 23 13 -4 7 -51 -56 16 1 31 19 0 -4 -14 -73 -46 5 -3 12 30 -13 14 15 -6 21 -22 -31 -36 -21 -47 15 10 -46 22 45 12 -13 1 -14 -10 7 -21 5 15 30 -17 4 -15 -7 -14 -22 15 -5 -13 -7 10 -10 -10 -22 5 45 -4 -1 -9 26 -7 22 16 15 -4 -31 -7 -4 15 -10 -10 -2 45 -35 -10 -9 15 14 -22 -2 0 4 -7 9 -4 -26 -11 -10 -35 18 5 -16 2 -15 -11 8 -2 -18 -14 -7 2 -14 -26 -14 12 16 0 -63 -16 18 -11 11 -12 10 -18 14 0 2 28 -25 -14 8 -32 0 -14 13 -9 14 -56 -12 -32 -4 14 -31 44 -11 52 25 8 10 9 18 19 12 -14 -25 1 -33 9 14 -13 12 53 52 -1 -28 10 -4 7 0 44 -80 -25 -50 26 9 -7 -23 -12 7 -7 -1 20 16 -4 12 5 63 -57 19 -25 9 -21
s 000011001110000111101011010000010100110000000100110011001010110111001011
m 126 -93 112 99 -47 33 -10 20 18 19 -1 115 -43 -13 106 50 -101 -81 -55 21 109 53 -115 -80 -16 -116 1 -117 -115 55 -81 -10 -4 6 -61 78 -101 37 -103 -98 50 -10 -59 -47 -121 104 -85 8 -29 16 -37 -29 96 49 71 -117 -52 34 -100 -48 -6 73 51 -77 -3 -110 25 92 52 34 -6 -61 -58 19 86 -113 -20 -109 115 38 99 -46 -64 -9 -105 -67 72 -8 1 -94 13 85 -51 6 -104 12 89 74 -23 -65 -119 40 48 -61 -116 81 0 21 -118 15 -103 -70 -80 96 -72 62 68 30 -64 57 -50 -91 -6 16 -10 16 -123 -51 -16 0 -27 75 -20 -28 -7 86 21 70 -53 57 -77 -118 -46 -12 97 51 -118 79 -44 51 -46 -99 109 -69 123 -118 97 85 57 -16 88 -94 105 23 53 -31 114 -85 -99 -41 83 -33 -47 31 6 -63 108 -51 -49 81 -96 119 -111 -74 -60 44 70 -50 -8 -3 86 -51 -107 41 -23 -126 -88 79 -118 -48 83 68 -36 127 57 118 72 -50 56 13 -117 -2 28 127 -102 -36 -94 -13 19 -123 -32 17 -37 -77 -37 52 -3 126 -94 -16 -7 68 -77 126 -60 -108 -115 48 4 -62 50 24 83 77 9 119 -122 16 7 -42 87 -69 42 119 -56 -103 -72 1 59 125 34 51 62 2 13 59 -86 85 -20 -96 -84 7 103 92 77 -98 -3 -31 -52 57 -60 -96 -32 -108 14 117 -66 36 -34 -7 -18 -121 21 -36 71 86 120 -124 31 -121 42 41 -31 110 -65 -45 -90 -18 -19 34 51 -23 -22 -79 -54 43 -79 -18 -74 -31 -17 -25 83 -32 -124 40 37 -2 57 -106 -85 99 -96 101 40 -2 -98 -101 -102 59 -81 -96 -87 -96 2 -102 42 108 -104 -35 59 -32 -56 -79 49 76 -126 54 -91 111 102 98 -94 -82 -42 -23 -125 80 -114 80 7 -113 7 -59 91 -73 -13 -125 35 -100 61 49 -22 -68 -39 -48 -111 -24 123 -11 -1 -25 34 78 -46 -113 95 117 26 -38 -116 -63 -14 86 -71 26 37 -68 122 -63 16 -76 -127 112 23 27 38 91 92 -88 98 19 -5 -107 1 -60 109 -29 121 -12 -59 63
e 12 30 10 9 30 30 -37 17 -28 18 6 33 1 44 -21 -12 -12 11 4 -7 -12 -8 7 -7 8 -14 17 -14 -3 1 -3 -6 14 9 4 -39 1 30 -17 2 30 -15 2 6 -2 -6 -26 -25 -28 26 -7 -14 -1 -5 9 -36 -14 17 -7 -14 1 7 3 12 -13 -20 12 20 -6 -33 27 -36 8 -28 52 -14 16 -52 3 -16 0 -6 0 -18 4 -8 1 18 16 17 -2 19 -11 -42 16 14 26 -16 15 -14 15 28 -1 -28 0 30 -17 21 -7 -6 45 -3 -2 -45 -20 2 -28 -6 28 -31 -36 31 -9 22 -6 -6 16 1 12 2 -25 -12 -8 -24 -19 1 7 -35 17 -35 2 -52 2 1 -16 -21 41 -15 -84 -41 -28 -39 -20 0 -20 -13 19 13 23 -11 23 21 2 -56 -11 37 10 11 31 -10 29 -6 -29 -16 -7 16 33 64 -33 -21 -24 -4 39 -7 12 -52 -35 12 -14 2 7 -1 1 1 -1 12 -1 -4 -39 -7 -5 -20 -17 -5 13 17 9 -23 9 2 21 -12 -7 -41 7 -7 12 24 32 -12 -7 9 30 -1 -2 9 -1 -7 -17 4 -7 -1 39 -5 -9 -6 -17 17 -28 -9 -1 -7 2 -12 -14 -7 -12 63 7 30 3 5 9 -8 -14 -17 -14 -37 -1 3 33 -12 6 -7 22 -4 6 -30 7 -26 8 -2 -6 14 -6 -36 -71 -26 -14 6 -14 -7 4 1 3 -7 -30 20 2 -64 -1 6 3 17 26 20 52 -14 -6 16 -1 44 0 30 -14 -8 -7 18 0 3 0 -19 -32 -8 -11 -6 -1 35 -36 17 21 -14 52 -35 16 -16 6 0 -15 6 -8 28 45 1 0 -55 17 -19 28 73 -11 31 16 -2 -3 15 -28 -1 -28 50 -12 0 -6 -24 19 -6 -7 11 45 -35 2 24 -23 28 -7 22 31 -35 41 6 -2 -39 -6 1 -20 45 14 -13 24 -39 33 7 34 21 50 -13 11 2 23 -21 11 21 29 -12 45 16 39 10 1 20 -29 4 -42 -16 39 44 43 12 -21 21 7 41 11 1 10 -12 -7 29 7 -7 -16 1 43 -33 3 -17 -21 4 9 47 39 2
s 000111100101011100100001010001110111000111111111000101000101100101011011
m -20 -125 -122 -92 -110 -110 -25 -90 -62 59 10 -17 -8 27 -24 -46 -45 -39 -88 -58 -34 96 34 52 17 75 41 -28 -115 58 -52 74 10 -26 125 -53 -60 47 -72 113 18 -122 -44 -117 -31 -50 -96 -24 18 -81 -113 -15 -68 125 40 66 -114 121 24 -40 84 11 110 -11 -12 33 122 24 81 -97 5 37 55 -102 -3 -14 -2 80 29 94 -75 -61 -64 18 -67 45 53 -13 -103 -124 12 120 60 -113 28 -121 102 25 -109 59 42 -22 -88 100 -10 44 93 111 -50 -95 59 116 -28 -118 -88 -81 106 71 -5 -107 117 36 -97 35 -20 5 -90 84 -42 -84 122 -58 74 -101 37 -51 -85 -63 -79 -103 -100 69 -36 96 -94 -76 -22 126 -69 -48 11 -41 -123 -66 -99 48 15 -35 93 16 -23 0 -121 9 108 116 -112 -118 107 -40 -97 -13 101 -93 -9 -92 49 116 -77 -57 115 -77 -28 -10 -6 -78 116 -55 78 -34 -93 23 -57 -3 47 37 20 -62 23 -93 58 115 86 -71 -68 -33 13 -17 65 77 88 2 -77 -94 -89 63 -49 -93 75 -45 49 -13 33 119 31 0 105 57 -89 -69 96 74 92 -32 -57 91 -110 46 -116 89 -3 63 124 20 81 -31 -97 -58 77 118 -19 -78 68 -61 -79 -90 -60 -11 -65 -46 -23 -49 9 -33 -121 24 53 -121 -29 -54 8 24 -15 97 -63 -74 -65 -109 -28 52 42 -106 -67 -39 -4 -49 -14 -123 -94 -103 48 -59 -6 -60 83 -33 122 89 63 16 113 -31 -98 107 -53 67 -23 -79 -31 58 -19 -113 -45 -17 124 -112 39 -82 -114 7 96 43 85 -11 -78 -90 -74 -72 -25 89 -57 -50 -118 0 102 118 -74 65 94 -40 -110 -44 -124 23 1 103 -19 28 68 -106 123 62 -78 87 -41 -8 -7 -52 -73 64 35 71 -110 121 -77 -122 -103 -76 16 -84 8 38 5 -37 19 50 13 -39 -19 -11 82 -80 -4 -121 -39 -53 20 -38 -110 63 104 -18 113 -96 85 -90 57 -1 -63 43 -120 60 -58 65 -100 108 -110 31 43 -118 18 -94 -34 -115 125 46 46 -86 36 -73 -78 94 48 39 102 -117 -121 -119 -80 73 81 -20
e -40 29 -1 0 29 -76 0 41 57 -41 -3 -35 3 -10 8 10 -18 -18 -21 12 6 7 -12 -16 7 13 3 -13 17 18 17 -8 53 8 21 25 10 13 -29 -11 13 -12 11 -44 2 -47 -16 -28 48 -14 -56 -37 10 28 0 -28 25 -41 -10 25 -3 -21 -4 18 4 21 18 29 5 29 14 -28 7 7 35 -25 -14 -3 -17 2 17 8 17 15 -21 15 0 26 0 7 -21 -14 14 -44 -22 -14 16 -25 22 14 -22 10 10 -10 -28 13 9 -14 10 -5 44 -4 21 -44 -21 21 5 5 -17 -32 -28 39 12 -25 12 5 -2 -25 -12 17 -17 -12 15 17 7 0 -7 35 7 35 1 -3 1 -25 22 0 14 -22 10 14 -10 10 4 -9 4 -31 -36 35 -15 46 15 -16 21 -21 18 5 -1 -18 32 -1 -76 18 76 55 -5 55 15 44 -15 8 -17 -9 47 -7 28 25 -35 6 -16 1 16 3 25 -21 18 12 42 -9 -10 -56 28 -4 29 -28 31 -63 12 21 12 -2 0 -18 -21 14 -21 64 10 6 29 -18 -16 -12 -85 3 -2 -22 18 21 41 -9 56 -3 -25 -42 0 -8 -29 -52 -21 12 7 -12 -2 -10 7 -21 -18 -13 56 -29 26 -28 0 -7 -14 41 -13 35 3 17 -13 10 -23 11 -18 59 44 29 12 -16 15 -11 -5 13 -44 28 17 -16 31 -8 14 10 -21 10 6 12 -16 -21 11 10 0 -44 4 7 16 -21 -3 14 5 2 -10 33 17 13 25 15 10 -2 -9 -4 56 14 -21 -16 14 -5 0 22 28 -53 -22 -25 -3 10 -2 22 12 17 37 5 -15 10 -44 35 9 -21 7 -14 5 3 -14 -32 22 -25 -7 -22 -5 -33 -10 -32 12 9 12 -17 14 -5 -9 -14 -44 -35 -21 -17 15 5 -7 0 -32 35 -20 12 -1 -10 5 25 -4 52 33 31 63 21 15 -7 17 8 56 31 30 1 15 1 -25 0 76 -12 -14 55 -10 -35 -18 -4 -76 9 31 -55 25 -15 -15 -6 0 8 -32 14 -18 -3 1 -6 21 -85 -16 -56 55 3 28 15 18 -29 8 -9 -12 18 -25 2
s 100101000110010101011101101010111110000001001100100111000101111000111001
m 73 22 77 -41 -76 123 -90 44 -46 56 -87 -92 38 62 79 -53 16 -80 -99 -8 -26 42 35 38 11 58 -11 120 -97 -101 -15 49 106 125 51 -50 36 90 37 95 1 -119 24 42 111 -49 76 10 108 39 -6 29 38 -88 -108 -114 -53 -78 -42 24 -29 68 103 -75 42 2 -14 80 -118 48 -28 -55 19 58 -93 69 34 83 -31 31 69 49 -89 86 29 122 -24 -64 7 -115 -42 85 -62 -110 -31 73 92 -50 -43 52 66 -109 24 -75 -105 -93 -100 93 -29 58 119 -38 41 16 -70 57 96 -124 21 -44 -24 -100 114 -28 -118 -49 -71 -107 -4 -89 31 -93 46 -24 -24 60 -24 -35 61 94 -33 -92 127 -86 -103 -54 -38 35 -100 -20 -17 57 9 -63 60 42 43 36 -58 39 -23 95 62 61 -81 -16 -48 15 74 88 -30 -38 58 -99 -1 -84 -115 11 -122 107 -119 90 -116 -81 49 -63 -117 8 54 99 3 -104 101 89 47 -75 48 -56 -89 -48 -33 101 73 48 -125 -3 -109 -83 -105 121 -75 89 -34 50 14 95 -103 85 -90 -115 -49 79 -67 94 104 -85 -125 -82 -109 25 74 53 -105 1 -108 -118 -106 1 79 -125 -109 113 -103 107 35 -49 105 72 125 -78 -10 -13 -28 87 -99 -88 -58 -126 5 14 -35 -31 70 -45 -8 105 94 82 73 -115 -54 92 -62 113 124 -47 -105 -29 -71 -106 -80 17 55 -59 -2 8 31 1 6 -111 85 84 -74 -99 -118 -87 8 -81 -58 -1 -109 9 -17 -47 -108 1 -58 -100 -19 -88 -22 113 26 -42 99 -69 -63 3 89 5 36 125 -117 -99 87 -32 32 -14 7 -85 23 46 -17 -11 68 86 19 23 88 60 100 -47 112 105 -80 -115 65 -17 -62 -69 51 10 -89 73 -99 21 99 -42 -70 68 4 57 108 65 28 -119 127 -78 117 -61 -3 -46 40 -110 71 14 -121 -12 52 32 6 -92 120 83 6 29 -51 -43 44 78 63 72 42 -31 -75 88 -89 80 4 -88 -57 -34 103 97 -89 27 -10 -42 -31 38 -119 48 -87 -17 38 -114 -57 46 -17 24 89 -127 19 -99 -31 -92 -67 -123 41 43 -45 79
e -7 42 -34 25 -20 27 25 -1 74 -1 5 -6 -5 -28 -34 28 -7 14 -26 -7 -7 -10 7 3 -17 -51 15 -51 9 4 9 -43 -22 -43 26 -40 -21 1 -3 6 28 36 6 -43 70 37 -26 13 -26 26 -21 35 -21 -1 25 -8 21 1 -15 -25 5 15 -2 28 -2 -1 7 -1 25 20 51 -8 -10 -5 7 -51 1 -7 9 1 -13 -43 13 1 45 1 7 -7 -10 5 -6 21 -35 37 3 35 -26 3 7 26 -7 -15 -32 -15 9 -1 9 21 -15 -1 -10 2 4 -10 1 4 -14 25 -14 -42 -8 -39 28 21 -28 1 -1 -15 28 13 21 4 1 -28 -21 -7 -21 -6 -5 6 3 7 -3 -15 3 28 -18 -7 28 -34 -41 -28 -53 9 -8 11 21 11 -21 37 -24 -28 4 -34 14 19 34 -38 39 -34 -37 -28 27 41 19 41 -6 -13 -6 -34 -21 -22 -40 -21 7 -40 -6 23 3 -3 15 10 15 -10 -4 4 -4 22 28 -6 -1 -8 -3 1 -11 33 36 -21 36 70 28 70 -9 18 9 6 28 7 3 7 -3 -36 -20 -10 70 25 4 -9 1 -30 6 -5 -40 12 25 43 3 -39 26 36 5 7 -70 -28 -10 -9 -7 -51 6 -20 13 -1 36 -10 -26 1 51 21 -26 -9 -1 47 -43 -6 13 26 -37 20 7 26 10 6 25 -51 -37 -8 9 67 21 43 -26 26 26 21 34 7 1 -2 21 -15 -7 -37 2 5 26 1 -53 -26 25 -28 21 21 13 -1 21 21 -15 -1 9 2 13 21 -1 -1 35 25 7 -28 8 -17 -7 -21 7 -15 1 3 34 15 -31 1 1 15 10 7 -9 4 -5 38 -14 -7 35 -39 -3 4 3 7 -14 -56 -15 -39 -4 -17 -28 21 -21 -1 21 -35 10 6 36 21 21 -14 21 28 39 -6 18 -28 29 28 -1 -15 -8 -10 4 -26 21 -41 9 -21 -8 -34 31 11 14 3 21 -34 15 -28 27 4 -18 -41 28 -34 -28 8 -27 22 11 -41 -40 21 -6 -7 48 -54 -3 18 14 10 -42 -7 -9 27 -3 6 -41 10 1 -6 4 3 34 22 -70 -14 -44 78
s 001101111100110101101101011000010111110001010111010100010110111111111000
m 61 81 57 26 -62 -14 -62 -112 -86 46 -37 -64 -71 45 -109 -56 87 0 -8 -106 125 -23 -43 -47 -16 -66 117 59 -73 -74 96 23 66 120 15 -30 -103 106 -40 -2 21 86 -3 -95 25 -78 28 47 69 63 74 -114 34 14 -16 66 71 -114 71 6 110 -112 -35 -17 51 29 110 -80 -19 -38 21 -54 -4 -22 43 43 127 42 97 -47 -104 36 -80 -65 -32 -6 -47 43 -94 20 -106 73 -47 54 76 123 -8 -61 16 -77 112 -34 7 69 34 89 -63 -36 123 31 -119 104 62 -127 -46 -94 94 -24 118 -32 -4 -34 94 -57 3 -106 -87 -93 36 -26 35 99 -4 -90 126 31 -7 58 48 59 52 109 121 117 -20 -53 -83 -66 -22 -124 73 122 52 -85 -83 86 34 -81 -39 -75 126 117 2 -85 -77 67 27 16 -14 113 -113 42 93 -126 -54 -2 -123 -28 -111 -25 -59 120 -83 112 31 0 53 81 -102 -52 -63 33 18 -126 -113 -84 -60 -26 -67 -84 7 -88 20 -15 82 -126 -24 -76 -76 62 -123 95 -42 -113 -51 -30 20 47 45 -77 -26 -38 119 -17 119 -55 18 44 -7 116 -22 -53 118 73 -48 88 -43 65 49 29 -16 70 -110 -116 45 -69 80 106 -124 38 103 34 -45 -33 53 -57 -36 57 -95 1 -49 8 99 -8 -31 -47 -7 118 -18 -99 -90 -92 87 -55 -116 56 -22 -123 -45 -93 98 -66 76 27 -79 -52 -55 -120 14 -78 -21 115 6 -8 -117 24 -75 -70 -70 67 -94 -96 81 90 -79 -54 23 84 -53 -77 5 30 42 -14 -61 -19 -22 25 125 -20 4 54 56 29 -91 -18 -54 -124 98 61 -46 -94 -79 68 77 107 34 -103 -28 100 89 24 -87 20 67 -69 -108 93 -83 -44 111 -3 -127 -114 -107 -123 104 -41 -120 30 120 69 39 73 98 32 92 -126 41 23 120 -45 107 17 -39 88 111 105 26 -21 -124 88 96 -49 88 34 -28 7 -69 -62 -126 -124 102 50 -57 -11 66 59 -54 108 96 117 -11 107 86 93 110 0 -93 104 -64 19 -28 50 49 -28 43 126 -14 -25 -62 34 -47 121 -96 -112 95 -25 72 5 70 95
e 28 -34 -24 -14 34 82 14 -7 2 7 -14 97 -14 7 22 -7 28 -5 14 -16 0 -4 -16 13 -4 -32 -15 32 1 -16 -1 32 -22 21 -7 0 -7 -19 18 -3 -43 21 -2 7 55 7 7 -37 7 47 -20 -47 7 7 23 -4 6 -7 21 40 14 -21 6 -7 -6 21 28 -21 17 34 -17 4 -14 7 -37 32 -42 -38 -1 59 5 21 5 4 7 4 -19 16 -19 -7 -2 27 36 -7 16 -36 -25 -16 -4 -47 -4 26 24 -26 -3 -19 3 -27 21 -48 -25 -6 2 -25 -21 -2 -25 17 -25 -13 48 -13 3 -6 21 28 42 15 44 5 -23 32 6 23 7 19 -77 -27 -7 -27 7 -37 7 -15 -16 -28 -17 4 -19 -17 -26 19 35 3 -35 10 27 -10 -35 36 35 28 18 22 0 -25 -43 0 -21 -24 13 3 -13 2 28 10 56 -70 56 43 23 -22 0 7 0 -27 -27 0 13 -7 13 -15 -15 15 -16 -32 -16 22 -19 20 13 -35 -35 -7 10 18 -26 -35 -21 22 -28 22 38 -17 37 20 7 0 -18 -28 13 -21 -34 29 22 14 48 -37 -41 -22 22 -14 0 7 14 21 18 7 -7 21 -33 16 -22 -7 4 37 28 32 20 -34 -1 7 14 -4 56 -7 -38 7 -14 -20 19 15 21 -2 -54 7 48 -34 -38 -7 -4 -2 -17 -32 7 -4 1 -7 -6 -21 47 -21 -7 7 6 -16 19 -21 2 -21 -20 -7 -31 18 -7 26 37 -47 17 -42 -7 4 -5 -19 -6 4 58 -42 3 6 -23 30 21 4 36 17 -19 16 -4 7 -14 6 -37 -30 42 -18 -3 5 -4 -28 4 26 -25 19 -3 2 -7 -27 59 -37 -36 13 -16 2 7 4 25 -15 26 -13 32 30 -3 23 -27 28 7 42 -25 -47 2 -23 35 -25 7 47 13 27 17 3 7 -19 -28 -16 -46 25 32 10 -31 -20 56 7 35 22 -27 10 0 46 -35 24 15 -28 -13 32 -17 2 19 -24 -16 35 -13 -22 -30 -2 0 35 -56 25 -28 -22 13 36 0 -15 -24 0 -37 -13 23 20 2 -15 -7 -56 -16 18 -22 23 21 0 0 22
s 011110111011010000101010100010010011001111110011100100011111000000011110
m 54 116 21 -22 -116 -35 109 76 78 8 39 114 111 -2 49 103 110 24 -113 27 83 -53 -4 84 -46 -88 31 -58 -66 -109 85 110 -49 -19 87 -42 120 113 -102 -48 49 -122 -116 -11 116 -74 19 18 14 -90 -73 13 -85 15 -3 -90 -7 -111 -112 76 112 -60 39 -108 79 16 113 -105 105 -101 31 -72 -105 124 51 -29 -47 67 120 25 14 73 57 116 97 -16 -68 111 -98 65 -51 0 -31 -9 -67 -32 -124 73 84 83 106 -21 -23 56 21 14 111 -23 -32 27 -34 51 -96 84 -78 -42 32 2 -59 104 51 -19 -116 -96 65 -25 -52 -61 127 -22 -10 16 -83 -1 81 -124 107 59 -22 -50 58 36 18 -97 -99 65 -16 95 -70 50 86 67 4 79 -45 80 -77 30 60 74 24 58 -126 -98 -10 104 108 56 -110 -59 -91 92 -32 51 39 -62 56 -85 -20 -120 -110 52 -66 -45 80 -23 -126 -29 73 30 -58 -21 44 94 -24 44 -88 107 -63 79 6 22 8 -125 46 73 -102 124 -96 70 17 65 30 -76 -126 -60 -120 7 48 87 76 -50 -90 49 97 10 99 18 92 -47 -120 88 -44 -106 111 -5 53 -35 71 24 17 97 -68 64 -65 38 85 91 103 110 125 -8 -66 14 -42 81 44 -42 21 -55 -66 45 -78 -55 -13 16 45 106 -105 18 41 -112 125 35 120 66 25 12 -4 34 6 14 -94 6 -94 43 46 -76 72 108 29 -117 -119 -53 98 -81 6 -103 -12 19 -49 87 71 -20 -59 -90 88 -73 -74 -24 -98 -81 35 116 -95 -50 92 29 -59 -68 -24 111 51 -103 -104 108 -12 -10 111 7 97 -44 63 -93 -17 -87 36 -39 56 117 71 -37 -99 -30 9 -93 12 68 112 -2 -97 53 4 34 98 7 -105 -12 -92 -44 99 83 70 65 100 -55 -100 14 -86 -46 -38 -45 126 -60 126 -28 5 -26 66 83 38 -43 -4 112 -85 33 -78 -45 79 -127 125 -125 -80 -111 116 64 126 69 -121 -32 -9 -125 -75 -109 70 95 -124 -54 -126 -77 -10 -80 -26 -23 68 72 119 54 65 38 -36 47 0 18 46 -73 21 88 -70 72 56 36
e 12 -79 52 3 79 -8 -3 -7 32 -31 -15 -16 -15 -40 19 2 12 9 14 -4 7 13 24 9 13 -26 19 -26 22 -21 -22 -5 42 5 -14 -21 6 13 -7 45 13 -21 42 8 32 8 -11 16 -11 6 -34 -6 -6 0 9 -45 -4 7 -13 4 -15 -13 -21 -2 -21 -31 12 14 2 79 2 -45 13 20 6 -31 17 6 -22 -17 -9 -5 -9 -14 -14 73 -26 -4 -26 20 42 -21 11 10 26 11 11 -26 -21 -6 -21 39 -6 -19 15 18 15 0 -13 7 25 -21 27 -25 14 27 -11 11 11 2 52 -2 -4 -4 4 -7 17 -39 -5 9 -1 -5 14 -9 38 -26 38 13 -32 -13 8 6 8 -39 26 -15 -44 -21 -40 14 -19 40 -4 15 4 23 0 23 -21 -11 -53 -15 27 -19 -21 -11 19 9 -2 -19 -8 4 -8 32 7 -32 -16 25 16 -19 -1 -42 -21 -38 7 -37 -13 -7 9 8 -9 -21 53 19 -41 -5 -21 -42 -40 34 0 -4 42 0 23 7 -21 -21 -21 32 -49 32 16 -14 -16 -34 -2 26 7 12 9 -21 89 19 32 -3 21 16 -7 43 -34 -15 -21 0 -3 17 7 7 -14 44 -19 -4 -32 2 13 16 12 26 34 -79 -22 0 3 -36 6 -7 26 -6 -15 22 -13 2 5 42 -48 -63 -8 -79 4 -11 -13 42 2 26 -8 45 -49 -13 -7 -5 -12 28 14 21 21 -4 13 14 -42 13 60 8 21 -20 -11 14 32 6 -2 -22 -6 45 -9 -13 -4 14 13 17 -15 35 9 0 -14 -14 11 -2 26 -59 -45 -20 74 4 6 19 17 -26 -4 13 -21 7 -14 19 -25 -26 -19 27 20 0 -11 6 -11 -2 26 37 16 21 -28 39 -19 -17 5 15 11 1 0 7 -38 28 25 -13 -27 1 -21 -11 38 15 -2 39 -14 -4 -8 -56 7 -39 -4 30 -14 -27 1 40 -16 -40 4 19 -13 23 -9 -8 -21 -19 39 15 -8 5 14 32 40 19 -21 4 -28 42 -23 -32 21 -21 16 -7 15 -19 -51 -14 -9 -19 19 7 16 8 9 53 -45 19 -6 -18 21 -7 43 -42 -21 9 21 57
s 001010001110110001010110011101100000001100101110001001101010000010100010
m 70 -52 120 120 65 47 97 29 73 59 83 -114 111 97 91 31 9 -103 97 21 2 63 46 -27 -24 -98 -100 -116 118 36 -42 -18 -121 67 -32 69 96 53 44 -2 -9 -60 122 124 17 99 -8 114 -23 64 -29 22 -25 37 -114 123 110 8 113 111 58 -77 -38 114 92 -63 121 119 -92 123 -18 -106 42 97 126 -41 -70 107 125 117 -60 -103 -58 -45 -64 55 93 -93 -116 -12 45 -104 91 24 -33 -120 -23 102 11 83 77 -111 -45 60 71 49 48 17 100 3 -17 29 126 104 26 -55 51 -48 -82 -105 -72 75 99 64 -102 19 -93 -4 -45 106 84 -10 -28 70 -70 119 -126 43 104 -4 -119 61 -59 -44 -14 -70 109 -70 77 -104 85 -96 -124 28 100 60 -18 -48 55 54 108 -95 -122 -1 -84 92 -33 107 -104 -84 21 -73 -95 21 46 -76 6 -92 116 15 -69 14 5 -15 -33 85 67 98 93 -58 92 105 75 3 -77 -39 87 -98 -104 -43 36 -95 36 -10 -77 -48 109 93 -33 52 72 -73 54 -103 96 32 123 -118 -11 -122 -83 -31 -12 -109 -107 31 -89 80 37 -60 98 -120 111 6 114 -64 97 121 15 26 63 -75 42 19 -29 -19 73 -56 -52 96 125 119 83 28 12 52 -61 24 -23 1 45 16 -54 -23 -33 39 15 32 -106 -41 -83 -52 74 -38 47 21 -124 76 -22 -24 32 -29 58 75 -91 -78 -79 -93 102 25 -101 90 88 -12 77 51 -118 -126 -48 78 -111 -42 109 108 -101 -5 52 56 -48 25 -51 -28 126 31 116 -107 -14 5 96 4 116 125 91 -7 65 -90 79 -104 -61 106 -82 -44 -93 105 52 -27 -3 -34 -70 -73 58 -46 21 0 95 114 17 -118 -105 -9 78 32 116 86 22 -8 -32 -23 88 13 -69 64 -103 35 -94 -17 15 -10 -102 59 -43 115 -86 98 -92 101 69 -119 79 -107 -82 65 53 -109 -7 23 -105 50 118 -16 -72 -6 -12 -26 -5 47 -105 97 -44 -94 -96 -23 -28 -25 55 92 3 72 35 -69 -50 -116 -22 -100 -24 57 -17 33 5 124 110 -59 -115 -15 -66 -81 58 94 86 116 -124 0
e -8 -11 -14 -28 11 -11 -28 7 -19 7 -21 3 -21 14 1 14 -29 -20 -14 41 29 -21 19 5 25 -34 -3 -34 -1 39 1 -21 13 16 14 -5 -21 -8 10 -21 40 23 2 -14 0 -14 -21 15 -7 -11 -28 -11 21 6 28 19 20 26 22 20 -21 -22 22 14 -22 -23 -8 23 -16 11 -42 -19 -21 -3 -54 -34 -49 -54 -1 49 45 -16 45 5 14 -5 13 -19 -13 3 2 -15 21 -14 -5 -21 -7 5 54 -11 10 -7 21 7 -25 -8 -25 16 22 7 77 -22 0 -15 45 0 15 -16 -15 8 -19 -8 -52 20 52 3 -49 39 -9 -45 56 -23 5 56 14 13 14 4 -3 -7 38 -64 38 4 -5 -6 5 -10 84 -5 7 -68 -47 -28 47 -21 -15 21 -81 21 -49 -6 0 -14 -20 15 14 20 8 14 -11 52 11 -22 3 19 -3 15 -3 1 -56 -21 -49 28 -2 -5 4 2 -5 38 -5 3 -4 52 -32 -9 32 13 -68 -26 6 -47 10 -6 21 -10 -23 -49 23 0 6 0 15 -5 15 26 14 -2 -32 8 5 23 -28 -3 0 -73 -32 15 7 13 26 21 -5 9 -28 -16 10 7 -28 -28 -21 -19 0 14 21 -15 -8 -34 -26 11 -1 6 -28 -21 -20 7 -34 -22 51 -37 -8 17 -16 -2 8 -14 -21 11 -19 -7 21 -2 16 -36 -14 37 1 7 -56 -16 -11 -22 -14 -21 22 -19 8 -23 2 26 -13 -14 -22 3 7 23 54 11 -16 49 21 -19 -45 -8 -20 25 22 57 25 -26 51 -15 23 -5 21 -16 -82 13 19 -3 10 20 -54 -39 49 -5 -52 45 -10 3 5 -7 15 13 -25 0 4 -15 -15 54 21 8 5 24 -38 10 31 4 -7 14 9 -25 -52 56 15 -3 14 -48 -15 4 0 61 49 15 14 -6 -8 -4 -5 -64 44 68 -3 -4 -47 -15 9 21 56 -68 3 -14 81 -1 -4 -25 -20 -38 -49 21 4 -15 19 -9 -90 -19 -68 -14 -32 -47 11 13 21 19 -5 -49 -6 2 6 -1 5 -5 -74 -3 14 2 -17 -11 -24 26 -19 -3 -6 3 -32 -10 1 -13 -23 20 5 15
s 000110000100101000111100000110100001011111010100001111100011011000111001
m -19 93 -75 -97 8 17 -108 -36 72 -41 -68 -58 -97 120 49 85 -10 -27 49 3 85 44 2 4 -76 116 -11 11 83 -3 46 -44 48 -54 20 33 65 -8 -113 23 106 52 -117 -1 109 123 -12 22 6 -68 38 -74 9 -13 57 58 75 -121 47 44 112 -9 104 11 89 -61 -109 102 88 112 -80 79 0 -119 114 113 -97 -103 44 -99 63 -91 13 68 -5 -108 110 82 55 45 57 -100 109 78 -93 46 -115 -42 109 53 126 -47 14 119 -119 -11 -24 -49 -102 15 -113 -97 54 -82 15 -25 -67 82 -13 118 -25 -74 78 117 49 -41 -17 -103 105 106 65 96 37 31 85 92 -85 -15 5 120 -60 -85 -12 10 -77 -83 6 7 56 56 -22 -24 -4 102 -126 8 55 -104 19 105 5 -23 42 2 76 33 -23 -99 -84 106 48 69 50 13 116 -73 -92 12 36 91 -125 -77 -119 107 73 34 59 -94 107 -10 -46 105 62 54 116 -111 87 14 -120 -84 -40 -109 10 52 -4 52 -92 25 -43 45 25 -29 -56 88 126 89 -28 39 63 -33 -29 4 34 88 102 -29 -15 -25 -65 -104 -118 -67 116 -1 76 48 -65 2 -107 15 91 -62 61 56 95 -40 -119 -63 109 -7 -127 74 93 -88 28 73 -93 -112 -112 -115 101 -120 -52 86 -56 -3 82 21 6 -5 96 86 59 -1 13 8 -106 -49 5 -20 120 91 116 -18 58 -24 93 -38 75 -48 114 -1 -77 -109 76 47 -30 -18 -20 83 76 13 -90 81 -39 -119 -112 120 1 49 11 118 -123 -93 5 -38 -123 127 18 -52 8 -5 32 113 3 86 68 34 27 -101 59 62 89 -11 3 17 59 -95 -84 0 40 16 93 61 -2 -16 -19 85 -119 -75 125 85 125 -36 -4 -51 -20 -12 92 -109 -73 82 97 12 -54 73 41 -37 92 127 15 -64 78 80 -117 -7 49 -66 74 -108 120 118 -10 3 -40 -68 -48 -31 40 74 107 -125 -71 -27 11 112 35 9 -28 -50 12 114 66 13 -25 -121 127 -63 -23 108 -18 44 116 111 -2 56 24 -63 6 121 -46 -70 -52 -45 -108 -93 -10 5 4 31 67 9
e 9 -7 -2 26 -7 11 26 -2 12 -2 -59 32 -59 -10 2 -10 17 -28 -3 2 35 0 3 6 0 -1 48 -1 -39 -14 -39 -18 5 -18 -3 22 8 -10 -9 50 7 -4 -21 -1 8 1 5 -21 -5 16 74 16 13 1 -26 -7 5 -2 -8 5 59 42 -43 -25 -43 -14 9 14 18 -7 -18 -7 39 -5 0 -1 3 0 -41 3 -10 -18 -10 -33 3 33 -10 2 -10 5 21 -4 5 1 -37 5 5 -68 -7 -16 -7 20 8 -20 -1 -7 -1 -4 8 36 -7 43 15 -7 34 -15 11 18 11 14 7 -14 -43 5 -60 -14 3 9 24 -10 28 24 -52 32 18 -10 -18 -33 40 14 -2 0 -2 -55 -37 21 -10 -7 21 -6 42 -31 -9 1 -4 -4 4 4 5 5 17 21 15 3 24 -11 -2 -24 -14 2 11 -43 11 12 14 -12 32 7 -40 2 -28 -5 -22 18 35 22 14 -35 4 -2 -4 -10 -9 -10 3 -24 3 5 -21 -34 1 -4 46 -1 7 9 4 5 4 8 -21 -8 20 -6 -20 34 10 49 9 9 -4 -4 -7 -10 8 50 -3 20 -2 -5 -34 -60 22 12 -26 18 -9 32 3 -4 59 -2 8 -10 0 20 9 1 34 7 39 -1 -26 0 -16 2 1 -8 -59 39 7 10 -18 21 9 5 1 -7 2 6 0 21 18 10 1 -12 39 5 5 -39 -16 -8 -3 -8 -43 -2 7 -14 21 8 -10 -1 43 -5 -5 14 0 25 -34 -3 8 -7 10 7 -5 33 8 -3 3 -51 -12 4 -14 33 11 -18 10 37 -7 -5 -7 -5 0 -20 -15 37 -43 -10 -7 -14 -33 -20 7 49 1 22 5 -4 11 -27 5 36 37 15 -9 7 11 -9 20 -14 24 1 -43 -28 -43 -14 -48 -5 7 -14 -15 28 5 -12 -18 -21 14 -14 -6 -43 2 -21 14 -9 -4 -11 24 4 28 -21 -32 18 -4 2 -14 4 -24 -2 5 2 -9 21 -11 -43 -6 12 21 2 -3 -4 15 5 -4 12 -29 -5 -32 -35 21 2 -4 -6 24 -10 -8 35 -20 -11 4 34 -12 10 1 32 -3 -9 -2 13 -4 24 22 26
s 010000011100010110001001100111110001001000100110101011000011111001111100
m 24 -49 -51 0 -46 -53 51 -117 -39 82 -15 57 122 123 -123 -34 -97 -65 3 56 71 97 8 0 40 -24 -9 20 -36 -13 -121 -122 -3 97 120 -35 16 -76 26 26 -119 -84 123 -1 24 -84 -105 -113 95 -67 -7 5 107 120 27 7 59 12 1 102 -5 10 -116 122 41 -108 -117 10 -46 -60 13 5 -12 96 -25 2 93 -85 105 -72 -93 58 -10 78 -46 78 -11 -115 76 54 21 58 44 -93 -123 -5 108 -71 93 -70 92 88 105 -17 104 -36 12 -115 16 -39 10 -20 -92 93 55 46 -36 -21 65 72 113 83 -117 -74 -39 -3 -61 -124 49 28 -85 -37 34 -30 41 -22 79 102 -5 75 -55 75 -61 -120 -70 91 -29 -116 -32 -11 85 -17 8 17 11 -108 -65 47 -43 29 -71 -72 114 -123 100 -43 -99 28 -32 -106 -50 -71 -76 127 26 -6 -89 -50 52 126 24 105 -121 -85 -80 80 52 91 -2 -68 107 -7 99 81 122 55 40 -98 115 1 56 117 19 -15 47 58 -54 1 58 -34 3 60 103 -77 -38 -102 -89 -45 59 -10 117 73 74 -53 53 26 -9 100 -41 125 -66 75 -40 61 -109 -77 58 -60 11 -54 -74 101 -108 122 24 6 -51 -42 -118 -29 80 -119 20 -49 20 20 102 16 -109 71 -30 -82 50 -107 -29 25 121 127 97 -30 66 69 -84 83 115 74 117 -13 -83 -59 -46 -51 -30 -90 98 13 -123 119 21 39 73 -80 49 -119 2 113 101 11 -40 -89 16 -109 -16 -117 68 6 108 16 91 -57 -115 -24 8 -14 -90 30 -94 -94 104 -112 41 -72 -86 -7 -66 -103 -107 57 -38 89 -110 44 38 81 -110 111 71 -82 -25 68 110 36 -62 -21 -114 13 -117 -14 117 -41 -15 119 -5 -94 54 106 3 -56 89 12 -44 -99 124 120 -39 40 -25 5 108 -34 -15 -55 -30 90 -117 125 -87 -32 93 -13 3 7 -21 47 82 66 81 81 22 -38 113 84 -65 -59 96 113 -64 -58 88 31 11 18 61 -125 -116 123 43 99 -73 116 -110 -82 -43 -118 -55 20 78 123 105 -101 87 58 35 99 31 -9 -58 27 73 124 14 71
e -9 -26 -34 -18 -26 -10 0 -11 6 11 -5 -3 5 -30 -42 72 9 25 10 -7 -18 11 -12 -2 11 2 7 -2 63 -8 32 -44 -16 44 3 13 14 -27 8 -19 -27 -48 -19 70 -30 1 2 6 -2 -5 1 10 14 14 0 -5 60 18 -9 52 -14 -1 18 -30 -18 -7 9 7 -12 -26 19 -7 -21 5 -60 -18 -14 -22 -32 14 -9 44 -14 6 -3 6 -20 7 10 5 -19 21 5 1 55 -26 -2 55 -12 -5 -12 7 14 -7 -11 -27 -15 -21 -1 3 -34 36 19 -9 7 -19 -22 -12 22 22 -5 22 -5 -52 -5 23 14 -13 14 9 21 -14 6 21 3 -10 3 5 -48 5 -14 22 -14 -13 55 -3 10 12 -12 26 7 -12 10 -11 7 28 -21 -28 -1 5 -1 3 -19 -42 -25 -22 -34 -38 -22 -34 -10 -5 -10 -6 -3 35 3 9 -3 42 -27 3 13 -3 18 -13 5 -18 0 -14 0 8 13 -7 8 14 8 -3 12 -7 14 7 8 -31 -28 8 -48 20 48 21 -35 -21 -6 10 6 1 30 18 8 21 0 48 26 7 -21 0 -12 -6 -11 3 1 5 13 14 0 -44 8 -11 3 -48 -5 -7 21 -30 11 -34 9 2 1 -41 -32 -14 0 -11 5 11 -2 14 -5 -32 -32 30 51 19 9 3 -1 26 -7 2 11 -19 -12 -2 -1 -5 -32 2 -52 -44 -5 1 -3 -14 -18 -7 -27 7 -19 -1 10 1 -18 -5 -12 7 22 5 -12 14 14 5 -9 -27 52 13 -1 -54 -11 18 -9 -48 9 -6 -5 12 -10 55 -5 -5 -12 -52 -22 -15 14 55 -5 9 12 -3 -6 7 -9 10 11 -19 5 -21 -32 22 5 22 62 39 -14 -34 -22 -79 7 -22 -33 -11 -30 21 21 -3 7 -5 -9 5 19 21 1 22 -3 -3 -28 11 -10 -5 -49 -12 3 13 -7 -9 -14 42 -21 -15 -38 3 -7 51 5 -28 -25 14 1 -45 13 -3 -10 -14 -10 -6 -12 -34 8 7 44 3 -28 6 13 1 -3 -18 3 42 0 10 25 7 -34 -40 -6 10 0 1 -6 -7 14 -3 8 -17 -42 3 48 -25 -31 -21
s 111000010001010000000111000000100001110100000000111000000001010101101111
m -36 76 4 24 83 -45 -66 83 119 31 -36 68 -3 114 50 -80 -58 114 -28 -50 87 -51 -89 110 59 -73 -64 44 -95 35 89 -26 -99 61 60 -123 97 31 -56 95 13 -18 48 115 3 101 -38 -73 -84 -102 -36 66 116 61 9 82 53 -46 -87 32 -29 -101 111 -12 68 -22 -16 9 91 -63 -35 99 67 -14 29 8 91 44 -113 46 84 71 89 -127 -16 72 -58 121 -55 98 123 97 -17 -61 90 -83 62 84 -66 114 72 42 72 -99 -99 -81 -109 -96 -96 76 -113 -62 7 -6 74 100 55 29 81 104 85 -15 75 -120 -46 -116 -105 48 87 51 78 -39 -12 60 100 -7 17 -118 -90 -72 -42 43 -65 53 17 2 41 -28 114 -9 -74 -116 90 90 -6 7 44 -31 58 45 -8 117 -26 -32 -90 -42 -86 -105 -24 -25 -11 -85 -77 -114 88 41 -49 114 -11 56 -73 -105 -38 -57 69 -111 87 106 71 35 -112 106 20 -46 12 21 12 -123 -66 -120 -111 21 -91 -81 -103 79 -36 122 43 -59 -23 65 91 -43 63 -115 -41 -38 -124 -9 -83 125 18 23 114 78 48 -27 40 -15 -77 32 -71 -17 114 38 -23 -1 -80 21 -115 5 87 93 -121 39 9 58 -93 -114 -45 99 -111 -29 3 -73 98 26 58 -58 -80 25 99 -95 -7 -43 -43 -124 -80 11 -83 115 84 -108 -48 -17 40 -111 -94 17 108 -59 -13 -82 -103 72 82 -83 107 -67 65 79 -98 -78 -72 60 -50 -17 -90 -29 56 -56 -14 -2 -29 -36 -23 -52 103 -3 -30 -30 97 -15 -76 122 -68 -66 -42 83 -81 -80 -42 -49 -95 110 116 -112 25 -116 116 -117 54 -27 -8 2 -85 6 -83 95 -115 -42 114 -48 -51 -102 -69 -16 -46 -120 46 127 -71 -71 -15 102 25 -76 80 -68 39 58 -110 50 90 -26 -11 126 -77 79 80 27 0 -68 -31 -114 -89 -60 76 88 99 -16 78 -18 28 -103 38 0 11 -36 -95 -119 81 37 -86 49 17 -31 100 84 7 58 68 -81 -99 -88 -106 -117 -68 30 112 94 54 -97 113 -115 73 -13 -94 -116 -8 -6 -125 95 -123 36 9 53 -121 -61 -23 -95
e 7 -16 22 -8 -16 -7 8 1 -7 1 3 -10 26 -11 8 11 7 34 12 -5 -34 -26 -5 63 26 7 -6 -7 -35 11 35 15 -14 -15 -12 21 -23 -2 21 -42 -2 19 -84 38 -52 38 -10 24 -10 -3 68 3 -23 -15 -21 15 -26 -1 -21 -26 3 -21 3 22 3 -8 7 20 -26 16 26 15 26 -69 37 -39 26 26 -35 26 -13 -15 -13 -11 12 11 7 5 7 13 -42 -6 -40 -38 15 -15 10 15 -22 3 22 -41 -23 37 7 2 7 6 -21 0 6 -3 -2 48 8 -2 37 -31 37 -10 15 10 41 26 -63 0 -26 -14 19 -13 51 -19 -14 51 14 24 14 25 -13 25 0 26 0 -14 58 21 8 -22 -15 -36 37 15 -6 -7 19 -28 -6 7 -7 15 10 2 2 -8 -34 -44 -4 -34 10 -4 -7 -41 -7 7 0 -7 10 -6 43 8 -51 -14 21 -14 -34 21 -25 -34 73 0 -63 6 -14 -6 11 33 11 -14 15 32 15 -6 21 15 7 -21 16 -7 -16 3 -2 -3 -24 -8 -24 32 11 61 21 7 -63 -16 -56 6 -3 -8 11 35 1 -47 32 -3 21 54 -8 -15 32 -28 12 -16 3 44 -3 -11 -26 -24 -7 -7 32 16 -35 -15 8 -45 15 -1 -7 -49 -3 -35 2 -11 -15 42 8 12 -42 16 -5 34 -26 -42 -26 7 -38 -37 40 -10 26 -23 3 -21 14 23 -3 5 -2 -8 -42 -21 -7 38 -3 -13 -10 8 -26 -3 26 -41 -23 -15 27 12 28 -11 -52 -26 -7 -55 13 6 8 -11 -15 -26 7 -15 -15 13 -22 26 -26 37 -26 15 41 13 25 0 11 37 -6 7 79 -7 -13 -14 -37 26 -15 10 15 2 0 -22 -37 18 37 10 19 -7 -41 -51 6 0 14 -15 -6 25 -2 53 7 37 14 -2 14 -25 -8 41 0 -15 67 14 6 6 -19 7 51 -15 -10 -15 -6 -8 -60 7 48 -31 -7 -4 14 -2 7 19 -8 -7 -24 -4 11 -6 10 14 -7 7 21 7 10 34 -2 8 63 8 34 -6 4 34 -24 -7 -63 32 36 -21 15 -10 -11 -21 16 14 16 -34 34 3
s 110101111111111100111000011011000000101011111101100011100000111100000100
m -61 17 -127 -6 122 122 50 -88 96 -105 -18 -85 -58 85 -44 10 47 26 88 25 -33 42 -93 -126 -41 3 -76 -53 -95 -57 -4 17 29 -73 -46 9 -27 113 28 110 7 -34 -5 31 -36 112 17 -122 -37 6 31 -104 82 24 49 -121 -9 -88 48 -25 -28 66 -119 -42 86 48 -58 -14 88 -67 -66 -62 85 -34 3 -30 -50 -112 1 52 21 -48 -39 -62 95 -104 -126 -63 -111 -116 25 104 -99 -126 -15 90 -26 0 27 -64 1 -118 125 -109 28 -120 -20 9 43 69 -51 -69 -83 41 -93 -13 46 125 -73 17 -102 -14 104 -19 11 -30 104 -64 -2 92 73 -106 9 -78 71 69 58 15 9 79 -13 37 -36 96 105 109 -33 34 68 91 68 -109 65 -6 -52 118 41 86 121 24 -1 39 -38 110 -59 -101 123 -123 26 78 33 -24 -48 2 126 -44 121 96 72 13 -60 1 125 113 -39 28 -119 59 -77 53 -93 -88 -79 14 -106 94 -45 58 -112 -22 3 -1 -122 69 12 84 3 -27 -37 3 101 -18 94 110 -62 71 48 -122 -84 116 86 -117 125 -38 48 63 18 -116 75 112 88 17 68 124 118 -46 -37 -95 26 -122 -92 -93 -70 106 93 112 -35 -92 -92 -80 76 -5 17 71 73 67 -58 13 25 110 -115 107 -105 51 -123 -107 41 114 -25 95 -96 111 67 -59 -56 4 93 82 89 31 -52 35 -42 -92 -9 29 -5 49 -100 -26 -57 -94 33 75 93 -41 -88 -1 90 125 -75 -111 -90 113 77 -9 -56 12 -81 -109 44 46 120 19 41 -67 75 -52 -109 -93 -119 -90 -73 -82 31 27 84 -98 -109 83 -82 94 4 -76 84 94 -89 -42 71 13 85 83 -1 103 28 31 -49 -63 -100 67 23 -29 -2 37 117 -29 52 -60 126 38 -107 -64 -88 76 91 -81 -99 86 -10 -100 107 -26 41 1 45 52 47 -46 59 -19 -85 -26 67 97 -42 -1 -37 -107 -23 16 88 13 -79 89 -87 70 -26 101 -27 81 -46 -55 40 -87 70 86 -73 -57 -16 -9 107 -99 77 -106 -89 20 49 99 -70 -56 -72 -58 -119 -2 37 -36 20 49 -27 88 -108 91
e -31 -59 14 -15 -15 -29 6 59 -2 59 -15 -2 -15 9 -8 37 31 -33 23 -22 18 -36 22 62 37 27 -13 -3 1 16 1 -28 -1 15 -23 -25 12 -5 32 -5 -5 3 22 36 3 28 -23 -43 15 -1 -20 1 -12 3 6 4 -17 59 -23 -8 -15 -23 8 -9 -8 13 -31 -36 58 15 -59 4 -36 8 12 -3 11 -3 -4 -11 35 15 -19 8 23 8 -50 22 -50 8 -5 -8 -21 -28 0 21 15 -1 1 1 24 -60 -12 -60 6 5 -6 -36 -23 -26 -4 8 12 4 -13 34 -43 58 41 -13 4 15 -2 -8 -2 26 -11 1 21 19 33 2 -8 -33 23 50 23 -34 -30 -14 -25 3 -12 -1 0 -12 9 1 17 -9 72 -17 1 -18 -1 1 -8 1 1 36 -21 -12 12 8 23 41 -14 23 -13 -14 -41 2 29 -39 -26 2 2 4 2 8 -33 -26 -8 23 18 -8 14 -18 62 12 62 -13 1 34 16 -2 16 -1 -17 28 5 -40 -25 3 1 25 -24 -1 3 -16 -12 3 43 -9 -43 -20 9 18 -25 31 -62 3 -15 -13 -3 6 -24 -43 -59 -1 -20 16 -8 3 6 15 -25 59 37 3 -15 22 3 9 -36 43 -42 -3 20 15 -1 -3 6 -36 -1 -66 -3 -24 15 -1 5 9 15 -5 -31 -23 28 -15 22 -15 36 -5 58 -3 -28 -55 -1 -15 8 -15 1 -23 -23 12 29 -22 7 13 5 31 -61 -28 -8 -8 -15 -13 -3 6 58 -11 12 4 -19 -5 8 8 23 -28 -6 8 19 -8 13 -8 21 -58 50 0 4 8 -1 -8 -3 -60 -11 0 -2 -19 -1 -26 8 60 36 -50 6 -12 8 8 -41 3 21 -13 0 -12 12 1 41 1 -60 -13 -2 -6 10 52 -8 27 23 -21 4 -14 12 -33 -1 -41 23 12 13 -14 29 2 12 -17 -26 -56 1 4 -2 -1 33 -23 -2 -46 1 8 14 -11 23 -12 -1 -69 -1 -14 29 -2 9 -2 -17 -14 16 1 29 1 1 2 -8 1 -2 18 12 -12 -62 9 -23 -13 14 -29 55 -29 68 20 2 -13 -3 -63 -16 -25 8 -1 3 -23 8 -3
s 000010100011011101101010011001011111010001001100100101000011100000100001
m -106 -126 -3 9 72 110 -74 127 25 -45 57 14 76 -31 65 -79 82 100 -112 23 -74 -39 35 -19 -86 -91 66 -57 124 67 -32 108 -58 -14 -12 -97 -102 24 -77 -44 -55 13 -98 57 5 -45 62 79 -5 -112 88 -57 -45 95 -106 120 23 89 -50 106 -54 57 106 83 88 37 -106 -126 93 -44 76 127 59 85 -34 -19 -24 -25 30 64 -3 111 85 -49 33 97 110 -105 -120 63 -6 -94 -20 -84 -95 31 -1 -60 -78 95 -83 -122 71 -25 26 -90 -124 125 -117 70 121 68 92 -71 8 -13 25 78 40 -33 -13 113 113 123 -121 53 -2 -38 -85 -99 -3 6 -8 -9 127 -83 -49 68 -43 114 -38 114 -106 23 -78 -90 -41 -7 -25 -52 37 30 -26 120 27 -104 97 -18 92 17 -20 78 -107 -72 -79 -37 -46 102 91 119 -102 36 -29 -9 -120 108 -35 -49 88 72 52 112 -8 -14 -62 89 125 111 14 -64 77 21 -56 -37 28 124 112 -75 34 -75 -122 -27 -12 -12 94 -12 -47 -63 91 75 -70 28 92 116 -91 103 27 118 -114 -19 13 95 80 73 -50 117 -106 -33 121 92 20 117 -107 -56 -67 -46 17 -49 -94 -67 -122 31 -117 91 -86 -9 -116 66 -117 -34 -96 75 83 -88 12 44 -63 110 -127 -38 -82 49 -36 0 -112 40 37 73 -2 45 -2 53 100 12 37 6 122 120 9 -14 12 -54 47 13 -107 -109 -117 69 -81 -62 95 105 -65 88 -114 106 -4 -107 -19 90 82 -15 81 101 7 42 110 28 -88 62 42 52 35 -5 -54 55 24 11 80 101 37 94 106 120 -22 37 6 -50 50 -22 6 59 4 106 -54 1 72 89 75 -91 -100 29 10 77 78 -74 77 -126 36 96 -91 47 -119 109 96 -43 26 91 1 -38 45 -100 97 21 -72 6 35 18 40 30 -99 14 38 -114 123 -82 -56 -55 25 -27 76 -12 -29 86 50 -66 -123 -54 -63 44 124 3 -52 116 -21 -125 -89 -1 -83 -2 64 88 48 80 -62 34 -58 -6 83 -57 -107 -107 96 -60 -66 -121 -11 -118 61 89 29 51 -19 -17 123 102 -118 -5 -91 -54 89 -91
e -17 30 -1 -59 -30 26 8 39 8 -39 -48 -15 -48 -24 50 -24 17 48 -11 2 6 -2 2 -12 -2 -11 19 -11 -27 25 27 13 5 -13 -29 -7 -12 -49 11 0 21 -42 0 -33 -25 33 1 8 -1 -11 18 -11 -12 -11 8 -6 7 39 48 7 50 -44 55 24 55 7 -17 -7 -17 30 -17 -6 2 -38 4 -11 2 4 -28 -2 -37 13 3 -5 11 5 21 -2 -21 -38 0 -46 -15 33 9 15 -5 9 7 11 7 22 12 32 42 21 -23 46 44 -20 1 55 1 -1 31 -1 19 -17 19 26 6 -26 6 7 -6 -20 20 -21 6 -3 8 -49 -5 3 11 -21 -11 16 56 16 -48 -4 -34 34 9 -3 19 33 -13 19 -22 13 -2 23 2 -16 46 -42 18 18 -30 3 -1 -50 -48 -19 -1 48 -26 1 -26 6 -46 -22 20 8 13 -1 -13 50 -3 -5 -55 -11 6 7 16 -6 12 -34 12 33 -21 -19 59 -6 25 5 13 -18 11 -2 11 17 16 11 12 -18 -12 -5 -3 -5 8 -19 -8 18 28 -6 11 -72 13 -12 -30 19 5 -8 -25 -8 39 -5 66 -48 -7 11 8 -13 -11 -39 -11 12 48 2 5 24 -2 -10 -17 11 -18 39 27 -11 -8 -2 11 40 -11 12 48 27 21 24 -13 6 -17 11 -33 -30 -21 1 -35 0 -17 17 -33 -12 -27 1 7 -13 11 44 11 40 -55 -2 21 7 0 44 21 -33 -55 -38 -1 7 22 -11 49 -2 12 6 3 -21 8 5 -44 -2 -23 57 3 78 7 -6 -15 -17 73 -9 -6 -38 -7 7 -4 -22 2 -9 27 -3 -7 34 5 -22 1 21 -23 12 -38 46 19 4 -15 -29 -10 1 34 7 19 -21 -22 -26 6 23 -6 -3 46 20 11 15 4 -16 1 3 18 22 -11 3 -26 34 -19 6 -34 22 -20 -21 2 -1 6 -16 -3 -13 -13 -13 -2 50 16 -16 -48 -34 -18 1 21 6 -26 -6 35 -8 -13 -3 -25 -23 26 -5 16 8 -7 18 13 55 3 -57 -12 19 48 -19 -1 6 -8 -26 12 18 8 19 11 13 25 -11 -50 51 12 -70 7 5
s 100110001101101111100010001100111111100011110000111111101110001111111110
m -97 54 -114 44 -75 -84 -67 54 -73 76 106 78 -21 -112 -73 49 68 -14 -76 9 -114 -2 91 20 25 61 -58 -113 47 -106 97 60 78 -49 -44 51 1 66 110 1 -93 57 93 9 26 -123 -29 -54 -42 -10 49 97 11 -48 -81 -85 76 74 -107 -82 4 -108 -107 62 -51 -16 113 -9 110 -46 77 -110 -95 -32 -70 71 -58 -102 30 -60 -17 49 -78 -96 112 -79 46 31 -120 66 -43 65 -33 -40 62 1 -103 22 -124 48 67 -92 33 -110 -105 -121 101 27 -105 -94 41 82 99 -55 -25 -70 116 -78 88 26 -79 -37 -31 94 63 -33 29 126 118 -126 -86 -92 103 65 -70 34 7 48 20 119 -13 -33 107 63 -69 -6 -59 -45 -125 -46 -32 114 88 -52 78 -102 86 -68 8 -108 -12 -79 -1 -23 -98 110 98 78 51 -75 -2 6 59 -14 -42 76 60 -49 4 -46 4 45 73 -127 -16 70 114 48 -102 -13 62 111 -87 -50 34 108 28 -115 4 94 24 -62 -76 1 104 31 101 79 104 -83 -97 52 106 97 45 117 65 -72 36 52 -9 105 33 -19 86 -22 111 53 95 54 57 -20 38 95 -70 -65 7 15 45 5 94 0 -74 -12 -112 -69 -61 103 52 30 -68 -34 28 -98 -2 29 -63 112 56 50 -66 119 112 127 -109 -44 104 -92 -26 -21 -46 -83 44 -52 4 -112 -15 79 56 -109 11 23 -124 -66 102 97 -22 72 -127 101 -87 -122 -103 125 -120 31 80 26 -75 -78 68 -110 -64 -63 126 -108 -105 -63 118 64 -10 74 -90 31 -96 -36 -112 -20 79 -82 -43 100 -66 -43 86 -26 -101 119 39 -52 -73 -46 3 65 -9 108 -109 -44 89 -12 70 61 -77 48 126 94 -72 -41 -88 109 73 62 -94 -74 94 -42 -42 2 74 -10 -23 17 -120 29 -97 -25 -97 98 0 -56 22 -27 -109 115 10 -7 -33 -106 -124 -16 -22 95 89 101 67 23 88 78 -29 -87 6 -49 -115 -61 -91 -66 51 -104 -80 -23 102 -46 93 115 -103 80 49 20 48 82 66 -74 -53 -43 -72 -74 -31 -19 -113 62 -51 94 56 -94 15 52 -42 0 127 119 -112 -21
e -46 -27 -63 -20 27 -2 20 14 13 14 4 -4 -4 11 21 -11 46 47 -39 0 -14 22 0 -8 -2 -46 17 46 -14 14 -14 43 0 -43 -39 -34 10 20 7 38 -20 -5 1 -4 19 4 -19 -28 -19 2 -46 -2 1 -1 20 -70 -49 14 21 49 18 21 45 -11 56 -8 46 -14 -32 27 -32 -70 2 18 11 -46 -26 11 -14 -26 9 43 9 28 39 28 30 0 -30 -18 -1 24 -1 4 -18 2 -19 -18 -35 -2 35 28 1 28 -8 -20 8 39 21 29 3 -45 1 -3 -8 -1 -26 32 -26 33 -70 -23 -6 -49 6 37 51 6 -29 9 -4 29 -28 4 7 41 -37 -9 -28 -9 -12 11 12 6 18 -22 0 -35 -4 0 38 4 -9 -8 -9 -21 24 -21 11 -1 -7 -6 -21 37 13 -26 63 -13 23 -63 -17 28 2 45 29 -13 -4 -3 -20 21 15 0 -34 7 -18 -34 -9 14 8 -12 -8 -17 -6 17 -14 -29 -14 0 14 -43 1 9 -7 21 21 7 -5 7 -5 -19 -6 19 28 0 28 -43 -11 -14 7 54 18 -5 -27 38 19 25 -14 28 14 0 -43 -4 -45 1 20 -43 28 26 39 -50 4 8 -19 43 2 -28 -46 -46 -43 -29 14 -1 -20 2 9 14 46 1 4 -14 -20 -11 43 1 -46 -39 -4 27 0 -26 2 -1 -32 54 -8 -70 27 19 -67 -43 -2 -89 -39 -1 -45 0 -56 8 -1 -21 -30 4 45 -18 -19 8 -11 -2 32 -26 1 -70 9 -20 -49 28 21 -26 8 -45 15 24 -8 -64 -1 39 -30 20 70 18 -35 -49 11 28 26 18 -6 -9 38 29 28 28 7 30 -46 1 18 -24 -26 29 1 23 18 1 12 35 26 -6 28 23 -29 8 -6 -4 24 29 7 1 3 42 -1 4 -7 -63 7 -6 -23 -9 -41 -6 12 -4 29 6 -21 -3 54 -21 -4 -4 4 -7 -9 -21 -9 60 -13 12 -7 -63 36 -6 -2 29 0 13 4 -63 14 9 2 0 21 -13 34 7 -4 14 6 -21 -8 0 13 17 -66 -14 -40 -2 8 -43 13 -17 1 4 -25 7 21 -40 -5 -13 34 -23
s 010000000110111001100010110110100010110010111111000010000101010011100111
m -57 63 -77 -76 -21 59 -101 -67 41 24 -17 102 -8 1 28 84 -46 104 -39 65 53 67 51 -45 -33 99 -126 103 67 -21 -105 103 19 -113 15 4 -123 57 51 -43 -97 -110 -38 25 -4 -71 127 17 -25 -126 43 -41 -117 75 41 126 97 -113 107 -53 52 35 -7 63 102 1 -27 -72 38 -82 -35 -18 -38 66 7 -15 -122 -8 106 74 52 74 72 -114 -86 94 -65 106 7 -29 -49 50 -97 76 -50 -2 3 41 81 -68 -5 -27 59 54 34 100 -119 -23 47 7 -11 -110 32 68 -58 -92 -20 -67 -86 30 68 119 -126 69 69 62 22 5 93 -28 -127 99 49 -108 116 -68 -112 7 25 5 -86 43 48 -56 -105 -123 -100 -114 64 -122 -18 76 39 104 43 -56 103 101 119 -53 -87 105 77 -108 -63 51 -14 -40 98 80 10 6 53 97 60 -62 48 -98 86 -61 3 108 -117 -81 48 -5 112 -20 -23 -95 -4 -92 124 -17 -16 -2 -1 35 111 -57 55 70 27 116 -53 -121 -69 47 -43 6 -23 -72 -4 52 -2 -110 -82 -76 69 -52 -29 0 -100 -25 -14 -11 2 -20 113 68 -50 -74 69 25 -8 29 -80 16 -25 41 7 -24 0 -15 122 -121 -69 61 5 93 -124 -106 -102 -122 -103 107 84 57 -31 -9 61 80 35 -97 34 -40 11 110 126 -36 94 -58 98 -96 -57 -3 57 -124 35 27 -82 52 -113 76 114 -77 94 95 -6 -84 -97 13 -71 62 102 22 60 -61 -124 -48 105 85 22 -75 12 51 58 -126 -48 16 31 118 -56 117 -106 26 72 10 74 88 -68 -79 -82 116 19 21 10 -52 -19 -32 105 -91 -61 -66 69 -4 76 48 70 -93 2 19 -101 40 21 -109 -21 -22 -119 -29 -50 -26 -88 -20 -29 -110 61 -6 -17 -113 -94 83 -29 -14 121 -54 -63 22 -19 -3 -70 98 23 14 -90 -51 68 78 -73 126 76 -50 87 41 81 -97 72 -20 29 108 -121 -40 110 -48 -35 102 1 -83 -4 -101 -120 -4 -23 111 -56 4 36 -32 -54 11 74 110 -37 -4 94 -98 4 -34 20 -66 11 -43 -46 44 64 -64 -9 -2 118 -50 -22 -104
e 24 -19 13 7 56 9 7 14 -10 -14 -7 -32 -7 14 -8 1 24 -33 -14 21 18 -29 21 4 34 14 -4 14 -8 -1 8 24 -2 -24 22 -5 -50 -54 24 6 50 0 6 -10 0 10 3 -2 -3 -36 -5 -54 -50 -22 -7 -3 11 14 31 -11 7 42 14 1 -7 -20 30 1 -23 19 23 3 29 22 -7 -54 -17 7 -8 17 -20 24 -20 43 -14 -43 7 21 -57 -22 6 -21 2 -10 -9 2 22 9 -5 -36 17 -16 50 16 -23 -50 23 26 31 -21 15 7 4 -10 1 -4 13 23 13 17 -3 17 3 11 -3 -7 17 13 2 20 3 2 -45 3 44 7 -44 5 26 7 18 -7 -18 -5 -9 -21 -17 5 1 -17 -24 1 38 -23 35 -21 -21 21 4 2 -4 21 4 8 33 -13 68 33 17 -13 30 -3 9 -10 -7 10 -32 10 -32 8 -18 -2 4 -44 18 4 5 -28 4 18 18 -4 5 -4 -1 -42 -2 -2 1 5 -22 35 45 -22 -21 -24 0 4 0 0 -35 0 2 17 4 5 -1 -18 24 24 4 -36 19 -4 0 7 1 2 -14 -2 5 -7 -4 -41 10 24 -24 -21 -14 0 7 -45 4 -1 -29 2 24 14 -38 -19 8 22 7 29 -36 -14 14 52 -7 50 -50 1 24 6 -24 -14 -12 -19 21 -3 -29 6 -23 -14 10 16 -8 -3 11 26 -36 31 -14 50 -7 -21 -50 -1 34 -31 7 -10 7 22 3 -1 -7 -36 23 -17 50 -3 -25 50 31 -43 31 -17 23 -7 -20 -21 1 -43 2 -31 -7 19 -3 22 5 -11 7 16 20 9 -3 20 5 7 -43 -16 10 7 -23 -28 22 -21 -13 7 -2 26 -9 4 -18 5 13 -5 -16 -17 -2 30 3 3 21 7 44 2 10 -5 -4 -3 -4 18 44 -21 -17 5 -31 6 18 1 -7 5 -35 10 2 21 3 1 -32 -54 35 -8 5 -21 -33 19 4 -13 -5 -21 9 -2 -17 -10 56 13 -1 -35 -9 2 -47 -10 4 26 -39 -18 -21 -8 -4 17 35 -15 -13 -18 -2 -9 -4 5 -36 -4 22 -32 1 -24 10 4 0 33 4 0
s 100110000000001000101110001010110100000000010100011100111100110100100000
m -53 -92 -3 -62 6 -3 24 -100 -51 -88 -58 75 -9 -52 -105 -8 -83 -62 -49 3 27 -32 -106 -29 -122 -95 -28 102 95 47 -48 -121 -47 -7 -114 46 -21 -64 73 -6 -62 -116 70 -93 -41 -109 73 9 -120 -125 23 124 -40 121 5 -78 35 113 66 62 25 46 -45 68 -3 35 -126 -22 -49 -67 -123 126 28 -125 -82 -98 -115 -18 30 0 -12 12 6 -52 -86 98 55 -40 37 37 17 4 30 80 -44 87 -19 -37 0 -21 34 23 -69 35 -118 -54 -126 94 127 -101 -8 -54 71 53 -75 30 -51 29 -54 68 87 -10 58 -114 -64 -44 -26 -69 -92 8 -34 68 -122 3 -123 -61 -39 -2 -112 47 37 -44 55 43 -73 66 53 110 34 104 47 2 -52 116 25 47 -46 32 -86 37 119 81 24 -15 -82 -85 82 -91 100 77 -123 89 22 19 4 47 -92 82 -58 -3 106 -70 -42 44 -123 115 97 -105 -60 -88 63 74 109 -98 26 0 94 20 -108 78 98 36 70 -28 41 22 -67 -48 -25 -9 -59 -9 11 -64 56 81 -19 -26 -1 28 9 -53 74 49 -51 -4 84 15 -41 -54 -23 5 -108 33 35 53 -33 125 -30 -26 96 -83 20 57 32 69 -41 40 -109 -9 123 -53 -7 -82 82 -32 -24 5 13 -12 -114 -68 43 126 -105 73 11 74 2 71 -46 -89 16 2 58 108 -19 101 19 71 -32 -78 7 -90 -86 106 -93 -52 -107 50 -41 45 118 -105 61 85 86 84 -116 79 123 123 -45 75 85 26 -114 66 -25 16 9 -97 92 -13 123 -116 -39 105 -120 16 -9 107 102 29 118 -38 -72 -61 -51 -28 12 -69 -14 -39 47 -80 31 -108 -38 41 123 -108 94 -109 -101 -103 16 -101 -24 33 31 -126 126 117 30 55 -115 -45 -67 -92 -53 37 68 6 22 40 118 96 82 -12 -103 -91 -84 123 81 -8 -33 100 -55 37 -31 113 85 -91 -84 -80 -49 48 -52 -92 -109 84 54 -13 63 84 -24 -57 -4 -119 117 -65 -2 3 18 -111 54 -44 91 -61 3 92 63 59 -18 -44 -20 116 -69 -97 102 -113 -5 -90 82 -27 87 -56 -71 119 -12 -121
e -25 6 16 -4 -8 20 4 -28 -3 -28 -5 -28 -5 7 3 17 -25 -43 -7 -2 23 -25 2 -3 -25 2 43 -2 -11 4 11 -7 18 -11 -7 -11 -5 48 1 15 48 -22 -6 -10 8 -10 -17 -10 17 19 -21 -19 -5 -5 4 77 -17 28 -41 -17 5 -44 -3 -7 -14 20 -25 -31 14 6 14 -69 28 -14 16 2 0 36 -11 23 6 7 -7 -11 -7 11 33 2 35 14 -6 -27 -33 10 33 -27 54 34 8 28 0 21 -5 21 22 55 22 -4 -41 -4 -7 -3 -21 7 -20 -21 -6 -14 -6 9 -69 -29 -11 17 11 -4 0 38 0 -6 -3 0 -11 30 -20 -33 -20 42 -14 -2 42 16 33 -61 33 -35 -56 0 -2 -47 21 -21 22 -22 -32 -2 4 -2 42 -27 -42 -35 -27 3 -43 -6 -3 -43 9 -3 3 -11 -3 3 25 3 28 7 28 14 3 18 11 20 -23 -11 -2 -23 -3 -33 3 -25 -38 25 4 -12 4 -42 2 -21 -5 -22 1 5 -2 1 -22 46 -23 8 35 8 -8 47 -8 -21 7 -24 -20 36 3 -22 -6 -25 8 -5 4 -8 -28 18 21 8 11 -5 4 7 -1 28 -7 -22 5 2 -8 -7 25 -8 -25 -2 21 6 -11 5 -4 -25 -19 -36 2 19 5 17 48 7 7 -6 -25 7 40 -6 -3 -17 -25 6 -26 -21 10 -69 11 -17 -31 7 19 41 27 -5 -3 -2 48 -20 6 -41 -33 10 3 -14 -17 20 -16 -19 14 0 5 -69 6 -48 -17 11 41 0 42 3 -6 4 20 -11 -27 14 -33 -33 69 28 0 -17 -16 21 0 33 11 6 0 -4 12 -21 -7 -33 -22 21 14 4 -6 -16 -27 -9 -33 21 -33 0 6 38 -21 9 0 22 -11 3 -4 4 -20 27 -7 2 21 3 -42 14 35 -52 9 -2 -47 51 -33 2 -4 -38 -22 -7 0 -2 -3 -2 48 20 -22 3 2 2 -55 33 42 3 38 -35 -3 0 -47 3 2 3 -23 22 -3 18 28 17 -11 42 -28 -23 -35 3 8 -47 43 -25 3 -23 8 -3 -3 21 3 25 25 28 4 -1 -3 18 -22 43 16 8
s 011101010110010110001010110011010111111101000111010101011011101000000000
m 42 -13 -106 -14 75 -36 121 101 -39 -38 100 34 112 24 119 -66 -94 -37 -66 -28 89 -54 -97 113 -109 -10 -92 -28 59 -110 -119 -83 121 -108 -109 73 -25 -42 -78 -31 -83 5 -45 123 8 111 -43 -27 -119 -124 -126 -103 84 -103 111 -57 110 0 -119 65 -70 27 86 41 35 -103 -2 77 100 62 102 8 13 -74 -101 31 106 33 -30 -73 -46 21 -12 -49 21 -62 -8 -101 105 -58 74 -89 -83 65 2 -27 20 94 39 0 10 99 -82 64 11 -60 117 -62 -28 32 -77 68 -48 119 -19 -107 4 122 93 123 -56 -58 -99 -127 9 -20 121 115 -26 53 112 -78 92 -123 -119 52 -44 -89 -42 82 -11 22 -49 -1 -18 93 24 -52 -74 89 -7 -103 -5 -85 41 31 44 -69 -112 -41 -84 38 -26 83 -114 -96 112 -108 75 -83 118 116 29 -113 43 -6 -92 -67 18 -96 -16 19 122 -107 4 94 105 55 66 -121 15 32 -18 -62 -116 -47 -72 105 117 -65 -82 -114 -112 51 75 61 114 30 44 63 23 -23 118 58 103 -18 -88 64 114 33 126 -35 88 -7 122 34 15 120 83 -13 -84 -55 59 118 38 -87 -3 -107 -111 -102 -111 109 -54 80 -3 64 -102 93 -84 121 56 82 115 76 -89 -38 12 -30 -6 69 -125 -13 9 -126 11 -76 -71 116 30 -51 32 6 -36 -86 5 63 91 4 -77 -35 -74 -59 -26 -77 70 -13 -51 -9 102 -49 -25 -79 -35 -24 15 96 17 -28 57 -69 106 43 58 124 -73 96 90 113 87 33 60 -45 -25 -98 -78 -58 106 9 -127 -77 109 -23 109 34 -109 -21 5 -42 77 -79 -12 -77 -118 -8 -56 -105 65 -53 34 57 15 -14 124 9 58 -121 3 -70 -49 -116 49 -113 -93 108 11 126 77 -86 -120 68 -79 -104 7 47 7 90 73 93 -120 -83 126 -96 89 -27 51 41 121 18 -22 5 -115 -21 -107 3 -105 -127 54 29 -113 -40 7 -110 28 -113 100 -87 -114 -1 95 84 -26 -97 127 -42 -98 95 9 -33 59 -75 -95 120 29 -97 -32 24 -103 -111 107 -1 -45 114 94 -54 -7 46 -108 -92 64 -125 -37 87
e -2 -55 1 30 12 -23 -13 0 6 0 -6 -8 -6 12 3 -12 2 26 -19 -12 4 3 -12 -14 3 -11 7 -9 27 -7 -27 8 -12 8 -19 33 27 45 3 6 37 31 6 -5 21 -5 4 -56 4 0 -1 0 -22 -45 -13 -7 21 34 -24 21 6 25 -29 12 -29 8 10 -8 32 12 32 38 -3 -21 -15 9 61 15 -49 -61 -11 -8 -37 -11 23 -11 7 -12 -7 -21 -6 10 -14 -5 8 -14 -4 2 -9 25 -35 -7 22 -7 49 37 10 10 -24 18 36 -29 -8 -36 8 -8 3 32 3 13 -7 -13 -5 -21 5 -28 61 -1 42 11 14 23 11 -14 -7 -7 -7 -60 -21 60 -26 15 -10 7 -2 -21 51 9 -5 21 30 -5 -36 -10 5 16 -10 -16 -7 -14 -7 -21 -8 3 26 -3 -1 26 13 1 23 5 23 6 18 35 8 36 -8 -3 -20 -12 33 -7 21 33 60 4 -14 -10 -58 -7 1 7 -7 23 -7 -12 5 -1 -45 -5 3 72 16 -3 5 7 5 7 -34 -7 24 21 24 -1 -12 4 -3 -2 -14 -5 12 28 7 -13 7 24 0 17 -1 6 33 45 -13 8 41 0 -19 -5 6 12 -7 12 12 24 2 9 -1 12 27 45 -13 -3 0 0 9 22 49 27 37 -21 -19 6 -2 -19 5 12 12 4 -3 -28 -50 -9 -57 7 27 -14 -21 8 0 -24 -19 22 -29 -25 37 17 -6 -24 7 5 29 -37 -4 -8 20 0 32 -64 -22 7 11 -37 -21 11 24 61 10 -31 11 10 8 -11 -14 -32 -7 2 -7 -21 -9 -57 15 -7 -61 -2 8 -11 -9 -18 -43 7 36 7 -10 -8 21 10 3 15 24 -51 2 23 10 9 4 1 7 -13 -23 -10 -5 14 -39 18 7 -14 36 72 -8 -14 27 3 19 -21 13 60 -21 -5 10 -5 18 1 5 -59 -23 28 -14 65 8 -7 -5 66 -60 -16 -26 10 -7 1 -1 21 23 23 21 6 -5 28 7 5 -25 12 16 6 -33 7 -16 -4 -21 -3 14 21 -33 7 1 4 -24 -23 -14 -16 6 -7 45 8 -14 -3 -3 12 5 26 -52 7
s 011111001011000000010101000011101111101101100111000000111000010101001100
m 119 10 9 83 -85 76 78 4 -75 -44 -109 52 24 -93 -48 110 86 -81 37 59 108 41 57 84 -119 -27 2 -45 119 118 -86 -117 12 -35 -65 -5 12 63 -62 34 29 11 90 22 93 9 7 9 59 -48 -83 -6 -53 -65 22 -53 -19 -119 -29 -68 89 92 -66 -34 -48 94 -32 61 82 11 28 -44 32 -74 4 104 110 -24 -106 -86 -7 -34 -2 55 32 3 97 51 65 -53 60 -26 -127 109 121 29 115 -49 -35 58 6 -96 -76 -1 -108 -105 70 30 1 29 -116 66 -75 60 -4 -2 33 -63 -102 -113 21 -61 118 78 -24 -35 39 -14 48 106 -3 -62 -32 -90 87 -50 84 59 -101 124 -76 66 -72 64 94 7 11 33 -97 79 -62 -121 23 78 -69 102 96 47 86 -22 -76 -126 -112 -97 97 9 -51 -24 6 121 -34 -86 -59 9 -39 -87 9 -37 17 -58 -36 -119 -116 -19 -72 67 35 -100 54 84 19 -5 -45 61 -26 -47 -87 102 -83 -23 94 -37 -4 6 5 89 -92 94 23 -92 -99 107 -106 -44 -2 -15 -29 -100 -20 108 40 -51 119 -38 -69 -97 -30 111 3 49 120 56 38 -40 -74 90 25 61 -77 65 -118 -94 -126 -34 -60 -81 -108 119 23 -8 67 89 -68 43 111 103 31 -102 -125 -7 9 -89 -127 53 -121 -109 -74 43 93 -104 22 -85 -20 -10 61 7 -122 28 39 -2 -120 111 -31 15 -109 32 120 75 -69 57 65 109 -121 46 -70 -68 58 -127 104 -104 44 96 -49 -68 77 78 4 68 -56 42 90 -48 -107 -20 14 -17 57 -114 96 -86 -97 -61 122 102 -47 47 38 90 13 -69 -60 127 77 56 45 -122 -57 53 -77 -113 88 -57 -13 -127 63 32 113 64 -113 100 11 -3 -100 5 106 -105 71 14 127 66 -25 -26 -100 65 -58 -91 -68 -102 38 -35 78 -70 48 -63 48 61 53 -84 91 71 -33 42 -22 -55 -80 126 -99 -118 -16 -3 106 -116 9 -31 -109 2 118 -71 106 -108 -123 -98 -57 33 -19 20 -27 1 39 5 -37 -61 127 -35 4 97 18 -123 5 122 -37 60 -5 -50 -56 34 127 -72 35 -117 -91 -36
e 28 -7 3 -20 7 -8 -20 -3 -2 3 -21 -8 49 -26 -5 26 28 -21 -28 28 -1 20 28 5 -20 9 -5 9 -7 -23 7 2 -43 2 28 17 -14 8 4 47 8 21 30 -8 -32 -20 25 2 7 -6 14 -42 11 5 -60 -7 -35 3 1 -17 21 -1 37 -26 37 -4 -76 -4 15 -7 15 -7 20 -41 -21 -9 -35 4 7 35 2 2 7 -3 -28 -18 -44 28 -44 -41 30 27 13 -8 12 -13 7 -12 -6 6 12 1 11 55 -3 -8 3 -23 -4 31 33 -37 2 -33 54 22 8 -15 -8 6 7 6 -21 17 31 -26 -42 -40 10 -2 5 -10 3 3 17 49 17 31 -41 31 -56 -4 -56 13 12 35 -34 6 -62 -10 1 -62 20 3 -20 5 -23 5 -14 13 14 -7 2 -5 21 29 -3 -71 -50 3 8 21 8 2 -26 -2 -15 53 -8 -5 3 11 5 -37 1 -5 52 1 5 56 5 2 -13 -2 27 -10 23 -11 -62 14 -5 -20 18 -5 42 -4 -10 -14 10 32 -7 -32 -2 10 -8 21 -30 1 4 28 5 -10 -7 2 32 20 23 2 -4 -11 -14 21 -5 5 20 -2 -4 -3 28 10 -21 -28 32 -26 -20 -2 -28 -9 -14 9 -7 -5 20 20 6 -3 -9 11 -21 59 26 -26 2 30 -28 28 8 -7 28 -7 28 -30 -15 24 -8 19 7 7 17 30 -6 -1 28 -11 37 45 8 -4 -30 -1 -44 -8 37 47 -7 4 -4 -6 15 35 -11 7 2 -8 17 -3 -1 -35 -3 -42 -2 23 4 3 -13 -18 -44 -12 7 -41 -6 -17 -4 -1 35 12 -21 -2 6 -26 3 -1 -33 -44 3 2 -41 -23 -8 4 -13 6 -42 2 63 6 8 13 1 -6 28 -40 21 -3 -23 -26 17 -13 -33 31 2 3 14 8 -17 -7 6 -31 -10 21 56 -63 26 -13 20 -33 10 -5 -3 62 8 17 -21 -5 -31 5 -21 -56 18 -4 13 -7 -30 -10 10 8 62 -3 -23 -20 8 11 -5 2 5 -14 8 -63 7 42 -5 10 21 2 3 -1 2 8 17 -14 -2 -2 6 8 23 -4 5 11 10 -21 5 61
s 000101110010000000101010001100111110100000000111011110000100110000111011
m -20 -12 -34 -91 -35 63 109 94 116 2 1 54 67 65 -84 -26 -32 -17 37 121 -80 -78 91 96 47 80 -23 28 107 44 101 -23 -89 44 -63 81 -10 -71 8 -86 -13 -126 -83 82 89 54 65 89 79 49 63 -115 -23 0 -107 42 82 119 -96 97 88 38 -103 73 41 -81 -102 -29 81 11 -113 -61 41 -92 -81 3 -85 -66 112 -81 60 -63 56 -59 9 9 -71 63 -108 -34 -115 -51 -9 76 -17 55 27 -119 -54 40 34 34 -57 -4 -68 -56 91 -68 102 83 26 -96 64 51 -102 -72 -22 8 -49 -125 114 11 -76 43 116 -42 -24 51 -25 -74 30 -76 -43 82 -72 102 -78 65 -81 105 -8 -116 -13 -82 -118 -28 -82 102 -54 -64 49 103 80 71 102 47 -116 -123 -43 78 50 -89 -43 -60 -80 84 -84 -14 -11 121 106 -23 100 -37 -51 -3 -52 -8 22 55 14 -10 -116 11 38 8 81 119 77 127 -58 -74 58 88 47 -107 -72 -13 46 -125 21 6 117 84 51 91 82 -75 2 63 -92 97 -38 -40 62 -18 4 14 90 -75 53 121 44 -39 -11 31 88 48 62 73 48 -101 -105 80 61 52 -14 25 55 114 110 61 27 -124 -107 5 -99 -78 -101 -21 71 -114 -23 14 66 -109 11 104 75 41 -30 -7 -117 -70 33 53 -7 -7 -123 19 71 109 -18 -27 17 -5 34 110 -125 77 2 91 26 18 53 -36 -123 40 61 127 -113 82 75 111 -18 1 21 79 95 -44 -62 29 18 60 -95 -32 29 -91 -83 80 105 -123 -89 -87 112 11 -22 74 -106 122 59 92 75 61 -52 -13 93 -92 -113 -43 15 -12 49 57 88 -15 51 -3 104 74 122 18 -33 -19 -116 -78 117 -16 21 -87 79 -41 -113 -75 -127 -16 103 56 21 -8 -104 13 29 -123 66 -21 86 125 40 45 71 -20 11 -53 -15 71 75 52 57 -83 87 74 67 -21 -46 99 -107 74 -30 109 120 121 -110 108 -115 -11 -2 64 114 -116 -19 78 11 -110 63 -10 -75 -58 16 80 -61 -93 -98 -75 0 46 65 -117 -106 -16 37 74 91 -25 -54 -103 22 43 35 -111 94 12
e 28 7 0 21 7 -17 -21 -2 3 -22 -59 20 -1 4 19 -4 18 -13 8 32 13 13 32 47 -13 -3 -35 -3 30 42 30 39 9 -21 -8 7 -16 12 -13 -54 27 -2 -54 -7 10 -7 -16 -5 -16 -2 -14 2 -9 19 21 5 38 -2 -26 38 -1 26 -36 4 47 1 18 1 7 -7 -7 -5 -13 30 19 -10 -21 19 30 -21 16 21 16 8 23 -14 20 32 20 45 -54 3 49 -7 -12 -8 -16 -12 -30 -2 48 -4 -9 11 -36 12 36 3 26 10 -7 -36 14 -7 1 -14 43 10 20 10 5 -10 21 72 -21 -10 -39 14 -66 -16 -12 -22 8 -12 -10 -20 -10 7 30 7 -12 19 -7 -14 -12 14 35 30 -2 35 -4 2 -6 36 -6 10 3 -10 9 -8 -9 14 -14 19 -13 -20 0 -15 10 0 -17 40 -17 -3 -10 -10 -20 19 22 -19 -12 12 -7 58 -13 56 7 -13 47 7 -47 -21 14 21 39 -22 -39 9 2 14 0 -14 -7 0 10 -7 2 9 31 10 14 10 5 35 -5 14 7 -34 -7 18 51 2 -7 -21 -11 -21 39 -5 -2 -9 -14 1 -7 0 -21 -21 7 -2 8 2 -1 32 10 -4 13 -34 18 3 14 7 30 0 28 -36 -2 2 -3 9 -1 30 12 -4 21 -54 -18 8 15 10 -32 -16 -13 54 -7 3 -7 -26 36 -16 -38 -21 -35 26 8 9 36 -54 12 -1 62 26 20 -7 36 -30 17 -26 -58 -2 7 -21 -9 5 49 -12 -38 8 34 -21 -36 36 16 3 1 8 -8 7 50 12 -5 -30 30 38 -19 -4 -21 -15 -21 -16 -30 -10 -8 4 -7 -20 36 -17 -30 45 -20 -19 -8 -10 -12 -14 -7 -30 -20 -45 -4 10 22 -60 21 12 3 -10 10 -8 -7 -41 -14 -13 -9 20 10 14 -10 7 -35 -21 7 -2 14 -14 6 -7 22 10 -12 -2 20 10 -6 20 -7 10 -13 7 9 0 14 -14 17 22 35 -3 -18 0 39 6 56 -9 42 -3 7 26 -20 13 -19 -19 -47 35 -13 -21 30 -13 -5 17 -47 16 3 21 0 -20 -39 7 -19 -9 2 -13 7 10
s 000110101001001011111011010001101011000111101001000000011111010111000101
m 109 -123 -102 -10 -37 -79 67 16 85 27 -6 64 34 -5 -39 -91 -112 20 -29 -11 -31 31 41 -8 121 -85 65 -91 121 48 48 -87 -8 -85 -13 40 -63 79 75 120 -23 -43 -112 86 99 83 -83 -127 57 90 -99 -123 -117 -62 -62 -118 -54 -97 21 126 -98 44 -76 -127 43 66 -28 -107 -96 -89 -37 -122 -122 -119 -78 -28 2 9 28 126 -71 81 18 10 61 19 43 49 100 29 -127 -9 -64 -126 -88 -9 52 127 26 -79 -13 99 69 -72 44 -64 -99 -8 -124 -97 37 69 -35 -103 -57 -113 -56 112 7 -17 -64 85 -127 -99 53 -95 -50 -9 -3 -47 18 -78 27 126 83 -87 -92 99 124 68 -117 73 35 -28 69 69 95 80 123 -10 -1 121 -61 103 109 -108 -115 18 -73 -2 104 102 -10 16 -49 -109 -111 -71 79 -78 57 -113 57 -75 -111 30 35 -38 49 63 -14 -82 -13 18 11 -26 59 -27 89 -63 3 110 59 -101 -111 20 100 -13 -90 93 -80 55 -82 -44 12 -28 -120 87 2 34 -2 -107 23 12 33 -40 3 43 38 -114 -3 127 -74 26 -9 4 85 1 28 -43 -31 -53 106 61 100 122 23 82 34 -88 36 -112 -25 -92 14 -115 81 59 -18 -89 88 46 -24 -127 -9 -79 63 -115 104 -67 -55 73 -64 -27 40 -68 -101 108 -101 -29 -114 108 -34 -17 -97 -34 -27 38 95 -33 -66 -51 -123 56 -40 -98 -50 23 75 -30 22 -68 -15 101 88 -96 101 -85 63 -9 93 -87 -37 48 48 -68 45 -83 124 63 -41 20 125 -90 127 10 -11 -56 28 49 -56 97 76 -125 44 33 -61 -71 -38 -17 -63 75 -92 -82 -18 -120 -32 -120 123 -90 63 -16 -100 124 26 -105 -30 89 67 -56 -33 -72 27 -14 -76 94 65 56 3 15 120 -85 -115 -62 14 -105 -84 -121 -39 67 -106 -21 -43 -91 -126 -123 101 54 119 87 -45 -8 59 34 -97 -22 -48 -33 46 -71 37 127 59 14 123 -104 -39 91 44 -29 -93 -114 80 -82 -64 -31 -127 109 101 28 102 52 23 -108 6 47 58 119 -43 127 15 112 -24 65 -42 -44 85 111 -122 54 -44 -44
e 25 33 -6 4 65 50 -4 24 14 14 30 -31 -6 3 -14 3 -25 21 -12 36 -10 13 -10 -3 13 -15 23 -15 -24 -37 -24 -29 -12 -29 -26 -12 -49 -21 -21 -24 42 -2 24 60 8 60 26 1 -26 -8 -16 8 -49 21 4 -25 42 -14 27 -42 6 19 -14 3 14 21 -35 -21 9 33 9 -25 -13 -26 8 -15 -8 -64 -24 -2 -16 29 33 -17 12 -9 -10 -10 -10 28 24 -7 -2 -60 -29 -2 -26 29 12 8 -23 1 49 -1 -16 21 16 -8 -19 -15 -3 14 -9 3 -21 -9 -7 -9 27 -14 -25 14 -24 42 24 -15 2 25 -13 -16 13 -3 -9 13 7 10 -7 -14 26 -14 -23 -8 23 8 29 2 9 12 -19 -11 -59 -19 26 -16 -26 -11 -7 11 28 -8 -28 2 -31 25 -18 -7 -6 -18 14 -6 -50 -24 -50 -14 -15 14 -40 3 -31 14 -13 -7 23 7 24 12 -14 -10 3 -23 3 23 -8 -23 37 3 -37 -7 19 16 21 -26 21 21 16 21 -2 -28 38 8 -61 -8 -1 9 -1 -16 -5 10 -21 -25 -3 2 33 57 -22 -9 -37 -21 14 -7 -16 6 -12 -21 -4 29 -25 14 12 -2 -6 10 -8 3 28 1 25 15 -28 33 -24 -21 4 -13 58 -14 15 -49 -6 24 21 -3 -29 66 25 -12 -60 -33 10 34 -13 -24 9 -25 -60 -25 25 -26 -42 -56 8 -19 -12 56 -14 10 21 50 -24 -19 -10 -73 -35 26 -26 -21 -8 8 -9 2 49 -25 -16 -21 -48 9 19 2 -16 14 -16 7 21 9 2 -30 20 -29 30 26 -12 -42 -8 -1 -2 49 -24 -16 -12 -38 9 1 3 10 39 -9 -26 -7 7 8 2 -15 -29 9 29 -12 -7 -8 1 -14 -3 16 47 -13 -7 15 7 2 -33 -52 9 -13 28 -7 7 -2 -14 14 -9 24 -23 35 -15 8 26 3 3 11 13 -19 31 -13 -26 14 14 -11 -18 -23 -28 -6 -8 2 -50 3 9 -14 19 6 -37 49 50 -7 11 -14 12 41 31 10 2 14 3 9 18 -23 63 10 -1 -50 -3 16 27 23 39 -31 39 21 14 7 -2 18 12 -8
s 000000011101111010011101101110111111101000110011111000000111001000111111
m 100 53 -8 -125 41 -13 66 53 84 -41 -8 -97 101 -77 -71 -72 -119 -19 9 48 -55 -108 40 -99 -100 5 49 -49 2 -78 118 62 -111 -107 -78 46 89 -72 97 -7 108 -96 -47 -77 -64 8 -29 -71 -12 37 40 -49 34 29 84 -64 -39 63 68 106 115 -7 -123 66 -28 83 -33 25 16 -57 -114 98 -38 121 -10 -44 -84 73 51 -107 10 -114 30 -17 -10 101 42 1 -17 122 -63 105 30 33 109 -53 -53 78 124 -62 -56 4 4 101 -70 -31 -123 100 54 68 10 -56 31 -88 -65 -13 38 55 -1 -68 -43 87 -31 -3 108 123 59 -61 103 49 27 -63 7 89 68 -57 32 76 94 76 -126 -39 9 -14 111 50 59 45 73 -4 -7 -99 -64 24 85 -122 -13 1 -12 -54 -47 51 -46 -121 -71 -19 79 38 60 -125 1 -78 -75 -109 26 -61 -111 -40 -1 -35 92 -87 15 125 49 -105 63 111 43 -14 88 -45 87 82 -94 75 79 3 44 84 6 52 -65 -76 116 -6 -65 53 -99 50 47 -72 -83 -96 -12 31 -41 -40 -98 19 -102 -21 2 67 0 102 40 -51 -20 -36 -126 109 53 91 109 -97 -58 96 -75 -55 -76 82 86 -96 53 -7 73 -66 3 -88 93 39 -13 21 83 -30 -30 79 98 72 94 32 9 66 42 119 -11 -6 123 -109 98 -51 19 -98 -18 2 -90 -41 66 -6 2 -10 -74 41 -120 26 -56 -113 -65 30 42 -59 52 104 -95 -49 107 -101 16 -44 37 27 120 -114 22 2 -92 -48 -66 9 101 74 91 8 95 70 115 37 -85 -30 -54 -16 -18 40 124 16 -6 62 13 83 54 -39 -109 108 -51 61 92 90 59 85 87 -59 54 11 119 122 -59 -16 43 -103 -125 89 -106 -76 -75 32 -109 -86 -12 79 -122 81 -25 54 33 -69 124 -41 21 -69 107 -43 73 66 119 125 -94 -7 42 104 -107 84 -89 48 -3 -97 44 -81 83 41 63 -36 10 87 121 14 49 -52 -2 4 -39 -119 96 89 91 -104 34 77 127 -23 -119 40 26 5 105 -117 -1 75 98 113 21 -40 120 -70 -31 -25 84 -23 -20 -60 23 -103
e 17 -2 36 -12 -2 1 12 -18 13 18 -67 -1 7 -28 21 -28 -17 -23 9 -1 35 19 -1 38 19 27 -5 -5 45 -2 2 -6 3 6 -8 -14 -4 -28 6 -42 28 18 -7 7 0 -10 11 1 26 -2 3 2 -4 6 12 2 -3 -18 -7 3 7 9 8 28 8 22 -17 43 14 2 -14 -2 19 27 16 -5 39 -9 2 39 27 6 9 -2 -8 2 -15 -23 37 27 -7 -12 47 -7 -14 -27 11 -14 -12 2 12 -7 -30 -4 21 -49 21 -12 -7 23 11 8 10 -9 -22 -10 -1 14 17 -52 2 52 6 -14 -6 23 -39 -13 56 9 37 -66 2 24 28 15 29 3 27 3 8 9 -13 -14 -14 32 4 -12 -38 -19 4 38 4 -45 -4 -1 65 7 -22 -27 -11 32 -10 21 -17 1 -7 17 52 7 -9 6 1 -13 28 -13 -1 -9 -30 21 24 3 -21 28 -35 14 3 -35 -77 8 -38 5 13 -5 -2 56 2 -21 -38 3 26 -4 -6 -6 1 -22 18 11 18 0 32 0 1 -4 1 3 -28 43 -6 29 38 18 -6 -5 44 12 2 1 27 3 -3 7 -14 6 12 6 -6 -18 -8 18 -7 -1 0 -28 -19 1 17 -5 28 2 2 6 -58 -34 -2 18 -5 -4 7 2 28 36 -6 7 17 8 7 2 -1 11 -19 -7 14 -5 7 -24 -2 11 3 8 -33 7 -8 -4 8 -1 -28 -22 -7 -7 -15 7 -8 27 11 -22 -9 2 14 42 -4 -2 9 -28 3 7 7 39 21 -25 9 -12 22 2 27 14 -15 -14 2 -81 12 -3 9 -4 -39 -33 28 9 -40 23 2 4 -9 -15 21 10 27 -12 -1 -9 27 -53 -14 12 -8 -12 1 -13 -4 -52 -56 -21 6 -24 12 23 -28 -27 -9 3 -10 24 -11 -1 28 -32 52 -3 4 6 -8 39 23 13 -4 9 -56 -1 24 -38 -1 28 4 -21 -36 -1 17 8 11 -7 13 -42 -1 56 4 19 -38 7 -28 -46 1 3 1 13 -14 -11 1 -35 32 31 38 4 17 -35 -7 35 7 -1 -38 3 13 5 6 -1 -2 -6 -21 3 19 -17 -14 0
s 000000111100111011011111110001000011000001010101111000101000000111110011
m 74 26 35 -98 107 -119 -23 67 92 -36 -4 16 -12 -33 42 0 -95 75 -62 108 84 -100 -13 -97 75 119 -31 71 120 -45 -24 -121 41 -49 97 47 -9 -40 -8 14 -77 -13 102 45 -72 -51 -86 2 -55 -80 -100 -17 -23 95 117 82 -84 110 88 96 68 -3 98 72 33 104 97 108 -1 127 -1 -21 15 6 7 -125 113 118 -114 -51 108 99 52 -17 -111 127 -54 99 -55 98 39 7 24 76 83 -60 62 -48 34 -54 14 113 118 -81 4 -57 -19 100 72 -37 73 -85 -40 48 -119 -26 66 87 76 108 94 87 -11 -62 9 32 28 52 2 102 -83 -110 80 5 -51 -121 -66 46 64 -4 104 14 104 -34 -84 -114 -6 14 -58 -36 0 50 30 22 -122 25 -100 73 61 79 -7 58 85 -119 -74 -11 26 -110 38 -35 -69 -69 -80 73 -112 -64 -47 -43 78 100 -9 -125 -116 30 60 -47 -59 86 115 31 -41 92 -70 48 107 -8 64 37 26 31 -59 -75 107 10 40 11 79 110 69 -88 -17 77 -74 -64 24 -67 5 -43 -16 -75 -54 120 97 27 -88 -37 -34 -69 97 96 -80 31 -100 -110 -60 -62 27 -28 30 92 -102 110 -57 63 58 -37 -49 -31 -107 33 -71 -8 13 -104 -113 53 -70 -43 -70 26 -15 -7 2 -54 12 57 -109 78 -106 -33 34 24 75 -62 -29 61 79 80 -15 87 53 18 7 -62 85 51 -32 43 11 10 16 -118 -78 78 25 6 15 2 -65 -51 -49 16 5 -114 88 -28 83 -12 25 50 31 109 67 49 62 -40 9 23 -60 -105 -59 -120 18 26 99 2 28 -122 -75 -25 109 116 19 74 61 24 -120 -10 -14 64 -56 -106 -22 62 -40 -125 123 88 -96 -28 89 -65 -54 72 -101 -79 57 107 79 -45 -38 6 -17 38 49 -51 -103 -94 104 -20 -28 -118 28 63 -29 117 -82 -97 68 -54 -75 -76 -38 93 -11 4 -83 -15 -99 21 -24 68 55 71 -18 109 105 -56 89 -37 -3 -19 -123 98 63 -31 -95 -89 20 -44 126 70 50 -20 -125 14 -9 -90 114 38 -29 -6 35 62 -94 53 32 -35 -23 -86 -22 57
e -11 29 19 -12 23 3 -12 25 -26 -25 -11 -42 -4 0 28 5 11 44 -7 12 13 14 -45 36 -14 -28 6 -28 21 -30 -23 -2 17 -2 7 -20 -21 14 10 10 14 21 10 -26 -50 26 -22 8 -22 -2 28 -2 -8 7 12 -14 14 25 -3 -14 4 9 -29 0 -44 6 -11 6 1 23 1 14 -30 56 -13 28 11 -7 -21 -11 5 2 5 -25 -7 15 8 12 8 6 10 9 -49 -26 -2 21 22 2 -13 -2 -13 0 8 0 17 14 -4 7 -3 -22 17 29 21 17 -6 21 10 -1 10 -25 -14 -25 -8 14 10 22 11 -21 7 5 -5 -2 15 6 -27 8 -27 -4 6 10 14 -7 14 21 2 15 -16 -13 -23 -6 23 23 26 4 -26 -4 -7 -4 7 -21 -15 -15 -21 -28 -44 -13 19 -44 -25 -19 3 -8 3 -26 -22 26 14 -17 -14 28 -5 -17 20 43 13 20 4 13 -36 14 48 -6 21 -6 30 -2 30 17 44 -34 -7 -26 -7 7 -4 -7 -12 7 -12 -50 18 50 -2 -6 2 28 0 -13 7 11 36 -12 23 -6 -50 -12 -40 -2 25 17 28 4 20 -7 -12 -2 -7 -32 7 -12 -4 12 -50 0 -14 -2 11 55 28 23 -21 -9 21 14 -2 25 28 -8 -4 21 28 0 43 -10 -43 7 26 23 -12 -22 -14 10 -1 28 40 -14 21 22 55 2 2 -3 27 -8 -29 12 14 6 13 -3 -8 26 29 6 29 38 -7 15 1 -11 -8 -19 28 14 -14 -15 -3 -25 4 -29 5 7 6 15 -21 1 -14 -2 14 -6 13 14 -7 0 11 -20 8 -5 13 -25 15 0 38 -8 4 -23 -6 -7 -10 -7 21 25 2 -21 -14 13 10 -21 0 34 2 -4 -8 5 -7 -22 27 -21 17 4 21 5 -7 10 27 15 25 4 6 -8 -14 -23 22 -21 -27 17 -2 4 5 -23 14 -27 -26 28 4 -22 -44 -25 -7 23 30 -15 -3 2 -6 -26 23 -19 30 -26 49 -31 4 -26 -20 -7 14 -13 -15 -28 -36 6 65 6 -19 38 -2 3 -36 -28 56 18 7 -14 -30 -7 37 -17 12 -44 42 50
s 101110111110110011001011011111110010000010110010010101000100010000011100
m 65 101 -52 114 41 86 -97 119 3 -91 60 126 89 -60 -6 120 97 -80 -7 92 2 -54 -15 -58 -27 50 -98 -73 -26 44 -56 -28 -124 39 -72 97 57 -6 27 45 94 -104 -25 120 80 -83 84 107 42 92 -28 -108 -12 64 24 -124 -5 -123 -7 -111 56 29 72 45 60 -75 -75 87 -119 -41 39 -8 119 72 -104 -73 -108 114 112 -118 -43 53 117 21 -94 94 -22 5 -76 43 60 -125 -15 120 9 -31 48 105 109 -89 67 -40 85 -91 22 63 -85 -126 73 78 -111 11 115 51 117 2 115 67 68 -77 -92 27 75 -43 -61 -71 -126 4 79 -45 42 -37 -97 -26 36 -82 2 -30 -113 78 -48 -14 11 -76 6 -14 -32 51 92 35 116 -19 7 -57 48 -59 -27 54 114 17 18 -1 -25 -43 -43 55 -69 -17 15 -120 -125 125 81 -27 -83 -110 100 -120 72 -84 107 -118 103 -88 -70 -99 69 31 121 30 -36 -114 -96 -59 118 -1 5 94 29 -64 74 -82 1 -115 -98 2 -12 14 -84 -90 87 34 -51 90 -107 -18 -74 56 -116 29 -63 94 58 6 12 38 -82 34 32 56 9 -65 -35 -34 -87 -90 100 78 -12 68 97 30 62 88 -26 -78 -73 -102 126 -75 -126 75 7 73 -89 92 -90 -3 42 57 49 -98 55 -16 8 76 44 125 -15 54 -70 -3 -73 -24 73 -110 52 -52 99 -42 -93 47 -79 -8 119 97 -61 -107 13 -8 56 120 41 96 -78 -103 6 -8 81 2 4 53 -9 -1 -44 -114 -62 113 74 27 -24 92 79 -118 54 -4 63 -77 97 62 8 56 -47 -21 104 26 -121 -83 -83 -12 127 85 -17 -15 -56 50 106 63 -113 17 -9 90 -51 -11 36 95 -34 -11 103 2 -7 -115 82 107 -75 114 -24 -5 69 23 15 38 60 -25 -60 -23 7 117 -117 31 -103 -96 -97 75 -89 -37 62 -43 72 -86 89 -43 48 95 -3 -87 -82 -97 26 88 67 -65 -57 64 -10 95 -36 -78 18 35 8 102 26 93 -14 37 -18 -102 114 -26 -68 -41 -70 55 -17 108 83 -31 -69 18 91 62 86 7 37 65 -54 -12 -126 -38 -100 -41
e -7 36 15 -7 36 -7 7 28 24 -28 37 7 37 -40 23 40 -7 -15 -11 5 28 23 -5 -32 23 21 6 -21 -46 -5 -23 -35 11 25 -7 13 3 -1 -1 3 1 11 -3 39 -11 -39 37 30 42 -7 8 7 -3 30 -7 7 38 -28 7 5 37 -7 10 53 10 -70 7 66 4 -36 -4 47 -23 38 -6 -21 2 6 23 2 -8 25 8 83 -7 19 14 14 14 55 3 24 -5 39 -6 -5 37 -6 7 7 7 19 3 19 49 1 -20 24 -7 -11 -15 24 2 15 66 10 -22 -4 -22 2 7 -2 28 5 -28 11 2 10 -1 -8 23 1 -19 -34 -2 14 -21 -3 -38 3 10 -6 -27 -4 -8 -1 9 7 17 -9 -19 -26 -31 -20 -7 -23 56 23 -13 5 -13 -13 -2 6 -15 -22 15 -34 -2 15 7 28 -7 -3 11 -3 7 -15 7 6 23 11 13 2 -2 -13 3 2 32 -10 -51 6 -4 6 -5 7 -16 -11 17 8 30 7 -2 -30 -23 -1 60 -16 11 11 1 -11 -30 -9 -30 8 -40 2 1 -7 -32 -11 36 -49 -30 -7 5 45 69 -11 -16 -37 -13 -56 7 -25 -1 28 -7 -11 37 5 -11 40 24 -30 7 -21 -8 -36 -23 30 -21 -23 7 28 -21 -4 49 23 1 -40 25 -3 -26 7 64 36 -5 37 23 -12 4 -44 39 7 23 -37 -5 -25 7 -7 -7 -3 10 5 -1 -66 3 7 -14 39 10 38 -37 -66 13 78 -4 -91 3 -7 -21 -6 5 -19 7 -2 20 10 -8 -24 66 -19 5 35 -14 6 -7 38 45 -5 -6 35 -2 -6 -28 -8 -7 63 19 -19 -33 20 -20 2 38 -24 22 6 -5 -2 6 -2 -10 7 22 -4 -19 -7 1 -20 28 23 24 -11 2 -8 15 3 2 23 -13 30 2 -1 -2 3 9 54 10 -17 11 4 7 -15 -1 -23 23 -17 7 2 -7 -6 -21 -23 -15 10 -13 -15 4 -1 7 -1 28 3 -17 15 -5 -7 -28 -11 38 3 -31 -13 -7 -2 1 6 -32 9 -15 -6 46 2 30 7 -32 -8 3 -6 30 16 -5 -1 6 49 11 -15 -13 11
s 001010010010110111100111001001101001111001010011000000000101110001001100
m -77 57 -44 82 74 78 82 -95 -88 97 16 -87 -127 -15 -54 78 21 -58 -37 -45 -52 22 -3 -1 27 -59 33 -117 32 -117 -5 23 119 -110 37 104 77 66 -59 -106 -48 50 -18 84 -33 83 -41 117 -10 121 -37 97 25 100 -93 104 -120 -1 1 -40 -14 126 114 -49 44 118 60 -10 -83 28 45 49 106 90 -82 118 -58 65 -90 85 -85 115 61 21 -47 -86 18 -54 -56 90 109 54 -69 96 97 -85 80 -83 -1 59 4 -119 -87 33 -1 56 -52 -55 -12 61 -93 -91 -88 81 113 88 -86 83 -47 110 -45 -90 117 33 -36 85 57 36 104 126 -83 -87 -57 81 75 60 -55 -82 -58 -112 -102 -75 8 -16 78 -39 -104 91 -115 -106 9 -16 78 65 125 64 70 -23 100 74 122 30 20 -11 42 113 -33 88 -14 -117 18 -9 -118 -13 -45 -95 -115 23 -51 105 10 -86 124 -45 50 30 -38 -102 -105 42 76 -44 -53 -20 39 53 -75 -113 115 -62 -41 -81 -102 24 -78 -28 68 42 52 29 -1 13 -32 -95 -97 -120 -66 -67 -42 -119 -36 -19 23 -39 39 -87 43 67 -27 -12 -74 -105 -73 -23 43 -118 3 -73 -2 17 -124 75 -43 -1 -23 124 94 55 -16 62 33 35 -72 66 68 58 6 39 4 112 -52 -97 18 82 -96 -127 -102 -42 36 -61 -77 93 77 45 -2 17 59 78 -126 -105 -15 -87 -107 -17 -35 -85 -81 21 93 -112 -27 73 125 18 -120 -46 119 86 65 45 90 -5 -126 -93 -74 44 118 -117 3 112 40 -1 20 107 -28 19 -11 -16 40 97 -127 4 87 -75 100 -67 -91 67 82 125 32 -8 41 -38 112 45 54 -48 -107 51 79 66 59 -69 23 95 -75 -67 101 100 76 -10 -73 -49 -106 -77 74 10 33 80 85 101 -41 120 71 8 -53 -15 38 3 68 -103 74 -15 39 -127 85 -104 88 -30 22 64 -93 94 -66 -62 19 -110 -78 78 -57 -41 -127 18 115 17 49 -6 -14 -46 -55 100 100 82 -67 -1 104 104 103 13 -120 -73 112 -114 28 107 -42 -32 61 -55 -92 -38 14 113 10 -83 49 -66 -50 -65 25 6
e -19 -21 -6 -38 -21 16 -38 -1 -12 1 -4 -20 4 1 -10 -1 53 17 -2 -3 -44 21 -32 32 20 6 -18 6 5 9 -28 -16 11 16 2 -22 -15 -42 3 16 46 15 72 -2 6 -2 -9 28 -36 14 -14 14 -15 13 38 -5 4 -24 11 4 4 1 31 1 31 9 19 -18 -17 -21 17 -5 20 -16 45 -6 -40 -45 -5 40 -35 -16 35 -28 -2 19 10 -3 -10 -16 -16 1 -9 -2 14 -9 9 -14 -4 14 1 -7 15 7 3 -42 1 -1 -1 40 21 -31 18 -21 9 -18 42 17 66 13 5 -13 3 -4 -3 40 40 14 16 35 -9 -16 19 9 -40 10 40 14 16 14 -7 45 21 -14 14 1 -34 1 -14 -34 7 -27 -35 -1 -35 21 1 -55 -1 9 -1 -1 -40 -12 -17 -42 -6 -17 -47 -6 28 -3 -16 -15 -54 -12 -20 -29 -20 10 43 -11 -22 49 46 -22 14 -44 1 7 -1 18 -14 29 -9 16 9 -11 14 -14 -13 35 3 13 -21 3 15 -1 15 -6 7 -6 -37 -34 -28 -14 1 -44 3 -19 1 -15 -25 18 -6 38 -9 28 -1 -58 -14 4 22 -13 -63 16 -25 -1 -33 17 4 3 6 14 -20 28 19 -6 -33 -21 5 13 38 20 14 1 -40 -15 -13 5 42 1 -21 -16 -19 -2 2 21 3 -9 -20 -16 17 -6 64 -5 5 9 4 16 -52 -1 -2 22 -39 -3 42 9 -16 -1 -10 -2 31 -48 -9 -9 -45 14 17 50 -15 15 -35 42 4 -19 1 -40 -1 31 54 -42 9 -19 -9 40 -16 -52 -5 -16 -1 -29 -45 -7 40 -14 -3 35 1 40 -19 -8 -21 -10 -1 -18 -16 -1 42 -57 9 13 14 18 7 1 42 -14 7 13 16 1 -3 -9 -1 -40 -40 25 -21 -14 -18 9 1 -42 -40 -1 -13 34 64 8 7 -14 40 -14 -41 21 16 -21 9 -14 45 -40 35 10 14 -21 -37 -7 1 6 -14 1 -16 47 34 12 14 -25 9 35 -16 11 21 12 22 36 20 44 -1 10 1 -34 -17 18 6 44 -28 -16 -1 -14 -12 18 21 20 -13 3 10 -11 -15 17 -27 -12
s 110111111111110001011101101010000010101010010101011011001110100101101011
m 9 -114 -6 54 -7 32 12 -103 -114 -59 -35 -84 90 -124 37 30 86 -71 100 -44 87 55 40 -91 -17 -75 -69 -74 -58 101 95 12 19 18 -90 -73 102 -4 -51 55 15 25 37 77 123 -100 12 -44 -67 64 99 107 -87 -98 22 42 -120 -111 18 108 34 105 -17 70 34 -113 -96 73 -127 -49 106 26 26 -29 -75 -25 -79 7 124 52 -53 -124 -42 -122 -119 -78 104 0 34 81 -83 -5 -72 -72 125 64 -116 -80 36 119 -20 -101 -74 84 -63 -34 -10 45 -109 -120 15 -105 -95 -22 -22 21 -22 -100 -106 107 87 -80 -50 -63 -32 -85 31 -115 -34 55 32 -23 -24 -15 -96 -28 -49 16 -89 14 -78 -47 27 117 85 -109 62 38 -39 -28 102 61 -34 6 -96 -124 -29 -115 -4 -27 68 52 -20 -8 -4 -46 -38 53 22 -125 43 -24 32 -99 52 117 10 116 90 -3 61 24 -11 -19 -114 -97 -83 -89 102 -14 -53 -62 86 126 100 84 66 56 -9 0 43 15 50 79 48 -28 113 -123 -116 -124 22 31 103 -114 -33 -31 -30 -120 -32 -7 -82 6 95 -113 -68 -93 0 -75 -64 20 2 110 -106 16 -115 16 -113 46 22 -17 -34 -13 109 -117 -111 84 -122 -115 18 -111 -109 58 -92 -56 -75 -74 -28 98 3 47 70 -105 -80 18 14 81 -11 39 89 -23 92 123 97 -104 -65 -1 93 -114 -116 -18 117 89 -50 -74 -20 -37 -52 -127 -7 68 -19 -122 -6 -113 26 94 7 -117 -53 126 -90 -38 101 -119 -105 43 3 -93 10 -113 -87 -32 28 18 89 -4 112 -101 53 -18 -75 -98 74 -82 -118 -88 74 45 -82 29 55 -126 27 45 98 -32 -84 70 93 -45 18 78 117 -127 64 -76 127 28 -104 63 -3 118 38 -74 -35 -29 -18 -123 46 -5 70 38 87 -89 85 6 -85 3 -68 -72 47 -1 -89 -32 -101 21 85 -100 -113 58 49 37 -49 5 -75 84 -89 -54 31 -123 -36 -117 117 36 0 -30 -45 22 54 -55 -122 25 -28 123 -7 -28 42 -116 121 -14 -11 68 21 -55 -60 -27 -72 19 -60 -2 -107 -96 -93 24 -57 82 27 -120 30 127 -103 -71
e 7 7 20 11 35 -17 20 -41 27 -41 -3 -9 3 27 3 -27 7 4 20 0 24 15 0 10 -23 22 49 22 42 0 -42 14 -18 11 -20 7 65 14 25 -7 -4 6 -7 10 28 -10 21 -29 -11 66 0 56 -65 14 11 1 -56 -41 -3 56 3 -3 -6 -27 6 -20 -7 20 4 7 -4 1 15 -16 7 25 -28 -7 -42 28 37 -11 40 -16 -20 -16 17 12 17 16 7 26 16 -10 -70 -16 -11 75 18 56 -32 -72 -65 72 -6 4 -6 -5 3 26 -19 -6 18 14 -25 -18 -41 4 -20 -20 1 20 -21 -86 -21 26 46 25 -3 -37 -14 -3 -16 28 16 -17 16 -3 -16 -3 -13 7 13 -25 -70 6 0 18 -1 0 72 1 -14 9 -14 25 5 25 25 16 -4 -6 19 -3 19 -20 6 -4 -56 6 -17 -28 -17 27 -26 -27 21 -14 9 -5 -14 -17 7 16 -24 7 3 -24 -10 -24 10 49 -25 -49 0 3 0 -17 -1 -2 -14 30 -25 -14 -25 28 6 4 -6 -28 -6 60 29 0 -39 0 27 -24 25 -8 10 15 -7 49 -28 -11 48 -29 -41 -17 0 3 7 -38 -11 11 25 52 44 -6 -3 0 28 27 -15 29 -7 22 0 7 42 -14 -11 -15 -56 -41 22 65 30 -51 -4 27 -11 -7 7 20 -57 -7 0 -11 15 -7 -4 22 -10 -23 -42 -11 -56 -11 56 -3 -20 -65 -6 0 4 -20 16 -3 -25 -10 -15 -16 11 20 -7 -56 4 28 -65 -1 -37 4 -56 16 -16 -28 6 -6 37 5 20 21 -16 47 17 70 1 -26 -18 -56 -7 -74 -28 70 21 -37 -18 -26 16 -72 -14 17 6 18 -16 -5 20 7 -24 -20 -70 18 13 -18 20 -28 -72 -20 -21 6 21 14 5 26 17 16 -14 3 -18 -14 -4 -20 -16 -20 20 -5 0 -21 13 -8 26 25 -14 -14 3 25 14 1 9 -16 -14 3 3 -25 4 -13 -4 6 25 6 -17 3 25 87 -1 -6 0 -14 17 -17 42 -27 10 4 9 -24 -6 -3 47 0 -4 55 6 -77 -29 -28 10 0 27 49 14 9 0 -25 3 17 6 -4 7 -28
s 110000000010101000101011001100101111000000111011111010110010001011111000
m -81 -120 23 -19 122 -79 98 102 25 79 -33 -102 -115 91 -92 -51 -13 73 73 -90 13 -77 30 -112 37 123 -122 -21 96 -122 122 40 -10 10 -99 -45 -67 -85 4 79 105 -65 -102 -96 55 -47 113 -105 -42 -30 62 -22 33 95 -27 -50 83 12 7 -11 22 -61 -57 -59 121 -83 -24 -66 96 65 34 -24 48 -92 78 -111 -114 -74 47 -73 -106 93 77 -13 -59 66 68 67 -31 97 40 -100 -28 -27 20 54 -18 50 108 50 -98 -73 -31 -96 -91 117 52 97 -32 -101 86 57 -90 -93 -100 -6 -118 -28 -19 13 111 38 -120 73 109 107 50 -25 102 81 -90 17 -42 -73 -11 -113 14 60 -119 72 7 16 111 -21 49 103 60 49 63 -84 -24 67 94 58 50 -50 79 40 -40 66 -61 65 97 -77 77 80 99 -71 71 92 2 -23 54 -56 -18 -15 11 115 33 81 90 28 29 125 92 -115 -91 62 117 -25 -14 -66 -85 122 110 37 14 -122 -117 51 3 -76 -1 103 -77 -50 -18 30 -16 82 22 36 -61 98 -9 121 59 -18 -90 42 27 17 -84 -104 -84 120 -101 -16 107 -50 6 -125 -86 115 -115 -41 -55 -110 76 -93 72 71 12 -38 107 36 89 -53 -105 12 59 82 49 -41 119 59 -11 36 19 -17 -73 -2 43 -99 118 37 52 49 -15 114 6 109 -37 121 -113 -30 -11 83 15 117 46 -93 120 -87 -42 -87 -98 79 -19 123 -9 -62 35 30 44 -62 57 89 -107 -9 15 -45 -101 117 126 77 55 37 -48 73 -105 53 115 126 -60 89 7 41 117 0 10 -110 -121 -4 81 26 -114 124 115 28 66 42 27 -116 66 -22 20 -32 75 116 -26 -113 -13 63 98 58 -79 -64 -107 -13 58 3 10 -55 108 78 99 -122 90 6 -113 -53 -12 92 -3 18 66 61 -61 -86 -5 90 -79 -36 103 16 -40 -101 -92 119 -99 -19 -61 -106 41 -104 36 -91 1 -116 -92 -70 48 -10 -9 -100 51 126 -45 88 109 -109 -37 104 -77 46 -55 76 -2 -49 106 -125 -59 81 -24 104 101 63 107 90 113 -66 -83 -50 -51 77 30 4 25 45 61 16
e 12 -11 -21 -24 11 -2 17 11 -14 11 17 -10 17 2 27 -2 21 32 -33 14 -16 -6 -14 -13 6 10 58 -10 10 -13 10 -9 4 -35 33 26 14 64 -1 17 -64 14 -17 24 11 24 -16 -8 16 -20 -6 -27 -14 -3 -17 21 -10 52 28 14 -17 -7 -31 -2 31 55 12 55 -25 11 -25 27 6 0 14 -10 8 -14 10 8 68 -9 -71 37 33 -12 -7 -14 7 0 17 28 23 42 12 -23 37 12 -9 20 9 -4 14 -4 3 -64 -3 -28 -7 16 -14 31 -6 14 55 -20 17 30 66 12 -21 12 -9 -10 9 -16 -8 19 -9 -68 -47 -9 12 -47 -3 7 3 6 0 6 -5 50 -5 22 12 -2 8 -9 45 -8 -4 45 -44 -3 -54 -33 -28 33 1 -23 1 -2 6 27 32 -17 -21 -32 12 -21 42 -9 2 14 25 22 29 -14 10 -27 47 -4 -40 3 -12 26 -6 -12 13 5 -24 58 19 -58 13 -9 40 4 -45 -6 -72 44 4 -3 -33 1 14 -1 15 11 -2 11 -8 8 -14 -6 2 12 1 -12 13 -14 -11 58 -11 17 -13 -8 11 4 -45 17 26 -3 -17 9 1 -11 -33 14 -17 -14 14 -2 6 8 -12 -10 6 43 10 -3 17 -6 20 11 -19 -14 -20 -10 75 -34 -9 -17 -12 -52 -24 11 27 -16 33 17 25 10 24 21 -15 -16 -10 -9 20 -7 -33 14 -31 14 64 -55 -35 7 7 24 37 0 -16 58 14 20 25 33 -28 21 68 -64 -10 -12 7 -8 3 31 68 -28 -55 -12 23 -25 -8 12 -21 18 -43 10 -14 -21 -8 12 -9 -68 -9 -16 -12 4 -14 7 -3 -6 0 47 -17 14 25 -12 -18 6 -5 -9 17 19 -4 -12 -9 -42 21 -47 -28 -16 3 23 -14 36 -6 -49 1 -17 -10 -2 12 6 -8 -9 7 45 16 19 -44 -24 9 -33 -47 45 -10 -3 44 27 6 -33 40 5 -11 21 19 2 2 15 -53 14 56 -21 -13 -44 2 4 -35 -14 26 -1 -10 -12 16 27 13 -8 -32 -58 21 -12 8 2 13 -6 -14 58 3 -10 -13 -1 -43 -9 -14 32 -26 11
s 000101010001101011001100010101000001011101100011101110100011100101010011
m -64 116 112 -58 127 10 33 -38 -93 -29 60 1 -60 -35 -10 101 -44 98 67 58 16 73 110 0 -37 8 -31 55 47 94 -73 -63 -75 15 42 -41 -101 -57 108 -31 -104 -78 49 120 -20 23 -60 -115 112 -69 17 -89 103 -31 -122 33 -32 -20 -114 27 20 115 39 69 -1 -110 101 123 10 108 48 3 -30 -24 -50 -92 55 30 15 48 99 -28 15 15 82 -120 99 -73 94 -12 25 5 -48 62 -68 33 -103 39 10 -4 122 -27 64 76 -88 87 11 -16 111 -52 -126 46 0 106 -59 -114 -121 -36 34 -10 21 -90 -8 101 -116 -89 119 63 39 120 -62 -113 94 52 -5 -79 -125 86 -35 -3 -105 -79 103 45 108 8 72 -53 -86 -95 18 111 43 19 108 -38 -99 97 127 18 82 -73 40 109 53 -126 42 -47 117 -13 16 111 42 -103 91 118 125 44 -88 -107 -112 -112 -111 -22 11 80 84 38 -85 -59 -88 93 -5 74 -7 -67 123 68 -127 65 -74 -67 74 103 23 114 -17 -28 17 5 -4 -75 39 -62 -85 -5 104 28 53 -59 21 -68 97 -40 34 -25 -89 43 75 90 -110 -16 24 99 2 -100 -118 -44 -56 101 -77 -60 60 -43 31 -2 -20 60 124 48 -104 63 1 -58 91 84 26 -82 64 -50 113 -26 -81 98 112 32 -48 -75 127 67 -90 6 40 100 87 16 -61 -123 61 -104 -124 117 -16 62 -45 106 20 -25 6 119 81 -46 -52 109 21 -33 -120 -50 57 -66 70 24 -5 -8 -99 -26 -48 -47 42 -18 92 -21 14 -34 73 51 13 119 -1 -78 91 83 121 -120 -44 -91 -39 14 -45 -88 -120 -33 76 -32 33 -22 101 -67 72 95 -101 115 -69 127 106 127 5 31 28 77 -121 104 84 -12 -67 126 -34 -58 74 41 -110 123 60 -52 -82 -88 -79 78 23 -87 8 126 88 -20 100 -41 72 -20 -76 -4 -107 67 117 90 39 -59 75 63 -52 -30 -42 55 -104 -57 25 58 -60 122 -119 -88 -114 89 119 101 11 -89 -113 33 -15 -94 -22 -43 90 -30 -75 -117 113 -27 0 57 -8 -97 48 -127 -32 26 82 60 -8 -32 -111 49
e -18 42 12 1 42 -14 -1 -18 7 -18 -14 77 14 -23 -72 23 -18 -28 14 -53 10 27 -51 0 -27 23 -27 7 14 -7 -14 14 -53 -25 14 -10 55 -7 -23 -6 -7 7 6 21 -5 41 -19 2 19 4 -5 4 -55 42 1 -1 -24 -26 -42 28 -14 42 1 23 -16 13 18 -13 32 42 9 -1 -28 -11 -27 -7 -39 44 42 -39 5 14 5 23 14 -14 -12 51 -12 -21 6 -14 -16 21 35 16 -19 -60 40 44 9 16 -55 -16 10 7 -17 5 42 77 36 1 -20 -36 13 0 -5 -9 5 -68 -1 -9 35 24 7 46 -39 5 -50 5 11 35 14 -11 20 12 5 -3 -11 35 -7 -27 7 5 -35 -4 -21 -9 4 21 -24 -4 59 -10 38 -18 5 18 25 29 25 4 0 9 -28 -5 12 28 9 -27 -9 -7 -9 7 -46 -7 1 -36 -1 -9 11 -53 -10 5 14 10 -3 10 0 -7 0 27 -18 27 28 35 -7 53 4 -5 28 -38 -23 -28 18 -23 7 -46 -7 18 7 -5 -2 21 2 15 23 10 -23 -18 0 7 42 -27 5 1 7 -2 18 53 5 18 10 -28 -1 14 23 -18 -14 -7 14 51 5 -23 27 35 -39 7 -5 66 -14 -28 -2 -27 -4 18 7 55 -14 -14 7 -31 14 6 18 14 -21 -42 -51 19 -27 6 9 7 21 -1 -14 -19 24 14 4 42 -28 -56 -1 -51 7 13 6 42 -12 -21 -1 11 53 13 -27 4 9 39 -55 -1 -13 -18 -24 -14 -98 39 -10 -1 5 5 -22 -14 16 9 -28 -35 3 -11 9 24 27 16 42 35 7 5 -9 46 -14 16 -36 12 -10 0 11 5 5 27 -16 9 35 0 7 9 30 5 -16 9 35 -10 -7 46 5 -46 5 -16 -36 -3 0 -11 25 -5 5 4 -9 -3 -22 7 52 -4 -46 -5 38 39 -35 -21 11 53 -1 -5 38 9 -3 -18 -28 7 -25 -12 -5 -4 9 35 -21 -7 4 12 7 -38 9 53 18 -7 21 -25 -1 10 4 -9 0 21 -28 -28 -12 -10 -2 9 0 -5 51 -27 -28 -1 7 -47 9 60 15 42 -10 5
s 011101010010001000101000001011110011110110101100011101011001100001111111
m -71 -126 -15 53 77 -17 -15 -17 -9 110 28 63 126 -25 -53 5 31 121 -46 16 74 91 113 9 -31 108 -92 -12 80 -88 -75 18 35 35 -51 103 10 24 82 -114 89 -14 -66 89 60 116 112 85 -63 -60 -66 -73 80 31 -115 106 78 -51 67 -21 -72 -67 28 91 67 -63 -33 22 -12 64 -2 47 -96 -18 -125 96 -31 83 -29 35 -10 12 -36 -108 29 50 67 71 3 -6 102 -116 -10 17 -49 40 120 15 55 2 39 -84 37 -106 -16 -54 120 3 -109 88 50 -78 -112 44 15 42 -51 -76 83 -57 55 -13 -34 -37 94 112 96 -68 58 85 89 -95 6 99 62 69 55 -35 -81 -10 -43 53 26 -52 106 3 -66 127 11 -74 -116 -71 86 -16 -125 110 -18 -24 -52 -12 -2 -24 -1 96 74 -20 -75 15 -92 116 13 82 121 118 -8 -114 -91 -44 48 8 -96 -84 45 59 42 -75 32 -20 -111 62 -75 36 -34 -88 -112 45 -48 19 -81 -93 -45 0 -52 -59 127 -95 124 55 -84 -9 36 60 32 -113 21 -78 26 -70 -42 101 89 -31 62 96 -121 47 -3 -92 -98 -105 36 98 14 108 -62 74 33 -83 -81 -25 63 -99 107 117 -42 91 -20 -22 60 76 -91 11 3 88 54 91 7 -93 -29 -59 -26 57 66 84 -48 61 -118 -5 125 112 -127 -45 -66 82 91 -93 80 1 95 -24 105 108 6 125 98 -71 -1 78 27 -99 -45 -24 113 80 -87 47 83 -62 118 84 -13 96 64 -31 54 18 -62 -102 -12 -92 -25 47 -5 123 -121 50 14 -81 -56 -80 -73 -92 -44 -35 120 -41 -36 -108 38 -47 -62 111 -100 -77 -13 8 -105 126 93 34 -20 -25 -5 -83 -22 -100 89 114 76 65 -87 51 -84 9 75 92 36 28 108 -81 92 -27 25 89 58 65 22 11 -25 -28 111 -53 -26 2 -46 110 73 -13 30 106 79 39 -64 54 102 91 -75 -25 79 28 -88 -115 -118 107 81 -81 -59 93 -110 41 -43 55 -8 -115 -66 125 71 -70 96 -14 -54 -112 -80 -81 120 80 84 -102 1 113 90 -70 39 85 54 100 -117 2 116 -45 40 -49
e -18 5 -25 -3 -5 12 3 45 71 -15 -26 -42 -25 -5 7 22 18 14 -6 63 18 28 14 -1 -37 -7 -32 7 26 3 -26 -11 2 -11 -6 -13 12 1 29 24 1 22 24 15 8 15 -1 19 1 2 -32 2 9 -10 3 42 -19 15 -55 33 25 55 59 5 25 5 -18 -5 -2 -5 -11 49 -28 -6 30 -7 -31 -30 -52 28 -22 -16 -9 6 6 -6 3 14 13 -16 -24 3 11 21 5 -9 -1 -5 -34 -48 -34 -31 9 -31 -11 -1 11 -16 55 7 39 -25 -1 39 -5 1 18 -2 -18 -12 42 -20 25 19 -25 7 28 -2 40 9 -8 -40 -16 -8 32 3 32 -9 -6 -10 -20 -30 20 -2 -5 21 -22 -34 47 -22 -31 -10 0 -11 0 7 3 -7 2 9 22 -3 -7 -7 14 45 -14 40 -12 14 -15 -25 -12 -8 -23 8 42 -39 -56 -13 8 -2 -13 32 18 13 9 -37 1 20 1 62 -2 -32 3 51 3 2 -10 -32 10 36 -29 10 7 -29 -13 -2 13 -43 3 8 19 -22 28 -32 5 -18 -29 18 -1 13 -5 32 -8 -3 42 -19 15 -2 53 -25 -35 -10 3 -11 37 15 -6 13 -25 -14 8 5 -28 19 -28 7 32 -5 -26 -28 -14 28 -2 -15 -11 -9 25 -26 -1 5 -11 -24 -18 6 -15 55 14 -1 -28 24 -2 -7 15 -42 26 -56 -19 11 -2 -55 26 9 25 -14 -21 -5 -40 55 -3 -15 25 6 1 -5 -30 2 2 28 -9 42 9 -1 -19 -6 59 -28 -12 -25 -9 -3 14 -6 9 2 3 5 -42 -6 34 19 30 -67 28 5 25 -9 -35 -7 6 31 -39 -3 -11 1 -6 -3 -18 -39 9 -12 14 -1 -22 34 -18 2 31 12 -40 11 25 -24 -3 7 35 -9 39 -9 1 8 -2 -18 32 3 12 9 -58 30 20 -10 -7 30 0 39 40 -7 -8 10 -42 32 0 -7 9 7 -14 -20 -2 14 -2 -3 12 40 22 8 -10 14 3 0 12 2 -12 8 13 -2 -42 -18 3 7 1 -22 -14 -32 14 18 19 12 -8 32 -8 -32 -10 -42 -3 29 7 17 -13 -14 -13 -8
s 110110001001010000100000110110101111011101011000101000110001000000010101
m -113 0 20 -22 -55 92 -66 -119 -67 7 113 -93 -110 41 -65 116 52 -72 119 96 95 2 -28 -27 101 47 121 -84 119 79 62 -60 69 1 -37 -100 73 -105 -34 88 1 26 -110 93 73 -82 -88 83 -89 9 28 -15 -9 -44 -52 85 110 22 84 -80 21 71 -90 106 -48 -52 4 -97 -100 41 -51 -124 114 -53 -68 -27 29 -71 84 -4 95 -40 -125 -97 -28 -88 -113 -19 112 -15 -27 -77 -26 -121 -72 30 78 -7 -103 82 92 -114 -114 -96 -32 -20 26 49 -44 -6 104 38 78 -56 15 -15 -92 -45 73 -35 84 118 79 32 124 -33 -16 -119 -9 -66 -2 -79 19 65 -93 -5 25 17 -117 -114 65 -65 -10 -49 -75 -37 -122 -9 100 -103 -111 -71 77 -33 105 6 79 13 -73 11 54 -21 -110 -85 94 -89 93 126 -94 -46 115 4 -15 -20 38 18 18 67 -93 -83 -65 47 13 99 -21 -89 -82 44 116 2 -88 14 105 27 65 -55 -115 -1 32 111 -40 31 -21 -83 -7 33 114 36 -13 50 -118 -98 -38 -84 -20 121 -73 -86 101 -22 -49 98 -33 -115 -4 39 123 -64 77 -92 -127 -119 -113 121 -93 -14 126 95 38 67 -105 -52 22 -6 13 -64 10 -8 -48 -87 39 -95 -33 25 103 101 60 -56 30 71 -29 106 -10 -34 126 4 -114 -67 -1 53 -60 -45 -6 74 69 88 66 64 126 119 -71 97 57 -15 70 45 60 97 -29 -102 -21 -66 -33 27 -111 58 -12 19 -59 -94 126 121 108 57 -46 14 -106 -55 106 -36 -29 104 38 41 77 -18 -5 -124 71 12 -115 26 42 -109 85 105 -94 68 -25 21 -23 18 -55 51 -100 14 -81 -64 -4 -88 50 -82 64 70 23 117 -24 126 70 -106 -7 89 -66 -106 -126 -122 78 -3 -98 -56 2 -74 -72 73 106 76 22 -26 31 -31 48 63 79 -95 99 108 -40 -31 116 102 -18 -15 44 -16 79 -51 104 -29 -26 -4 -110 9 79 13 104 100 112 -75 33 42 -92 84 -4 39 73 22 -61 -105 -57 -110 -46 69 -82 77 82 107 -58 32 97 49 39 39 -67 16 -76 -4 -106 78 110 51 -24 -17
e 4 29 4 -29 0 -14 -20 -7 -16 20 -19 -14 19 -6 -14 -6 -4 45 4 -1 -19 -12 1 -41 -2 -7 -13 7 -35 29 -35 -1 1 9 -4 -12 8 1 4 -24 -18 12 24 -58 -4 58 47 18 47 14 42 -8 -14 -35 -20 -63 23 7 39 -23 -27 39 -29 -6 -29 -14 -9 -14 -6 0 -6 63 -2 11 11 7 -4 11 -35 14 26 -1 -26 13 -4 13 5 1 -5 11 26 -43 3 58 7 -3 -47 56 -8 8 8 16 -8 16 -23 1 28 56 -63 19 49 29 2 -49 34 -2 4 -6 -4 20 -63 -20 4 23 4 6 4 -43 7 -26 -57 7 -13 2 14 5 -14 -23 11 15 2 11 -2 -84 7 -8 28 -22 28 28 16 -28 28 -23 28 -4 43 -4 20 -3 -20 -8 -2 -14 -45 4 4 -45 20 -4 -14 28 28 -16 -6 18 14 49 -14 -14 -2 1 21 -14 39 -12 15 -19 24 9 -24 -24 43 -13 29 7 -29 -42 56 25 -39 37 4 -35 4 -4 12 -20 -23 -4 -8 4 -18 28 -34 25 6 19 -4 4 -24 12 0 13 15 20 29 -18 7 -1 -25 19 -12 35 -20 -1 -4 7 4 12 19 1 -4 36 -2 -18 -4 24 -25 0 -55 -35 -20 -2 8 7 -7 -8 -19 -35 1 -6 -1 24 -4 25 58 0 17 -56 2 24 -16 -7 -58 -63 -35 -47 23 1 -8 39 4 -8 29 -1 -1 14 24 -39 5 61 -32 -11 47 14 37 8 -6 4 8 -63 26 -1 -23 -17 -39 4 23 -29 -58 43 14 -13 -3 -6 5 7 -74 -14 -8 28 -11 16 -4 -7 -4 26 -8 -6 13 -62 -49 -5 -23 2 11 -43 21 11 -3 20 -7 2 2 8 4 43 -16 20 8 23 -4 -2 -43 6 -14 10 -49 15 13 -2 20 -4 -14 8 -31 15 -61 -4 2 28 -6 -43 28 49 7 4 2 28 -14 22 28 -57 -15 4 -45 -2 20 -18 -43 19 -14 -7 -28 16 28 -4 57 28 14 1 6 16 12 -23 -14 19 -8 -14 -24 -28 45 -13 4 -19 -18 -14 24 25 16 -13 -35 16 -29 19 -14 1 12 -63 -12 4
s 100001111000100000001100101110111010101000110110010010101001101101110101
m -41 108 47 -84 45 -15 70 22 9 59 16 -43 33 54 95 78 33 -115 125 66 -5 110 28 30 -20 -58 34 -117 123 99 -13 -24 -126 -33 92 36 -122 49 27 120 -83 -106 -63 81 37 -33 38 91 -29 95 126 11 59 63 -99 109 118 -75 -95 70 -104 -126 98 31 83 43 103 108 -24 -111 58 -74 -42 43 -28 -98 -48 -57 98 -75 110 -121 -74 -54 121 -108 -34 63 54 37 -101 -117 121 -73 -66 55 107 -127 -66 -59 -117 4 110 -7 -123 72 95 -87 89 83 -7 64 67 16 13 125 102 -101 -32 -31 -50 33 76 -107 69 -119 -118 -71 -65 -107 -23 -122 95 95 78 -6 49 119 -45 -73 103 -74 -14 -64 -52 120 -123 70 -99 77 101 -104 -33 127 -85 33 56 20 12 112 5 -78 74 14 28 86 -106 -76 86 -19 -70 13 -27 -85 -1 -47 -24 -34 90 -27 -71 70 -19 3 -52 -35 25 90 5 -103 8 -108 17 33 -51 23 -28 -23 -11 0 -16 -17 -78 -122 33 -29 -38 75 106 -124 -90 -96 1 85 -53 43 -100 48 -103 -114 74 -41 64 -115 -81 -51 83 -5 -34 83 -5 -116 113 -43 -39 19 49 8 74 -45 -122 -28 100 36 -16 74 -117 -80 116 -104 -126 105 3 -15 -79 123 -36 48 -84 -101 -1 53 2 9 -13 44 24 -96 -98 -46 85 -20 -40 113 -19 120 -70 97 -64 64 -41 102 -34 -120 113 122 -37 74 -43 44 108 46 51 -120 -7 -111 -16 -17 36 -101 16 50 -5 120 -107 126 113 -16 12 17 -57 -127 35 -43 -29 119 95 -97 15 -121 107 44 98 -36 82 -46 70 -123 5 -50 -92 -109 -111 -99 46 -101 -82 -31 -5 72 -19 46 -21 -2 -64 12 -32 95 -68 -30 45 -60 -9 105 76 24 48 27 99 75 7 83 60 26 116 66 -70 -11 65 -15 62 42 -88 45 -85 -43 89 -98 110 -37 -108 17 -105 6 113 -85 -104 -111 -48 49 34 -84 57 -23 69 -91 -5 -59 -19 -60 48 54 100 -25 61 -46 -118 -41 0 -19 -34 2 116 120 9 -117 -16 4 -108 -125 -94 -52 -79 -25 -88 -88 -75 77 100 38 -41 93
e -12 40 8 3 56 4 -3 7 22 7 29 21 14 -28 -6 -28 12 -25 -30 25 36 -14 25 5 14 -32 29 -32 -12 -17 62 2 -21 2 -30 17 -14 -1 -26 -8 1 34 8 -17 -71 17 -7 1 7 10 0 15 14 -14 3 14 -39 -7 -39 -39 -14 -39 15 -32 15 12 12 12 -32 -40 21 -14 14 -33 -14 -32 -14 -14 -12 -14 -5 2 5 38 -30 38 -6 25 6 -38 8 28 17 17 19 17 -7 19 5 -10 5 -7 14 4 -11 -1 11 28 39 1 -14 15 -2 7 31 -2 -5 -21 5 -27 -14 27 8 39 8 -1 -14 15 21 5 63 21 -38 -21 -3 -30 -3 10 33 -10 -13 -14 55 15 19 0 2 -5 5 -2 -4 5 15 11 15 18 -28 29 5 17 11 0 -2 -6 34 -5 -8 -25 27 -8 4 8 4 -8 -21 -8 22 -7 -21 6 21 21 -31 -15 5 -17 10 -5 7 13 5 -29 -30 30 17 -21 17 -48 5 5 38 29 24 14 18 24 36 5 -34 33 0 33 5 -2 -1 0 28 -5 24 -12 5 34 40 -29 33 3 -17 -1 -7 21 0 -14 17 14 3 -2 -24 20 -30 34 -14 -25 -33 -28 14 1 -12 -32 0 -40 12 -14 -35 14 -10 7 -51 14 -14 12 33 -28 -17 -18 -29 -30 -17 -40 -25 7 -14 8 -21 32 21 14 12 -7 39 -2 -10 39 39 -14 15 25 1 12 8 78 6 -17 15 33 26 -12 -25 -10 21 -14 42 14 50 -1 39 -38 39 -42 41 45 5 28 12 48 -17 21 6 19 44 33 -5 -56 14 4 14 19 8 5 -11 -1 38 4 -7 -6 11 2 33 49 23 14 -24 27 41 7 13 -5 5 -15 4 -28 -21 -11 -12 -21 -28 1 -3 17 7 10 -2 -21 5 -5 -3 0 -27 -22 -2 -8 -13 -5 -1 -15 15 -7 -21 -18 -21 5 21 -3 15 -13 10 -18 -25 13 -5 8 -15 0 -4 21 -2 -8 10 -8 25 15 -4 21 18 -8 17 -5 21 5 58 6 -5 -57 25 29 17 5 -1 -14 -5 0 -8 -29 14 21 17 24 6 21 -34 25 -17 -33
s 000111101000101010100010011001001001010001100000000011111100111010110000
m -118 -60 52 -34 21 -4 40 93 -87 -96 -119 -79 -66 35 10 -6 -49 -64 -3 -43 -46 -26 115 -10 -102 -127 -36 81 -77 -23 126 -103 86 -42 -70 50 -27 -19 48 -96 -69 -3 65 -19 -69 58 87 -73 123 -102 -16 39 1 34 -22 -85 -12 -69 -92 -127 -25 4 -21 -28 22 114 -39 -29 -124 -75 101 67 97 70 -119 -7 -21 -24 41 19 24 76 -50 13 124 -124 28 -58 98 -70 99 62 66 59 -111 -74 -62 -109 -21 -25 -27 -15 19 44 18 23 103 -109 105 -103 29 15 6 11 18 -49 -115 1 0 -77 -66 41 81 -4 -85 45 59 -59 84 17 100 12 -48 -120 -91 -85 -22 -74 -85 -67 -69 -104 -80 -113 7 92 -39 115 -31 -91 36 -79 -119 -126 9 -66 114 121 99 -74 -86 109 107 86 -47 71 58 -41 56 22 114 34 104 -80 12 -44 90 92 16 68 -28 -17 15 -107 58 -86 30 63 -76 42 -28 -84 44 65 -27 -91 24 22 -123 42 -56 125 -16 83 102 -1 -77 -71 -69 10 -88 106 115 87 36 -34 85 72 6 -106 85 -33 -101 53 -83 91 -60 -118 117 55 -70 -30 52 -119 -55 -41 100 1 88 113 -14 -58 96 103 -30 -72 -61 13 -122 -40 -63 -88 68 -83 101 101 -122 -69 -100 -27 46 -80 111 -20 -74 -34 73 117 -36 -122 -18 -56 -29 8 -21 123 -32 -64 2 -71 -35 98 31 -83 -94 -88 45 10 -48 12 -26 -13 24 -58 -39 -80 -95 112 -41 93 71 27 -113 33 -81 -21 114 113 6 29 73 -82 -72 8 63 -99 -39 15 -7 84 -57 109 52 49 -53 60 -81 83 -61 13 117 -113 127 40 85 -42 -124 98 119 -7 -19 -25 83 12 -71 16 45 -8 -40 -100 -104 10 -90 -6 -26 -95 108 65 -97 26 -100 -7 -98 -7 88 -124 38 -25 1 -86 -59 -3 -126 -44 72 -48 36 58 8 1 72 38 -125 22 -124 58 -127 -42 -109 -59 -32 -52 -37 -67 93 17 -71 -6 -98 -70 -94 -119 -47 -19 -91 -114 10 126 -92 40 -23 -91 -1 92 94 -64 -34 99 107 43 116 59 44 -111 -47 75 112 54 -39 39 36 -112
e 35 19 -6 20 -35 -33 -20 1 15 -1 -13 9 -13 6 20 -25 35 1 28 32 51 -16 -32 21 -16 7 47 -7 24 21 -24 -36 -15 -36 3 14 -1 -21 -1 18 -17 -29 -18 12 9 -12 -35 -30 -35 22 -30 -22 17 -39 30 -7 -2 -1 -4 -2 -13 11 -14 -6 14 -9 43 9 -1 19 1 7 16 51 -7 7 -17 -7 -24 19 -15 36 15 7 -3 -7 -23 32 -23 -51 -18 -23 17 -12 -7 -17 35 -7 -14 31 -14 -32 1 14 -6 17 -6 23 4 11 -10 19 -11 -26 -9 6 0 26 -7 22 -7 -22 30 -2 -30 -11 17 7 -11 -21 -6 -32 -7 6 20 23 34 -22 -51 -22 37 -7 37 7 14 -46 -1 14 1 -1 14 1 8 6 -62 -42 -23 42 -63 -17 63 -46 -6 9 1 0 -6 1 -22 -6 4 71 4 15 -12 15 -9 -10 -9 9 6 20 32 20 -41 -14 22 -41 9 -37 9 32 -7 -32 21 11 -21 -15 1 14 30 -8 1 -30 42 6 -3 76 -3 -61 46 -9 30 1 30 -14 6 -41 -1 35 -9 -3 19 -32 9 -20 21 -30 1 -15 -14 -13 14 30 20 -37 -1 61 -3 3 -22 32 -9 6 -16 -30 35 -7 -14 19 24 30 -20 -16 -22 1 7 -1 -13 28 17 -6 36 42 35 3 -12 -19 38 35 -23 18 -1 -7 12 7 24 35 4 -36 22 4 -3 -1 -14 32 17 -16 18 4 25 17 14 -62 55 9 -7 -22 -1 17 1 7 15 17 -2 -7 4 17 -9 14 -15 23 9 12 17 -1 23 7 -24 51 -14 2 7 14 -17 7 -30 -15 -14 -11 7 -14 -10 -23 -6 6 -51 -23 0 -21 -56 34 7 -6 37 19 0 28 -14 22 11 -6 -30 7 55 11 -20 17 10 22 6 6 63 0 -20 46 -22 -23 35 -30 37 1 11 7 -8 10 -11 42 -6 -3 -9 -20 8 9 -22 42 1 37 63 6 7 77 -4 11 1 -17 1 20 21 8 -4 15 -51 15 -14 63 -14 -41 46 9 9 -1 35 -32 -6 41 -32 4 -9 14 -15 -32 -30 9 21 -1 9 -15 -3 -1 14 9
s 010100001010000100001100011000011000010011110101100111101110100100100010
m 92 -103 -48 24 -94 80 -102 -42 -110 -97 54 107 -103 65 -20 127 -120 -106 -72 34 -11 -26 76 -3 49 -55 -41 -114 2 70 -105 120 18 127 26 108 -52 -77 -126 87 67 68 54 101 80 -85 -26 -13 -17 -123 -126 -40 23 -37 13 31 -48 31 -102 43 16 74 -55 67 -44 47 -109 -14 -55 -127 -12 -38 34 -87 41 -43 71 6 -87 125 18 -43 19 -50 -4 90 19 9 101 -17 -93 22 82 -98 -51 9 -8 -5 -99 59 110 88 35 111 -101 30 94 -84 -122 -42 -39 -56 -52 -72 127 -59 104 -91 62 44 -34 32 28 28 70 -34 53 20 84 2 85 19 -76 -86 -55 -64 -2 8 109 112 47 56 -51 107 1 -83 90 -3 109 -49 86 66 -121 -10 85 -108 120 29 -114 -91 95 20 -47 -54 29 -60 40 -122 65 -32 105 -117 -33 -62 18 -77 -113 117 119 36 -52 -19 -22 96 115 88 86 51 21 -81 -92 -44 62 -68 36 -107 40 -86 75 79 -115 51 89 90 37 113 65 -94 25 -82 7 -4 36 -55 26 -115 -76 55 -38 13 22 -8 87 56 51 -120 -27 -113 -45 -109 124 -30 95 -2 -7 -6 -89 7 111 104 8 -4 76 95 -1 -61 115 112 6 121 -67 -28 12 118 -33 -96 -73 71 11 -96 123 47 -110 -95 39 -100 58 -12 99 -87 102 26 121 39 89 24 -29 9 -122 -90 50 101 57 -10 96 -32 -22 -9 -41 -3 -21 -123 102 39 14 34 103 -96 -69 -57 117 51 -116 -19 -64 -98 -69 -34 -30 -126 9 -83 73 81 -42 -9 -118 100 -77 55 -4 -15 -62 -9 -124 -122 -83 -47 -32 -2 -5 -95 91 102 116 116 -27 -66 103 68 16 101 104 106 -48 26 -43 35 -43 -52 44 -17 -121 26 119 24 -114 40 -101 17 127 -28 -107 -61 45 -5 56 90 37 -57 -86 80 -10 -45 -80 59 125 -105 18 -66 93 -22 73 -6 89 -3 -53 68 -107 -26 37 60 36 -60 120 64 78 71 -92 60 85 -66 -105 56 -116 94 -113 15 93 -126 -18 -79 36 -96 84 -109 70 -35 60 76 113 -1 43 70 -110 36 44 -101 88 70 -13 -53
e 12 -11 -23 -7 -11 29 7 7 -49 7 7 -62 -7 42 6 42 -12 26 -4 4 14 -1 4 16 1 -35 1 -35 26 24 -2 6 -17 6 4 -12 -9 17 -32 -23 -17 -7 -23 -51 -4 51 -7 23 -7 29 6 29 9 -2 -7 -21 -14 -7 -3 14 7 3 -39 42 -49 -8 -12 8 -8 -11 -8 21 1 15 -6 -35 -30 -36 -2 -30 -2 -6 -2 5 -23 -5 -19 4 -17 24 23 -58 8 51 1 14 -8 1 3 -29 -3 8 9 8 -9 -17 9 20 -3 2 -52 -39 42 -35 -8 42 38 -8 38 -28 21 -39 50 14 25 2 -30 -31 -17 -8 16 -39 5 -16 2 17 20 15 -15 7 -42 -6 42 -18 -5 5 33 4 58 -33 8 58 -45 -15 45 -3 -20 3 83 -8 -83 -5 46 6 -32 -38 23 26 -28 -23 29 -25 -31 -49 -2 -49 62 35 -62 -6 -16 16 12 -2 -10 -12 7 -10 -3 42 3 1 -18 1 24 17 24 16 58 -6 -2 53 32 2 3 32 -7 83 -7 4 -5 45 -12 -33 -12 6 -42 -10 -32 35 -3 22 11 -1 -4 7 -32 12 7 16 -6 -7 -12 -25 11 -38 -32 -28 4 -7 10 -8 -4 42 -23 12 12 35 -67 11 -2 -2 -7 1 35 7 -35 9 7 -2 -17 57 -6 23 12 -4 -75 -77 4 -7 1 -36 8 38 -51 -28 -2 7 -14 -6 -29 3 4 -21 39 -4 17 13 23 -61 17 51 39 -15 7 -8 -6 29 -8 30 9 -21 2 20 -14 5 -3 47 -9 -39 -2 20 -8 -5 -8 -11 17 -1 21 -15 3 -25 6 -38 30 1 -25 2 3 9 44 -8 35 -17 9 -42 15 20 38 -6 8 -28 -1 -42 42 -3 -53 -18 -8 28 -17 -9 -25 16 -20 -2 2 8 -35 7 -42 -16 83 -38 -2 7 -28 7 43 -25 42 58 2 18 -45 35 -17 -3 23 -58 -62 2 45 18 7 -26 26 -42 83 -28 -18 -5 29 17 33 49 58 23 -24 45 29 16 -3 55 12 -83 62 -10 -5 6 3 -33 -26 1 23 10 -12 -29 -3 -6 49 36 2 -82 -24 34 -6 16 -7 -26 20 4
s 001001110101000000100100111110011100111100101110101011011101111111000111
m -33 -106 101 -92 123 9 -44 -94 -123 38 101 -31 48 98 65 -115 -109 -57 -17 79 108 40 -99 -112 -88 -4 42 -78 1 -21 -123 -49 69 -21 77 115 16 -61 96 -43 -69 2 80 -103 -3 -47 20 -76 121 -88 -99 -87 -123 -111 100 111 -63 -82 77 -82 -35 -1 -62 112 3 -46 13 105 -111 105 -20 -122 -62 21 37 -104 45 -109 61 121 6 49 -105 -72 121 -89 -95 -30 102 35 118 27 120 5 -104 78 -114 -109 -17 60 -43 -36 81 85 65 62 -62 -66 -37 -4 114 -84 18 30 90 -33 -77 98 -52 -95 -4 122 61 7 38 -95 -14 5 -120 93 32 -39 92 85 -28 -113 -58 -13 7 63 -5 16 94 115 -55 67 105 -56 -8 107 29 -28 -34 18 -16 -29 34 -21 112 101 69 -15 -40 30 -26 125 63 81 -31 -91 -68 90 5 -126 -30 -34 31 64 100 -50 -109 35 29 33 127 100 65 -127 -111 -29 124 -38 -61 -35 107 3 127 -62 -115 -122 -2 -52 103 -21 -39 29 23 8 77 -31 102 -121 84 -77 -76 92 108 45 98 -113 -85 47 115 -81 -51 -126 -48 -38 85 77 -44 27 -20 -56 45 -45 -94 27 -108 -52 -61 -21 62 27 86 86 121 48 0 -83 99 -112 -60 115 22 -93 40 34 -85 -8 50 42 20 19 126 -11 24 -50 7 102 101 9 -77 -105 88 97 106 0 126 121 -17 13 100 4 -116 123 -14 -91 -92 -43 -9 60 -26 73 -50 -103 33 122 -101 -109 -11 76 -101 -126 12 -107 -48 84 17 62 -87 -68 -46 -108 26 76 86 71 -10 -41 30 -102 19 103 1 -79 -22 107 119 -6 -116 -73 12 -1 81 16 43 98 -71 89 -37 -1 2 86 9 -107 23 2 -68 -126 15 16 -24 -109 9 -55 -2 5 15 -51 -87 -120 123 -117 -18 -31 -43 36 -73 -100 80 55 14 119 28 87 -23 -16 -38 -120 107 15 86 119 63 -5 -64 68 24 66 42 -51 78 -96 -36 -33 -94 15 11 2 -16 -105 26 -3 -81 -84 -52 -66 23 -21 -5 91 -65 52 -54 -44 -55 65 -106 -4 -91 42 93 41 53 -15 88 -73 81 -101 -110 115
e 12 -44 14 -39 44 -5 -40 24 3 -24 24 28 24 -24 19 24 12 -23 10 7 39 -55 -7 -5 35 35 31 4 7 10 -1 -18 31 -18 -10 18 4 -13 14 -8 -13 -21 8 -5 -28 -5 0 34 0 15 0 15 -4 -2 39 -4 7 24 -1 7 -24 12 -3 -24 23 -41 -29 41 18 44 67 4 35 7 -14 4 -1 14 1 -1 77 18 -6 -78 -10 -63 1 -7 -1 7 8 8 -5 21 -2 -5 0 -2 27 -15 15 -26 4 26 14 13 -14 -8 1 6 11 -3 14 11 41 -14 21 -18 21 -1 9 1 20 -11 20 4 1 2 -3 6 -34 -3 63 -28 -2 1 -2 32 19 -12 8 -17 -5 2 -2 14 32 15 -25 32 32 -7 2 14 2 -5 8 -5 -7 -5 -7 -21 -14 19 -50 -21 14 23 -1 -14 5 20 -8 3 4 3 -28 11 -28 -19 28 55 18 2 39 18 -12 -39 -5 5 5 -31 -2 -34 -10 14 -10 -31 -7 0 -19 2 14 -2 -5 14 -2 -21 -2 -3 14 -3 -34 -32 34 0 -24 39 14 12 -5 -2 44 -31 -3 -39 10 49 -24 31 0 31 -26 -2 39 -18 -14 -34 10 2 -24 -7 3 -37 -35 -34 -12 -4 -4 -44 1 -2 -39 -35 -15 24 -4 4 -24 -1 13 -24 19 8 -12 15 5 -73 19 0 -35 17 18 4 5 -4 1 18 -7 18 20 -1 -10 10 -3 7 -44 -41 -8 1 1 5 -3 7 0 -41 -14 -15 18 1 -4 -4 -6 -13 -7 -63 1 -1 14 3 -6 -8 -41 -63 -5 -18 -1 2 4 -7 -15 7 -14 26 -13 -2 -21 6 -15 4 -63 -26 14 8 14 16 7 8 21 -14 5 -28 49 14 -5 15 -46 5 -26 -1 3 15 -20 28 24 4 -14 -23 11 12 -14 28 -7 21 -2 -14 -1 -12 -32 -20 -5 7 -4 2 -2 11 -3 -5 28 -7 -28 2 -2 19 -12 -14 -23 -5 -7 14 2 -14 -5 -3 -64 3 -7 48 -19 -14 5 -31 5 29 -18 7 28 -39 14 -27 -75 32 -23 31 -14 -40 34 -5 -5 0 3 31 2 -28 -10 -26 19 -31 -2 -23 -18 3
s 101101101000100110011011111100011000100001010000000000010101110110100011
m -17 -35 -79 112 -67 97 -38 71 59 -53 -45 -82 23 124 83 43 72 29 30 -117 -114 -12 -73 -58 -16 -39 -36 98 -80 -54 -69 -120 -69 7 9 82 -9 2 33 26 105 -22 -19 -34 -59 -18 -18 44 11 12 66 24 89 99 105 -80 -113 -56 121 -17 78 -65 -3 33 -111 48 -114 -95 89 110 -98 -125 -18 -48 43 99 -35 8 37 -93 -118 63 -37 119 28 -97 -37 -116 125 9 7 -81 -59 -113 21 26 127 53 102 -94 17 12 71 72 -125 62 -77 100 -47 37 -98 107 -3 -45 43 -94 -111 -22 119 -122 127 75 -12 45 10 -60 58 96 49 -100 -9 17 -101 -85 38 30 95 89 1 -112 94 93 -37 45 55 49 44 -95 88 35 39 8 41 99 24 -12 -40 58 -14 31 125 73 101 89 -109 -39 -39 7 -98 -41 56 -13 -7 -48 59 -57 86 71 -57 112 126 -125 -89 -63 -102 -8 115 90 12 -99 -80 37 32 -30 -115 -40 -109 -64 -49 -68 -107 83 -50 -113 14 -35 7 44 -119 -117 69 19 14 110 108 61 62 9 36 53 123 48 112 -116 -54 7 -15 -36 -103 -74 97 -126 76 -29 -63 -45 116 64 72 -57 84 77 89 -113 -85 -12 -114 119 -97 108 5 -125 -33 -110 2 119 -87 61 46 37 -8 -35 -96 -117 -94 108 -49 -82 108 -16 -42 11 -26 32 109 44 110 12 -43 79 79 75 17 -120 50 -71 -123 -35 -5 -113 10 -68 30 77 -10 -45 -45 -55 2 -62 62 -107 85 105 90 33 -15 39 61 -15 76 114 -93 -127 84 84 115 43 -31 25 -127 50 56 65 -95 -40 4 -102 64 58 34 -118 68 16 6 -13 -24 -26 -55 -19 -10 -62 -69 70 42 -32 3 -51 -86 -88 84 -124 -120 15 27 110 -40 -31 -123 115 114 95 -80 -32 69 72 -39 -18 -63 114 8 26 -33 48 -11 75 -66 85 35 39 -52 -95 -3 29 -3 65 32 -122 -65 -97 -85 44 43 -90 81 123 1 14 57 -32 -80 106 66 -83 7 24 17 -121 2 87 -26 11 77 47 62 -121 80 120 54 -10 7 -9 -76 -39 11 -67 -67 -12 -118 -15 20 45
e -47 -59 -13 7 -31 -7 -7 -47 -7 49 21 15 -40 -29 -26 -29 15 -7 8 -63 8 14 -63 -11 11 -28 -8 28 5 10 5 7 -11 -40 15 7 54 7 31 5 2 -7 -5 16 17 30 9 11 -9 -2 9 -2 -8 26 7 28 -15 47 14 -38 -21 -14 -14 -31 -3 -31 -15 31 -2 31 2 28 11 -1 7 28 35 17 -5 31 33 -7 67 29 8 -29 -9 -63 9 1 5 23 9 16 35 -9 -9 19 15 2 28 -35 -8 -11 6 2 6 -23 -14 29 -40 3 -12 -60 -31 -3 -3 2 3 35 -28 -35 4 15 -4 -29 -31 28 -15 33 -14 -35 -29 -8 35 9 34 -3 8 3 -7 7 7 28 19 2 -10 -15 -1 -10 -11 -1 -3 -6 -3 13 23 -11 21 -9 -13 2 3 -26 7 -3 -13 -14 35 -13 -7 4 38 7 29 7 -15 40 15 -26 8 -11 -7 -34 8 -7 -3 -8 23 7 -11 8 40 -8 10 15 10 -11 1 -9 -26 -3 -29 -26 -11 -29 20 -13 -7 17 2 -40 11 -10 11 9 -29 -79 29 15 11 7 31 -8 17 29 10 -11 47 -11 9 21 7 -67 -7 7 29 -47 8 -7 -21 63 -17 29 11 -13 -15 28 -9 31 -33 -26 -7 11 -11 -47 -28 -8 -21 -5 -2 29 7 -5 -15 8 16 -31 63 9 11 5 2 35 -16 -28 -5 -9 -15 -7 -2 14 8 8 3 -64 -2 38 -7 -14 14 16 3 1 10 31 -7 2 -20 31 -8 28 -33 2 15 30 -42 -31 -6 -3 -33 -23 31 -29 -9 -2 9 19 39 1 -15 15 7 -11 31 -19 -9 33 15 29 29 11 40 9 -54 -3 -1 24 -3 -7 23 35 -19 3 -7 -15 28 -28 11 35 -15 6 4 8 -23 29 -34 9 -40 -3 3 8 13 -3 34 2 55 3 10 -4 -33 -1 -33 28 3 40 15 -11 8 -1 15 -34 10 -59 16 -11 -7 7 13 -13 -28 2 -7 15 -10 -7 -7 35 -10 3 7 11 -11 7 7 -13 -35 8 39 -26 -11 -31 -7 8 13 8 11 -7 11 -54 -42 -27 -26 15 -14 -29 26 -56 -7 7 7 -17
s 000001110011010111110101110111101000101100001110111010001110001100111001
m 79 -25 81 -53 67 -80 4 -10 -40 -108 -24 58 -69 -33 124 -28 -123 -68 -93 -52 123 -35 -114 63 -98 -70 -25 0 -96 23 -103 95 -70 6 -99 -92 17 -64 -36 -40 52 -89 3 -123 -6 11 -78 72 115 -49 -20 -63 -84 100 3 -112 -49 -53 -72 40 98 92 75 -14 -127 -6 9 -18 50 10 -107 42 118 -99 22 -56 48 -88 -21 7 123 -62 -86 4 106 -85 113 4 -13 -38 -61 -102 100 -43 56 -67 84 82 50 20 68 -121 -106 33 55 -81 -100 -118 -30 -90 -93 125 -117 61 116 40 46 -57 100 12 57 -20 -113 -100 30 7 -103 124 -47 75 -52 -34 76 83 81 -45 111 41 22 -118 -105 57 90 -91 -87 -22 -20 -58 76 19 33 -68 20 17 35 35 72 -100 -120 -103 93 -93 -112 3 26 -5 23 -28 -35 -51 81 70 125 -67 -21 -104 118 14 -123 -82 41 -89 10 75 39 58 -1 116 2 -55 13 -40 -44 -74 106 -54 75 -105 -112 32 -118 -118 -96 14 94 25 -83 -83 88 -85 -6 -86 120 -24 -30 63 107 -20 -106 -35 24 -59 -43 94 -41 77 -2 -20 101 12 99 108 -115 -117 40 -104 56 -70 -63 36 -66 -68 8 -25 -60 -84 38 -120 -37 36 7 -68 0 120 -111 91 41 11 -104 -3 86 -2 62 -33 74 -119 -40 -114 -127 59 -52 -92 86 -74 23 77 89 37 -11 -34 -78 -14 -125 -16 -84 -61 76 -126 94 110 -32 -77 5 -27 -92 -66 101 -28 -62 67 46 -64 -39 -41 -80 110 -96 -14 -109 31 60 62 -123 -114 12 110 -74 85 81 31 -45 90 70 -63 126 -113 116 3 64 -5 -12 15 -56 -127 -48 72 -50 62 82 -79 -26 90 -77 88 35 30 119 28 -58 9 116 -8 65 -83 40 78 112 -109 -109 -18 -11 -32 -12 -68 111 87 -80 82 103 -101 116 66 -73 -14 59 98 -77 -29 -98 91 -15 -21 -13 37 120 -23 -8 -72 -81 98 29 24 -28 58 -89 39 -60 -23 -125 42 123 55 -102 51 -124 119 -42 11 78 29 -117 -105 -112 127 3 -119 -46 -117 -61 99 17 -83 103 45 81 -81 113 33 -124 18 106 45
e 8 -9 3 0 9 25 0 -47 -15 -9 -58 14 -21 2 3 2 -8 -7 -56 -4 10 46 -4 2 31 0 35 -36 -3 -2 -3 -6 11 -30 -56 9 10 -36 22 -3 36 32 29 10 7 -21 -33 18 33 -18 -28 -18 -10 13 0 -37 10 -9 13 -10 21 -13 -5 2 5 16 31 6 50 22 -44 50 -31 20 -50 0 -7 20 -3 -13 -3 6 3 -11 56 4 12 46 -28 20 -3 -35 11 10 68 -11 33 49 27 25 27 -14 -10 14 7 -36 -7 -35 13 -5 13 -5 -10 -13 -6 10 5 -44 5 8 37 -8 27 10 -57 5 7 13 -30 -3 -28 -42 -4 28 -19 -12 -19 1 -24 -1 -31 -20 31 -13 -49 -6 -17 -27 53 18 14 -53 -12 7 -12 -21 35 21 -11 -11 11 -6 -10 26 7 -41 3 -7 -8 -3 -25 -27 -25 -15 -5 -15 14 -49 -14 -3 28 11 -51 -19 10 -9 -16 10 12 -31 2 22 -13 22 -2 -30 -2 11 -53 18 -13 12 22 60 -21 -32 32 -11 -32 6 -20 6 18 -17 -18 18 -2 -10 22 -8 2 32 -9 -22 6 0 21 -27 9 -29 18 21 9 -13 0 6 -22 -9 -82 -52 -21 -4 -6 2 31 -18 8 0 -18 9 3 -13 -3 -31 -18 9 0 14 -21 -7 36 13 -6 -3 8 -56 10 -9 -4 33 31 -3 44 0 -10 37 3 52 35 6 -18 27 -56 -10 5 -4 36 6 3 -13 -12 10 -28 20 -33 6 -20 -18 -44 -7 10 -37 3 -46 10 -4 13 7 -7 -5 -3 35 6 4 23 44 -12 49 37 -20 -27 -10 -20 -14 -7 -49 -27 -35 27 -7 4 29 13 -12 -7 10 20 35 5 20 -11 8 -49 10 49 40 5 13 -14 11 30 -15 -27 -28 55 5 -19 -11 13 -1 -35 -36 -71 -5 -19 6 -8 1 17 27 31 53 -5 -25 -12 -13 -30 21 -28 53 -37 66 18 3 1 26 -16 -31 -11 3 13 6 70 30 -17 15 -58 -3 2 -12 -25 -11 21 15 9 11 -14 18 6 3 -2 -17 -7 -22 21 -10 -18 25 -2 18 35 22 13 14 -2 22 3 -11 32 7 -9 -6
s 110110100111010010011111110000111111010111110111011010100001101111010000
m 10 106 -73 -26 115 47 34 52 -23 46 -115 -125 -77 -74 3 -122 -126 -94 81 21 -113 -2 17 -5 -104 -84 -116 -50 -44 -91 -93 39 12 30 -95 49 79 28 -96 80 -36 -2 -119 -32 95 36 9 -120 127 83 106 124 -28 87 86 -9 5 -78 61 -96 -119 10 -107 -40 -117 10 21 81 23 42 109 -80 121 -93 -37 -41 21 -126 -65 -97 49 -4 -97 59 -122 32 110 19 38 24 -66 -98 -78 78 -125 35 -93 80 52 30 -5 -113 0 10 64 121 -120 84 -78 -73 11 -19 22 114 98 67 60 6 -100 -10 -95 -82 -17 118 -68 81 63 45 30 118 -126 -94 91 1 42 -122 101 84 -8 -92 82 -40 31 59 18 70 89 -71 72 84 88 108 -88 63 -79 33 -116 45 -109 -29 118 -29 112 -2 61 -20 94 -2 -32 -71 -114 -63 -120 18 2 88 -74 -11 18 -60 -75 60 -53 51 74 -19 -36 64 19 -8 -73 -122 -102 -1 -100 -25 80 -68 -44 -21 -69 20 -83 8 2 -32 101 -30 -107 -41 126 -11 -126 82 -81 -113 112 -42 -3 -48 -63 -6 79 -56 -15 62 86 15 85 -24 13 29 -95 117 72 25 32 -95 11 -11 20 -97 0 94 71 -6 75 -80 -120 -73 30 33 56 124 -26 42 -78 -27 93 101 76 76 -86 -89 116 -39 -39 -64 59 56 91 -75 82 -26 67 -35 -75 82 -8 90 92 100 8 -108 88 -100 75 84 -71 87 -108 7 32 14 -22 123 -18 -76 49 21 -3 -120 89 72 -102 -79 1 -20 101 -118 45 105 -48 83 56 75 67 -52 67 -85 42 -40 66 30 75 -48 59 -68 44 32 -80 115 -46 94 -36 -70 -123 19 78 -52 0 13 109 70 1 68 59 68 38 -22 -16 59 -17 -43 -112 -87 112 31 -61 42 -99 -44 -52 79 -76 -58 -37 122 125 106 25 50 -45 -72 -118 -51 -50 123 -46 101 -54 -43 0 -77 65 -88 84 -27 92 -20 -90 97 12 61 -103 -26 -127 12 90 13 -91 84 -16 118 -30 34 86 -80 120 5 83 -118 -36 -30 124 72 -105 126 -124 79 126 87 -7 -115 27 57 -3 -14 -79 -52 -10 54
e -19 37 -11 -30 37 -11 23 -37 -16 -37 18 -16 18 -35 2 -35 9 2 7 -15 -37 63 -17 -17 2 -23 -1 -23 -27 24 -27 -4 13 -4 -7 9 0 -32 -3 -58 25 -6 58 7 0 -7 20 6 8 23 -12 23 0 7 23 -31 -7 37 -1 5 18 -1 17 -65 17 42 -9 9 -6 56 -6 -8 -2 -7 16 -23 -18 16 -27 18 -40 22 40 28 -7 52 34 -15 59 7 63 -17 0 -7 -16 0 -8 16 -5 23 37 -9 -3 27 -32 -25 32 17 1 -2 -10 28 59 -10 9 20 -18 -21 18 12 -8 9 15 -5 15 2 -18 52 -14 -40 -1 14 28 38 -38 -34 -37 32 -13 -32 -1 16 -1 40 42 -26 72 5 39 72 9 39 0 -32 0 -2 -17 -2 27 0 -27 51 20 -3 -2 52 11 32 9 -11 11 15 11 21 28 16 -16 10 48 -2 -1 11 -9 -37 37 -9 -37 37 5 1 -5 -1 -40 -27 24 14 -24 -11 -44 12 -7 0 -3 7 -14 -3 2 30 -2 0 -26 0 6 74 6 12 35 -56 -28 9 -5 -2 37 -1 0 23 -24 -6 -37 -11 -19 -18 -9 7 23 -4 3 37 7 -2 -26 15 -10 35 -2 14 -9 -23 12 -37 39 7 23 -2 -27 -41 -23 0 -18 27 -25 35 4 58 -9 -7 7 -37 -15 8 -2 58 -6 -36 -7 -8 -27 8 5 -4 23 -1 10 0 -17 15 -25 9 58 -1 -34 -28 -17 7 -8 9 33 -23 -6 -18 0 -8 -40 -25 5 -28 -9 19 -32 17 -43 17 -9 28 0 -6 34 -16 8 -7 -5 5 -16 9 -18 -16 -15 40 -5 2 -28 9 10 34 52 -20 -7 74 -18 16 -26 -9 16 20 -7 -5 -18 40 9 9 22 -32 15 -1 -17 -2 -37 0 10 32 -20 -1 27 -18 37 26 9 32 72 -15 -1 39 -2 -40 0 10 14 -2 -1 39 -16 37 12 -2 32 2 -2 1 -27 -11 -40 -26 -42 -14 -72 -16 -39 18 -24 0 11 11 2 16 -9 -27 16 -37 -26 2 5 -72 2 -1 11 37 6 -11 -5 -12 16 1 -7 -16 -70 3 -2 -11 -2 2 -17 0
s 111010101001111000101101010001001000010001101110001001001001001100111100
m -76 -120 53 -14 -106 5 -5 -62 -2 -3 -108 64 85 -25 65 -27 -74 -20 -78 -75 121 -1 63 -46 -121 -113 -14 -91 89 14 123 -40 11 43 -119 -8 -92 51 114 15 -79 -64 -80 -47 -96 77 49 102 36 9 78 -65 -34 86 -30 108 24 -68 -84 -106 127 -47 87 -1 -15 -115 19 -54 -11 58 21 9 78 80 -22 -67 30 -19 105 78 -38 87 71 -47 -65 4 107 83 28 50 17 -121 82 -72 13 -24 -53 45 -114 -60 -1 19 -120 66 -100 -125 -71 -85 -122 30 117 -9 22 55 22 -104 80 -46 97 97 33 -85 83 21 -72 -4 -48 -117 -28 -80 -121 73 -5 49 52 -5 70 -15 1 57 -77 38 -41 -48 -18 39 87 93 16 5 -31 105 -11 -55 77 44 124 42 -74 -31 15 -34 -124 -46 114 -60 -119 7 -3 -46 74 9 6 -28 -51 -91 -112 90 61 112 -54 -4 121 -116 102 -82 111 34 79 15 68 -20 107 -91 -3 54 101 118 98 -30 -27 29 40 81 -14 -59 90 37 -6 33 -120 28 6 20 119 98 -45 -71 97 82 -118 108 -7 40 -33 -53 53 127 -22 -47 -33 83 -116 -123 -73 123 29 116 17 21 104 116 6 -27 11 -119 36 -18 43 17 -125 50 -76 -34 6 -47 -24 112 -68 -53 84 23 -110 40 25 -9 -1 86 -38 -110 -23 21 -103 -46 -87 -78 65 49 -71 30 50 25 98 -81 -45 15 -12 -55 50 78 -55 112 127 -33 92 55 -2 2 -69 33 95 65 -79 104 65 -73 125 125 21 8 -35 -106 122 -32 39 108 -86 -93 77 -34 43 1 119 29 9 15 17 -101 -53 -38 -27 123 -13 109 81 -62 92 -106 -57 57 63 -9 -4 -110 -55 -14 78 34 10 -23 22 49 -94 87 75 -76 36 -96 -25 111 113 -40 22 -70 3 -109 71 -103 -98 -58 -76 71 21 119 37 -99 -63 33 -99 -73 -78 -76 -103 63 35 76 25 2 -115 -14 74 16 114 87 28 83 -66 -104 3 39 115 -112 48 -36 38 -59 77 -123 41 124 -55 21 86 -5 70 -6 -70 -77 -94 125 -6 -124 -117 -28 108 101 -117 -124 64 53 -92 62
e 17 7 13 5 7 -6 13 -3 -6 -20 60 -25 -60 1 41 1 17 -7 -8 14 -6 10 -14 -49 1 -16 -5 -16 -47 3 -47 -27 4 27 -8 -34 -30 -11 26 15 11 6 -14 1 6 -1 -32 -6 -43 2 27 -2 -71 -24 5 -8 -1 -3 -22 1 -60 -22 -7 21 7 -20 -22 -20 19 -7 -10 -29 -1 1 -2 -16 -8 -2 -47 -8 -31 27 31 4 -8 -5 -5 -14 -5 1 14 -66 -21 1 -4 28 32 -4 -1 -2 -13 9 -30 9 19 11 19 -66 -22 4 12 7 55 12 48 -20 50 10 50 3 -8 -3 -8 -1 8 -19 8 30 -20 -31 35 20 4 -35 3 25 3 31 29 -14 2 2 2 30 4 -14 5 1 58 18 -9 14 -26 19 10 13 66 13 14 21 -20 14 -20 -56 7 -50 -13 18 -8 -13 -5 -15 -5 -2 -4 -2 25 12 -25 41 35 -10 7 -3 -6 -7 -14 -6 41 -2 41 -5 -30 -5 -3 20 3 4 14 -29 44 10 26 -24 -29 -26 -6 -14 19 -6 14 -6 -62 5 -6 27 1 6 26 -17 -41 -6 15 5 6 5 3 -6 -3 -4 -27 -60 -7 24 5 27 35 3 8 -6 -60 -14 -25 1 -1 6 -17 -21 27 -7 47 -24 5 1 2 -3 -16 30 73 57 -11 -1 -27 14 -17 -15 42 -7 14 32 1 14 10 -16 1 8 -47 -32 1 35 2 42 8 -30 7 -34 45 -20 14 22 5 -1 -7 -1 -32 20 -17 6 10 -8 30 -8 -31 -11 -1 4 22 -8 -43 -8 -34 -66 20 4 -21 -10 5 4 -8 -1 1 -19 2 9 -27 -4 -8 -31 -1 -4 4 9 -22 -5 -19 -20 1 -66 -53 2 -21 -3 12 -20 2 -1 50 -42 17 -3 25 -19 8 -35 75 -4 3 21 -12 -14 20 43 -14 -50 32 14 3 14 -5 8 2 14 4 -30 10 -12 -20 13 35 -14 25 -3 -10 41 -14 13 7 -14 14 -41 -30 -30 -5 20 5 2 -14 -13 3 10 -5 -4 13 -2 7 14 -25 6 -14 41 -41 5 7 -13 13 30 6 5 -41 27 -2 -5 24 54 3 26 -41 -4 -6 7 -7 -6
s 110100101011100110101101001011101010110101011111101011111000100011011011
m 18 37 23 36 -100 -110 55 -104 -17 4 119 29 -52 99 -60 115 60 116 55 92 -82 -3 95 -112 113 89 31 6 -58 59 123 -4 111 101 -123 -35 57 -63 -16 -79 77 -49 -111 82 53 -64 -105 -60 26 9 124 -77 86 111 76 -106 2 -127 67 -14 111 -8 90 -24 -35 -10 -28 73 95 61 121 63 13 -1 -88 70 106 -31 -64 91 -85 -29 -11 -24 38 61 58 -77 -66 -37 119 -3 28 9 -116 -110 125 -11 -89 127 -60 -109 -21 125 120 -58 112 -3 30 96 5 43 78 -99 89 80 -111 -44 15 41 -53 127 -24 2 -73 -44 29 69 -99 36 48 -105 -88 -121 115 105 46 -119 -63 74 105 48 -26 -88 114 -9 -80 1 -116 111 -125 88 -120 23 96 -5 -91 -70 -28 45 50 30 12 35 -83 -20 109 -113 82 79 65 53 -66 -103 21 21 -41 -65 97 -106 -124 -14 -39 -38 -54 -32 67 -3 6 -21 -63 -68 19 102 126 -105 -79 33 111 -102 96 13 104 28 52 -91 -21 22 -125 -90 -123 -67 -38 -25 -110 111 85 125 -53 26 -99 -91 -63 -17 -116 14 -31 -2 71 50 -95 34 55 -49 119 123 70 -98 -126 -32 3 8 -34 -8 -107 -52 -74 -66 75 36 127 -75 36 -105 88 -26 39 -11 -86 110 99 2 22 -87 42 -108 14 -2 -60 88 -16 9 43 -85 44 -116 67 26 -94 -66 32 52 -19 86 -20 -114 -79 -26 29 16 -123 -34 125 9 -56 -85 -82 -52 33 16 28 -72 -114 -86 -121 -19 65 92 -36 -27 -14 3 122 -32 81 72 -41 33 124 -12 -79 98 112 -61 -51 -95 -74 -108 -81 -32 -9 85 107 111 -71 118 105 -16 -78 100 111 -5 25 90 -28 32 99 -110 -38 -8 -25 -28 38 -50 107 68 -35 -109 -35 58 47 -125 32 -82 -2 109 90 78 -56 106 -109 44 -15 92 15 -50 -21 79 -64 -70 -112 -37 21 -127 -91 -76 -77 -76 103 28 47 -67 113 -6 -12 20 -10 -90 -68 -109 34 60 -50 -92 -8 -17 64 11 22 -59 -41 -47 98 120 116 49 -16 19 -45 -58 126 -119 -63 29 97 -7 -3 -126 110 -120 -6 125
e 23 -2 25 -13 2 17 -13 4 -18 -23 3 26 -3 -2 3 -2 16 68 -17 7 -3 12 7 6 -3 6 -15 35 56 -28 -51 20 -13 -4 17 -6 -10 -51 -7 -8 51 -19 -8 8 -30 -8 -23 -2 23 -28 51 8 -10 25 -13 -47 2 4 7 -2 3 -14 -18 2 18 -23 -16 9 29 -2 29 47 -3 8 -28 6 -14 -42 51 -14 10 4 13 -8 -17 8 -36 -7 36 1 8 3 40 13 -10 -25 23 -22 -1 -8 -1 34 10 -34 -21 -56 -21 3 7 -14 -31 -18 -11 5 9 -11 14 -29 -18 5 -56 5 -34 2 -21 14 -14 -17 6 -10 -44 6 -8 42 -2 -36 -2 51 1 -51 19 28 -19 17 10 -20 -11 28 -9 11 34 9 -12 -25 12 44 3 5 -15 25 15 8 -42 -3 -68 14 21 -68 5 21 -17 21 17 -15 -14 15 -26 5 26 3 42 29 -6 2 -3 -6 -51 -10 -36 -23 6 15 -42 -15 -28 6 28 -13 9 -51 25 14 7 43 -5 -7 -28 15 -19 30 -8 30 -2 -11 -2 51 -2 3 -7 16 6 -19 2 28 30 -32 52 -14 -4 -13 -51 3 6 -25 -13 -4 7 4 17 -19 30 53 47 2 3 -2 -16 -6 51 -2 -51 -25 -13 3 -8 4 6 19 -3 -51 51 -7 -4 -8 16 17 8 32 -7 23 3 26 29 -6 8 -47 -51 23 -2 4 -8 7 34 -10 24 -7 -51 -9 8 7 36 -8 -18 -1 -23 -9 -28 8 38 -26 -10 -47 10 -51 -2 -8 7 -14 21 18 10 -3 9 -8 25 29 51 10 47 1 -1 2 28 34 14 -10 -21 10 -1 14 -17 -34 -5 -36 21 -11 -1 3 14 28 25 -7 10 -11 -19 1 -14 17 54 -5 6 21 21 42 -3 -14 2 -25 5 -59 -11 42 15 14 31 8 5 -51 -11 21 -19 9 19 -17 12 5 6 -5 42 -9 -26 2 12 3 51 5 -73 -19 15 21 -17 -8 -17 19 -22 15 -39 -21 28 -12 -17 -13 5 -15 -6 -20 26 3 8 3 6 -11 68 -15 21 3 -2 -30 6 -66 15 15 -25 26 -28 -14 31 13 19 -68 -7 -30
s 101011111110100110000010010010010011101000010101011010101011110111110000
m 57 -106 -76 62 120 12 91 90 -105 4 -33 -12 -43 62 -111 84 -99 -34 114 -42 -91 -107 -125 -95 -43 103 61 -48 -116 32 -58 -72 -54 -114 103 -64 -80 -87 35 -88 18 111 -7 108 -55 3 -116 -39 92 -97 -117 -9 41 -20 119 -117 96 89 32 -18 -126 -5 -89 -27 34 115 -12 -112 -65 57 8 40 6 95 28 -63 -91 43 109 -81 111 95 -77 113 -77 104 -81 96 -32 -122 0 11 99 -82 127 -113 -23 120 -11 35 44 65 -84 -34 77 118 26 43 -46 122 120 72 -120 -124 0 -21 -9 65 95 -31 6 -111 -34 48 -11 -25 -28 -9 -23 -5 -104 118 -2 -73 -98 -56 10 53 -37 -97 93 106 -70 38 -32 -23 -123 38 65 -11 67 23 8 5 -105 -10 -51 -81 78 -72 -41 -1 -28 -27 2 -65 59 76 -23 17 79 127 35 53 -55 -29 122 -94 -126 48 -99 -14 12 -60 93 74 -83 86 -8 -112 -6 -71 -29 -51 -67 -9 -59 121 104 39 13 93 -127 -80 56 86 -28 91 101 80 76 31 -107 1 14 120 -58 30 -2 49 -103 -92 39 -44 -94 -96 -77 -23 -98 -90 114 83 -50 -61 22 -3 -99 105 -61 -59 -104 -78 11 31 51 126 62 69 61 126 15 46 91 60 2 49 65 37 11 -25 -27 60 -74 -111 -75 -108 116 55 -27 -29 -88 49 99 97 -86 -6 4 121 -115 80 -113 81 -113 115 35 18 78 122 -110 -127 -119 -89 21 -38 62 9 123 117 -2 -116 -41 -93 -73 -103 17 117 7 -19 62 -120 34 -31 -38 88 45 81 91 35 2 -17 -80 3 -72 107 112 -25 64 125 -38 58 87 -43 108 -50 -31 84 -27 13 -90 -47 -73 2 66 -2 83 -13 17 95 -99 -92 -3 -121 -124 49 63 75 67 71 -100 26 -95 77 -46 19 51 -11 115 -71 13 -76 -127 -118 84 44 -41 -114 122 -81 85 -14 -116 -4 115 -53 -73 -26 -52 79 -59 -54 -45 30 -44 19 101 -25 124 -127 -10 28 60 1 -13 -115 44 20 122 64 13 -46 44 -127 -123 -98 -125 78 -61 34 63 -123 -123 -34 16 -103 -19 -14 -44 -116 -103 81 -44 -31
e 11 -35 15 20 35 -30 20 -4 -22 -43 10 -91 10 24 -24 24 -11 -2 -54 -16 -27 -6 -16 6 -6 -42 -30 56 -4 9 -4 3 1 3 -54 -11 -33 16 -2 0 -24 -25 0 -3 10 -72 21 -13 -21 -2 -35 -2 33 12 20 -2 3 -4 -5 -3 10 7 -19 -28 19 0 -43 0 -2 35 2 2 38 15 38 42 17 25 4 17 5 -3 -5 -2 54 -2 28 16 44 -15 -7 -12 40 3 22 -40 26 22 12 2 -10 -30 -33 38 5 -16 5 -10 5 22 83 19 -2 -83 8 -2 15 2 -8 2 2 2 -10 3 -30 -49 17 26 -3 -30 43 3 77 43 -4 28 4 23 -15 -23 62 25 -70 -8 -22 -1 1 -10 13 1 -30 13 -25 23 7 -12 10 -9 -18 -40 18 -10 -2 -39 30 8 -15 2 2 -48 -11 10 -11 22 -22 -22 11 -88 -11 24 43 1 39 -4 27 11 -23 27 6 -62 7 30 8 30 -9 -3 -9 -1 13 54 -14 -7 2 12 9 -2 52 -18 -25 -10 1 -10 -13 -10 21 35 -24 56 13 11 6 25 49 30 10 -20 -9 -13 4 1 35 -10 -11 12 55 63 2 -4 68 25 10 -16 -28 24 6 13 11 -42 35 35 4 -12 20 6 8 -4 -42 36 -29 -4 16 24 3 0 -11 54 -3 35 -16 21 -6 0 2 -42 3 -2 14 -21 -3 -3 -2 -5 54 33 19 24 -16 0 0 5 28 3 30 -15 -21 0 25 2 -7 17 -33 -2 -5 16 3 -2 -5 25 5 -19 5 10 0 -2 63 2 -28 22 6 -24 10 15 -25 -30 -17 -28 10 5 10 22 -2 30 83 28 -5 2 -15 -10 8 -25 -40 -21 22 -19 62 10 -8 -8 30 2 -8 -5 -10 -64 -10 22 4 40 -83 47 -2 -43 18 -8 4 -1 -2 -23 -1 -10 -62 -13 22 -8 7 -83 3 -9 -43 -21 -11 -9 -7 -24 -23 -9 -2 62 18 15 8 1 11 3 -1 -26 13 15 -17 -7 -11 -13 -9 -22 11 -36 11 27 1 -24 -6 1 -2 30 15 27 -13 -11 -6 -35 -22 39 -12 -11 -9 2 -24 1 25 2 -11 10
s 101111110001100101001111110100000101101100000111111001101001100111011110
m -28 -80 -106 -104 -3 -93 70 33 -57 -74 115 36 -119 -82 77 34 114 -22 114 113 -66 -26 7 123 108 -74 -18 -120 -17 -25 83 -103 69 66 2 -111 -81 10 92 117 23 -76 -50 51 -53 17 -91 -13 87 -110 -126 56 -77 -36 -122 -20 -115 -101 86 -28 -86 -67 66 -17 -35 -114 -91 95 -88 116 -14 77 -103 -127 -77 -20 115 23 0 88 95 96 7 105 90 -55 66 74 -44 39 90 37 52 -106 49 -60 -79 92 -57 -74 -31 -2 11 -111 -73 -5 -111 3 105 112 19 -10 -65 -57 4 45 38 26 -70 -80 -104 111 120 -112 39 -61 9 -39 61 -54 115 -32 41 42 -31 105 -98 87 -97 103 -118 -98 -29 4 23 -120 -90 6 -61 -75 -119 -47 -92 -12 -53 -20 24 57 -92 -77 10 -46 27 -84 -43 105 23 105 25 93 40 69 -1 -103 59 29 78 7 -60 100 46 50 -94 -107 112 90 -31 -105 -2 106 -82 -81 -84 -90 115 86 80 -97 -67 -116 -39 0 -13 28 16 -23 -1 5 106 -113 127 3 69 -104 107 -93 53 -37 -52 -29 -75 23 -40 12 13 31 63 66 -111 -110 109 106 -122 100 -2 -62 -69 -10 75 11 -32 104 -110 -95 83 24 -71 -81 -33 -66 -52 -80 -2 -53 105 95 -53 -7 -56 -23 -36 93 -64 -40 23 90 45 4 -28 -5 4 -111 51 -18 115 27 21 111 -116 -82 125 87 77 -80 46 -60 -25 107 -88 -95 -24 28 45 1 -78 -37 13 120 -25 -112 107 -108 71 -66 -47 -101 80 92 -112 -113 43 -57 35 40 54 -61 51 16 -63 -1 97 3 -23 74 69 -24 24 -77 -56 112 -21 -124 117 1 -53 25 52 29 74 124 -84 -44 122 -3 -65 -39 103 96 49 -57 -3 82 51 -34 113 57 7 92 -49 -61 -17 114 -53 10 -70 -90 -109 -44 99 127 100 81 -27 -24 -5 -8 121 -7 106 -27 40 -11 -40 -103 -39 105 90 57 47 123 -59 -124 35 61 65 -81 -59 90 104 -34 -30 -32 52 -21 -99 67 55 29 59 30 -43 -107 -115 -26 49 45 36 7 88 48 -9 -41 60 -33 69 -42 -115 -95 4 -84 -125 33
e 21 3 -21 2 4 1 -2 9 -8 -9 -28 29 28 -15 -27 15 -21 38 2 -7 -26 -4 -25 2 4 16 11 16 0 -56 0 -55 -28 55 66 -79 -7 -5 -12 -35 -5 1 35 -15 -3 -25 -5 -21 5 49 29 -65 -7 25 2 24 -3 -9 59 -3 28 -70 -9 -30 9 4 21 -4 13 -3 22 -18 -4 1 12 16 8 -12 -15 8 -7 55 -38 -19 2 19 -1 -7 1 -1 -35 -3 48 15 -14 -46 -5 -14 -6 49 -6 -43 7 -2 -11 9 -11 -21 59 24 -7 31 -3 7 -31 3 -9 -13 9 22 18 -22 -21 -3 -21 -24 61 4 -3 7 -30 3 -19 -30 7 -1 7 28 1 28 -26 12 -50 -21 -14 -41 57 28 -24 57 -2 -24 0 -47 0 7 -3 -7 -5 -46 5 -52 3 27 20 -9 43 -20 -39 21 -1 -21 7 -8 24 8 29 -7 -29 -27 -30 -28 -79 7 26 83 -35 -26 -38 26 -2 11 4 11 22 -3 22 28 -24 29 25 5 21 -32 -7 12 4 9 -1 -3 41 12 12 57 12 29 15 -26 12 21 -2 -1 3 -16 3 -2 22 12 -9 28 -29 -28 -79 -25 2 -56 12 -29 2 -1 49 -7 -3 -15 4 12 21 16 42 3 0 25 2 -4 -49 9 16 -10 28 0 5 15 -55 44 -25 2 -15 -3 7 -69 23 35 -13 18 -15 -18 0 5 -3 -55 -49 59 2 -7 -9 7 5 -4 35 -59 1 -15 -9 -1 -5 4 -21 -49 13 -8 7 18 -7 5 -3 19 59 8 -11 9 -7 3 -4 -19 46 13 -1 -21 18 1 6 25 12 2 8 14 -35 7 -6 24 35 -2 -7 -21 -11 3 -1 -3 -9 -12 -46 22 -14 -15 -26 -6 -9 -4 2 22 28 11 -21 37 -3 24 -10 46 7 -28 -3 -30 -5 -34 7 -41 22 -28 -57 -21 26 24 -50 4 0 7 -3 14 -30 -42 29 7 0 27 -28 -7 -20 26 5 21 4 -41 -1 -3 -66 -8 -24 21 22 0 1 44 -7 -8 -79 5 29 33 41 -68 -2 57 20 11 21 26 12 -1 2 -29 -19 11 -25 -32 22 12 27 28 -1 20 -79 3
s 111010010100011110110101001100100011001110010100011001110111111101110111
m -38 110 -8 4 -4 73 -126 18 -3 46 -109 -87 62 -14 23 22 68 -59 60 124 -50 35 -34 40 25 7 88 43 18 69 39 73 -67 -122 40 -67 -63 -108 99 76 -87 43 34 -5 -123 -64 106 -31 -80 -75 -7 -34 -110 91 107 -116 -94 -94 76 39 -14 55 114 -101 -86 18 49 -62 -23 42 99 -102 -112 26 89 -46 113 94 -18 -110 124 33 -79 -85 -93 -115 -66 -38 16 -28 -122 38 -90 -18 -92 -5 -69 -63 -93 -53 79 -97 70 103 -1 87 -96 64 -29 5 62 95 69 -44 56 53 30 -79 -37 -71 83 39 8 26 -125 -3 -3 118 -9 -38 -59 79 -62 116 46 77 -29 7 -111 -78 17 -14 97 -14 28 -71 -100 -99 -62 -21 -9 41 -124 71 19 -92 6 -104 76 -12 -71 31 -95 54 63 -8 126 -109 -71 -61 70 -18 53 -104 40 -117 -11 99 -77 125 83 -67 101 -18 -103 108 -34 2 -73 6 -43 24 -96 59 15 -38 64 -126 82 74 -81 76 22 -65 89 54 -68 -22 49 78 55 79 -18 -117 80 69 12 2 64 -127 123 -91 -68 35 -112 -68 7 -67 37 89 100 -29 -126 21 126 -60 -65 -70 49 112 -67 -11 -58 -17 43 -121 36 15 94 -104 31 17 44 69 -73 -119 -26 -102 -37 55 -126 -86 -116 -42 92 -29 116 112 -125 29 -3 5 -6 -3 -37 -57 -126 -122 47 90 29 68 -20 -35 -76 -20 27 44 59 8 16 6 -55 55 -44 3 10 -92 1 118 -56 75 -32 45 35 4 41 -97 -16 -73 -53 7 76 109 -106 -120 96 -45 -64 86 95 49 68 -49 56 -101 -8 19 -42 103 -122 -44 69 -81 22 99 16 106 31 -30 -77 -103 90 -75 35 -44 56 -126 -63 -47 53 55 -76 8 8 4 116 13 68 108 -121 -4 -64 -24 107 -9 73 104 -60 27 -88 73 41 27 -47 68 49 -4 80 -2 22 -85 15 19 -108 58 94 107 -25 43 -61 -41 63 -52 94 -18 77 90 -35 -56 -46 -81 -76 115 78 9 -113 16 -64 77 10 58 -97 79 45 -36 -54 -112 -8 -44 -57 -77 -54 -50 64 46 78 -68 15 -83 18 -126
e 32 -4 38 -39 37 -41 4 33 16 16 -13 -10 13 -11 -17 11 -32 56 -18 -10 -2 3 10 7 3 3 21 3 16 7 16 29 59 -29 -18 16 -31 24 20 5 24 -14 5 6 -51 5 -26 -16 26 -26 39 -26 -31 15 -4 -50 -23 -16 7 23 -26 7 -49 -11 49 -3 -32 3 1 -4 -1 -50 -3 14 9 -3 -3 9 -16 3 17 53 -17 4 18 4 14 10 -14 -14 -5 -6 -5 5 25 -11 26 25 -37 -26 37 8 31 -8 14 -24 1 -6 -7 3 -39 -49 -47 55 -3 -61 -7 1 7 35 50 -42 -7 31 7 -4 49 13 34 -17 -4 -8 4 4 16 -14 -16 -30 -14 7 6 -9 6 -24 -40 -8 19 -37 -2 51 39 2 -14 -1 14 4 -7 4 8 -5 -8 8 47 -17 -52 21 -7 52 35 7 -41 7 -41 3 3 3 -20 -39 -10 -17 4 59 -16 -26 -2 -16 7 2 -7 15 -7 31 -13 21 7 8 7 59 2 -7 -15 14 41 -15 -4 20 14 -8 -14 51 8 51 -28 19 16 -7 13 2 20 32 7 14 4 21 -51 4 14 -16 16 -59 -7 -13 16 15 -4 -29 -20 -16 -18 -14 -13 18 -69 -11 3 -16 -34 3 -7 4 16 19 -4 3 -26 -16 -3 -31 -13 16 24 -11 -29 -5 -32 18 -5 -4 10 -39 -22 30 1 -7 5 -56 -16 26 23 29 30 7 26 -49 49 10 -40 -3 5 26 -14 -5 64 14 26 -16 13 -26 -6 -3 -31 50 -17 -24 23 -55 7 3 1 49 -17 -6 -3 -4 -5 1 -14 25 -50 14 37 23 9 8 -3 25 7 28 -39 3 4 8 -39 14 -1 -47 23 -6 -7 -9 -5 35 -25 47 6 -37 -7 -13 8 35 -8 -1 7 4 -6 3 16 5 -39 -7 47 -7 -8 7 16 -28 -35 -7 19 -7 -6 2 3 13 -14 -39 -8 51 4 -36 10 -16 17 -21 7 -4 -52 6 -8 -7 -13 -8 -41 8 -19 3 2 -7 -7 -14 47 59 4 -3 -16 20 -10 2 -8 -17 7 -19 52 21 -7 -2 -16 41 -9 7 3 -21 -15 -10 7 20 -17 59 -38 52 -59 -51
s 100011001000111101101100010111101111001101011011101100100100111000010110
m -80 -110 34 -76 -111 -99 -25 -38 8 75 -14 70 -8 49 -20 4 113 -93 112 -112 -77 1 -56 13 18 -70 -42 -110 76 39 -50 53 -3 -127 39 98 14 -127 -59 -34 98 124 30 125 -98 104 91 56 26 -100 -64 -95 -37 -55 27 -66 -61 113 104 10 97 85 -81 90 -106 -98 -44 -49 -80 -113 14 -67 -50 -38 26 -97 -80 33 97 -125 33 -21 100 6 57 -37 -68 26 -44 26 -19 -67 124 95 -48 121 -105 -21 88 -98 0 54 -103 -42 25 -100 97 -121 66 33 -72 -46 78 -8 42 19 -35 53 17 120 -111 102 -91 74 -115 -15 -73 -85 -44 -26 43 94 85 41 121 -26 43 -97 35 87 -63 93 53 -94 -43 -70 -22 -73 70 -67 -32 -118 -118 -118 -50 -33 -80 88 -15 -108 36 33 122 -74 -60 -82 -72 -104 64 81 -114 -96 107 -113 -95 42 -105 -99 -68 -84 -102 -71 -90 -121 -96 61 109 -91 79 -101 -118 -86 -42 -106 -83 -48 118 -37 -63 -86 47 127 106 118 100 -94 97 47 56 -30 101 -95 -15 84 22 58 -123 2 62 23 -86 -117 33 66 48 109 -55 -116 -13 -10 -43 -29 113 -31 14 -44 34 67 78 35 -40 127 -47 -82 -36 -116 20 -122 63 -64 -29 112 116 -111 -24 -68 43 -36 -51 -101 -12 -125 99 -89 10 -20 -79 -18 41 -5 110 -29 23 120 -93 97 88 -87 -3 91 91 -90 -51 -126 100 113 116 101 -63 112 -117 -113 -47 127 68 -104 118 -97 44 20 -38 -111 -73 -69 -102 -84 -29 82 -32 -117 74 49 -95 -27 -73 -35 68 8 -110 -109 29 117 -76 -29 -20 123 76 -16 39 13 -66 -3 -37 26 -125 111 -27 -115 57 1 91 47 15 -75 62 -88 -9 24 -101 -33 -57 -72 -94 79 -76 116 115 54 15 44 102 -15 -80 74 -99 -65 -44 109 -71 117 -69 -101 -57 77 -48 -124 1 -78 5 -31 -21 75 -86 37 -127 102 -96 -96 63 -97 91 -89 -33 120 -34 10 29 -87 -116 125 -113 106 -19 48 -87 -117 -67 -19 -62 96 124 -96 -99 -3 124 -82 8 13 -45 3 70 96 -8 8 12 -34 -82 39 -30 -1 -84 79
e 9 -16 63 13 -16 -12 13 12 -9 -12 7 -7 13 -4 -33 -43 -9 -1 18 -23 -2 -16 -23 40 -1 -38 3 -38 26 -11 -26 -19 -9 19 18 -54 -32 11 30 -17 -11 -27 17 70 -27 70 5 7 5 -21 -3 -21 13 7 -13 59 3 -12 -26 -3 -7 -26 41 -4 41 37 9 37 13 -16 -21 58 1 -23 1 -38 -18 1 26 -18 14 39 14 24 18 -6 23 36 23 24 -26 -43 -48 70 -7 -48 -5 -7 0 -21 26 3 13 -3 -28 11 -22 -43 -26 -12 -7 42 -17 -14 -43 -66 8 -13 -8 -29 58 -29 67 -3 67 12 -18 -21 -1 -14 5 1 6 5 -38 23 -66 39 23 -39 -47 1 55 -21 -7 -29 30 0 -26 20 -3 26 -42 22 -42 -17 -43 17 -32 48 14 55 -17 -18 -1 8 -30 -1 -29 30 -12 67 12 7 12 -7 7 -7 7 -18 -5 -3 54 38 -2 -74 -39 -2 12 -47 -12 3 -21 3 11 -1 -11 -3 26 -3 -7 42 -30 -7 17 30 -27 14 -27 -42 29 -27 -7 -20 7 3 4 17 -30 -9 -12 27 16 -3 27 -13 11 -7 34 -3 -3 7 -54 7 -22 19 -30 -12 18 -27 7 23 -27 4 1 -7 -9 -38 3 -16 -44 -7 -13 1 -80 12 62 13 7 -26 61 4 -19 -17 -18 -35 -82 -29 23 -23 -1 -17 -13 38 -70 -58 26 -5 9 -19 21 26 -18 13 -41 23 -11 -37 -17 -26 23 -70 41 23 5 37 1 -21 -13 18 13 58 -14 11 3 -6 58 18 22 41 14 59 37 -6 48 13 -23 14 58 -23 0 -3 -1 -3 -18 7 -80 -23 0 -14 -6 -26 -7 -23 22 -17 -23 -43 -8 23 -48 -29 7 17 47 0 15 37 -3 39 -1 22 67 5 -43 -12 -38 -64 7 -77 -17 -5 -14 -8 38 -29 29 -39 20 -67 -47 26 12 21 -44 -7 39 -17 14 26 7 -38 -42 18 39 17 -1 -47 14 -30 21 -29 -12 1 20 -7 -28 -30 11 42 -12 3 -29 -7 54 -14 7 -2 -29 18 12 20 -1 37 30 -2 14 29 -12 38 -7 -3 28 -19 -35 30 -18 3 31 -53 54 27
s 101000000011100011100111010010011101011110001010101001110111101110010001
m 61 -118 94 117 115 12 120 23 -70 -107 -52 83 0 -25 69 36 29 11 74 -124 -33 87 72 -96 30 -59 44 41 14 -109 11 -95 -121 -54 -35 55 37 -73 -28 -52 31 -29 -31 -118 -83 -22 -127 126 -51 -14 -26 109 93 -104 5 -97 67 82 81 81 -60 -114 6 -50 -40 116 60 80 79 17 -19 -72 92 -41 116 83 -28 20 40 59 93 30 -110 -103 -15 -100 -43 33 114 78 -79 -127 -79 33 53 -78 79 -58 -91 -5 72 -59 13 97 79 -66 2 -104 49 -36 -12 54 -98 -24 62 -120 -56 -45 -66 -66 62 -99 -18 -57 -8 -101 -99 85 -58 47 -11 -37 -82 -27 92 -27 -13 -56 -87 109 25 114 74 -105 8 -24 24 16 -86 -6 -102 -80 102 -65 -91 -49 -64 -97 90 -64 -99 78 -80 74 121 11 7 -13 -21 106 -46 -68 -124 -126 74 -73 -125 -16 -110 37 -123 -79 -16 75 -6 50 -71 -102 46 -107 1 73 33 -111 123 -95 16 -80 32 -92 41 -105 -17 43 -25 68 18 109 -117 -49 12 115 90 107 33 -55 -87 -18 26 88 23 79 -68 21 -23 81 96 -91 -14 22 105 23 -63 74 -88 20 97 -25 -53 110 123 16 83 -94 104 88 -54 19 -87 71 -25 -93 -52 33 73 -109 -105 -14 -92 -56 -82 -99 -56 16 78 -104 127 31 15 -15 -79 -103 5 -55 74 -68 21 -40 74 -7 -86 -119 -103 -95 91 -107 21 -25 -25 -47 -35 -103 48 -41 22 -125 -6 98 -11 -95 35 -16 114 -20 -97 -51 -17 -107 124 -1 -30 -3 124 17 -118 -16 -85 49 37 42 108 116 71 -92 -76 30 107 109 113 -118 -31 126 32 17 38 2 -66 -123 81 60 45 -103 -40 -72 -19 6 118 -45 -9 94 -117 -78 -46 19 -84 49 -127 106 10 106 53 -69 -123 -6 -2 47 -87 -64 74 69 115 77 -93 -44 82 -103 22 95 18 -36 -105 -117 -65 80 23 8 -119 -49 116 33 -66 39 -74 -7 -13 14 -89 78 -69 18 -106 -29 -50 2 38 -122 26 -43 109 88 78 83 -52 75 77 74 85 78 -111 -109 -24 71 -95 -114 3 109 5 90 -45 -54 -89 -124
e -26 -15 -7 -5 15 -41 -5 13 -2 -13 0 -23 21 32 -5 -22 -48 -12 14 14 -6 -27 -14 -1 -29 17 19 -17 10 3 13 -7 20 -7 -14 -14 -12 18 -15 -14 -18 -16 -14 20 -21 29 -14 -29 -14 5 49 -5 -12 -36 -46 14 -50 13 -15 -50 0 15 1 22 -1 22 -26 22 -5 28 5 14 -27 36 -6 -17 52 -6 10 -25 -27 7 27 15 -31 15 -15 -14 15 -36 -14 -3 40 -20 7 40 14 -7 -6 13 6 8 -13 -8 -2 18 -34 -3 -15 43 -9 1 -2 -9 22 -2 -6 5 -6 -19 -14 -19 7 59 16 32 25 -29 7 -27 -16 7 15 -10 2 -15 -2 -21 36 21 -17 -6 -17 29 27 11 -6 6 28 12 8 28 -16 2 16 7 -3 7 -87 40 79 -11 -2 -5 -10 6 -29 10 -58 -7 11 7 11 -2 -32 -2 23 -9 23 -5 -10 20 34 2 -16 -14 -21 -6 1 17 21 19 -39 -19 -3 7 -3 20 -32 23 38 16 -23 36 7 15 26 -79 -16 -21 -21 21 -29 -6 -75 23 22 -6 15 -26 1 16 -15 39 -43 -5 -3 29 -21 -26 -23 0 14 36 5 7 15 -13 -14 16 0 -14 21 22 -27 -29 26 -36 23 15 -10 -36 5 -27 -5 -13 17 12 0 -10 18 22 -7 22 -26 -14 -20 15 -14 -20 27 -14 -10 17 -20 14 10 -14 -50 -18 5 15 -14 12 1 14 -18 -55 -14 15 -15 20 1 36 14 -22 18 -5 5 25 -12 33 -27 19 50 15 42 25 -2 -6 42 -56 22 -28 40 5 -15 7 -14 -36 6 -50 -6 8 25 7 -7 -27 6 32 15 -8 9 24 -2 47 36 -3 6 -6 -56 -19 -7 -2 22 14 6 29 52 19 7 2 7 10 -3 -32 -2 -40 11 21 2 -10 79 -10 -12 -11 -19 -21 -6 -7 -17 -28 32 29 -16 -9 -7 -7 10 28 23 -2 16 -5 49 -22 10 17 -79 -7 29 -11 11 20 6 2 28 -7 3 -57 11 20 7 13 -14 79 -73 -6 -11 -5 1 -6 10 19 -7 6 -29 -11 -1 23 -2 19 -36 23 -14 15 -33 -20 -16 10 14 -21
s 111111001100111010011111001110000001111000011010110011011010011011101111
m -125 103 -35 -12 -80 77 64 26 -10 -11 -70 -84 -13 121 57 -50 30 103 59 54 31 32 84 1 30 -106 51 61 87 70 50 -119 -22 3 -67 37 107 -90 -87 59 -42 -125 -32 -60 -48 -30 7 -36 30 -38 54 -52 17 -58 58 -81 -24 -69 -123 2 29 58 35 -13 100 -67 -108 -108 -18 85 2 110 112 -57 -110 -66 30 -58 -21 59 -8 -7 13 114 86 -108 -71 83 5 37 14 82 17 24 -31 -82 35 110 77 -115 -3 -6 -51 -26 83 -67 -100 -51 -56 -43 -107 89 114 -16 -81 74 84 -55 -30 -25 -121 26 -24 38 -113 44 84 -100 20 99 34 -45 48 -105 -15 17 25 -126 -117 79 64 65 42 -2 121 54 100 99 -114 61 117 -45 -69 50 11 53 -19 92 -108 51 -58 72 84 -7 40 -80 62 -98 -45 -7 -16 91 -110 -74 105 79 3 -110 81 7 30 -78 92 33 9 65 47 -60 125 18 18 -35 -69 34 85 66 42 68 -80 10 38 -38 58 -50 -96 27 -115 -59 28 -121 79 24 70 95 100 -67 -106 -102 -118 25 -65 106 52 -59 -69 -109 101 127 91 107 2 115 5 -79 -2 28 22 -30 99 34 4 36 38 38 -88 -105 115 60 18 1 36 125 48 -98 32 110 -104 103 -50 -56 126 97 -92 15 17 -9 -90 -25 107 -70 81 -11 103 -25 85 -114 -71 14 -95 -72 13 -87 109 -100 -81 21 4 -84 -88 56 103 -5 -65 -102 5 -48 -31 -114 93 -87 81 -67 42 -96 -24 -10 12 63 32 101 -44 37 115 30 10 37 -15 -55 117 -114 50 -55 93 -95 -60 -110 24 41 61 24 -54 44 -9 -106 102 -35 -22 -97 24 85 -50 -67 -42 64 45 -93 -30 107 41 -13 35 101 -78 26 8 -23 94 -95 41 -9 -57 1 61 102 -84 7 -45 93 6 100 -15 57 -125 78 56 73 56 22 -44 24 -123 104 -25 69 -57 125 70 21 46 -80 -34 1 -120 -110 65 -54 -105 -122 -22 -29 5 -32 82 -42 126 -55 3 -123 17 92 -17 109 -30 -54 -19 -126 -19 -118 -120 57 82 -20 50 5 106 45 91 -103 58 -86 -16 65
e 15 -1 7 -2 1 -5 2 10 37 -23 -4 -3 -4 12 7 -12 -15 -27 8 19 8 27 19 15 28 -22 -18 22 19 -20 19 3 28 -7 -8 5 -15 -4 20 10 -4 -25 -10 5 -21 5 5 -17 5 -12 2 -12 -45 -34 2 59 2 -10 11 -21 4 -11 -57 -34 -31 -42 15 -42 2 -1 -16 -59 27 -20 28 -22 52 28 -32 27 -12 3 7 9 8 -9 -5 19 14 20 10 -7 9 -5 -37 -9 5 28 3 -12 -44 23 15 6 -28 -4 28 7 11 21 -8 -31 -31 -8 -42 -31 21 2 -21 -12 59 12 21 -2 21 -21 27 2 31 7 1 -18 9 -1 22 5 -14 -8 -20 8 -14 -28 -14 30 28 -1 -6 3 21 -6 -6 21 10 -28 -22 -20 7 -20 -41 9 -41 -1 -31 -7 -27 -21 -7 27 -12 17 5 -21 5 9 -21 -9 3 -8 3 7 1 20 5 -14 28 5 8 -8 1 -14 1 18 2 -18 -20 18 -20 -20 21 2 44 10 -20 -34 20 -20 -25 -41 30 -21 -1 34 17 -6 17 -2 -12 -8 20 -15 -1 25 -1 18 -21 -2 -20 17 10 -20 9 4 14 -34 -11 -3 -24 -10 8 25 12 19 21 12 -27 -17 -15 22 2 -22 19 34 2 -27 12 10 -22 -15 -4 -19 4 12 3 10 -22 -52 5 1 19 -5 27 -13 -2 -53 -5 59 -19 5 2 3 28 11 8 15 31 32 37 -42 -10 -11 5 21 31 -20 7 -59 51 -12 -2 -27 -15 71 7 -4 2 -27 -49 27 -44 -31 -7 -7 42 9 15 -2 -5 -28 -59 -20 3 2 -28 6 -27 -28 -21 7 3 -21 -9 -6 -14 -5 -28 50 -33 7 27 -28 -9 -12 -28 -31 -14 -3 -21 -2 -6 -22 18 -28 21 1 -17 21 -14 -9 8 -42 31 23 41 21 14 -1 -12 8 -54 -21 16 -21 21 -2 -10 8 18 -47 -1 -40 -3 -14 10 7 -8 -20 -27 -14 49 7 2 -7 5 -18 -6 9 21 7 37 10 -14 20 -20 9 5 -41 3 -8 -1 7 -1 -6 35 18 7 -8 -32 5 -1 2 -9 30 34 3 -20 -20 7 20 25 27 -5 21
